transaction_id,user_id,transaction_date,username,email,age,subscription,region,city,store_id,product_category,sale_amount,price,status,raw_timestamp
130,1160,2026-01-01,whitneyjustin,derrickhale@example.org,48,Basic,South,Hyderabad,6,Electronics,3399.78,389.57,,1982-12-26 19:49:53
222,1121,2025-08-19,jonathan70,scott37@example.org,42,Basic,East,Chennai,20,Books,2110.99,1869.75,Pending,1993-12-14 00:30:06
227,1055,2026-03-29,dpeterson,martinezmichele@example.com,41,Premium,North,Bangalore,2,Electronics,4754.58,2982.99,Completed,1988-01-24 20:32:51
249,1051,2025-10-28,byrddeborah,maldonadotoni@example.org,20,Basic,West,Chennai,9,Electronics,3217.93,719.39,Completed,1973-03-24 00:16:21
265,1016,2026-05-22,rodriguezdaniel,jmorgan@example.com,58,Premium,West,Chennai,5,Groceries,3495.5,2024.14,Pending,1981-08-08 11:26:57
205,1199,2026-04-04,torreslori,gfleming@example.net,22,Premium,West,Hyderabad,10,Books,2068.42,1298.06,,2015-01-29 06:36:26
151,1016,2026-05-30,franklinkristin,mbuchanan@example.net,33,Basic,South,Mumbai,9,Clothing,2551.65,385.85,Completed,2005-06-12 02:07:05
8,1088,2025-12-31,amandasmith,cwarren@example.net,33,Basic,South,Hyderabad,1,Electronics,3446.14,1001.47,Pending,1978-09-25 17:31:16
33,1074,2025-11-22,crystalcooper,abaker@example.com,18,Basic,South,Delhi,14,Clothing,3891.8,2201.29,Completed,2025-01-14 07:10:02
45,1094,2025-11-01,stephen95,katrinawashington@example.org,21,Basic,West,Delhi,11,Clothing,975.32,2675.03,Pending,2015-02-04 13:41:09
75,1097,2025-09-19,briannapugh,romeroisaac@example.com,45,Basic,West,Delhi,14,Electronics,2807.92,359.58,Completed,2007-08-06 02:43:47
123,1045,2026-01-27,emiranda,wmiller@example.org,24,Premium,North,Hyderabad,10,Books,1269.13,2973.22,Pending,2010-12-26 22:21:31
216,1107,2025-08-04,christinamartin,ravenward@example.net,33,Premium,South,Mumbai,11,Books,761.15,1070.37,,2010-04-21 08:35:19
31,1187,2026-04-26,mary79,davidhodge@example.com,63,Basic,West,Delhi,2,Books,2771.52,652.34,Completed,2021-03-22 19:17:55
62,1083,2025-07-02,johnwhite,apatton@example.com,30,Premium,East,Delhi,5,Groceries,4002.73,150.03,Completed,2003-02-22 08:46:58
259,1052,2025-11-11,judy63,shannon10@example.net,40,Premium,West,Chennai,20,Books,3889.88,1257.74,Completed,1989-08-28 08:33:00
227,1088,2025-12-27,shawn00,brian42@example.org,47,Premium,North,Mumbai,9,Electronics,4672.65,1022.31,,2023-06-08 04:56:09
16,1166,2025-09-21,loriwright,jameswelch@example.com,45,Basic,North,Delhi,13,Groceries,3082.44,2947.32,Pending,2014-06-09 10:56:52
57,1063,2026-02-16,john10,gavin74@example.net,52,Premium,North,Mumbai,20,Clothing,3347.12,2243.38,,2021-04-16 22:48:40
107,1139,2026-03-18,tracy07,fuentestina@example.org,33,Premium,North,Delhi,16,Groceries,1705.37,756.7,Completed,2014-02-26 19:39:19
165,1057,2025-10-04,carrie21,jmcdaniel@example.com,54,Premium,North,Chennai,13,Groceries,1802.08,2564.31,,1997-08-13 21:50:59
251,1190,2025-10-18,pjohnson,chelsea98@example.org,57,Premium,North,Bangalore,1,Books,279.15,1379.53,Completed,1973-05-18 03:25:42
47,1060,2026-02-25,debra17,cuevasdaniel@example.com,26,Basic,North,Delhi,18,Electronics,4561.73,930.88,Completed,1980-03-21 23:45:20
19,1131,2025-10-13,mccallheather,gturner@example.org,29,Basic,East,Mumbai,12,Clothing,4704.05,680.92,Pending,2005-09-28 23:16:06
204,1161,2025-07-03,robertbaker,rgibbs@example.com,52,Premium,North,Bangalore,13,Groceries,4177.83,2662.06,Completed,1970-07-09 23:05:49
232,1147,2026-03-26,amanda61,nicholasgutierrez@example.org,40,Basic,North,Delhi,7,Electronics,3293.11,1629.51,Completed,2016-02-27 09:37:31
31,1065,2025-07-20,jacksonbrian,dawn87@example.org,19,Basic,East,Delhi,7,Electronics,4956.33,1503.42,Completed,1976-08-06 07:11:47
250,1149,2025-10-28,ireed,hodgekatherine@example.net,52,Premium,North,Chennai,3,Clothing,4393.22,1414.9,Completed,2000-12-13 16:31:38
119,1178,2026-05-22,sarah60,cheyenne33@example.net,52,Basic,South,Bangalore,6,Clothing,1392.3,490.04,Pending,2009-08-25 12:39:08
238,1061,2025-10-03,uwoods,michaelbuchanan@example.org,60,Basic,South,Chennai,17,Books,3530.34,2050.15,Completed,1978-08-09 11:18:44
122,1113,2026-02-15,cathy95,vbrown@example.org,56,Basic,East,Chennai,9,Electronics,2656.73,375.94,Completed,1989-01-03 02:10:12
95,1143,2025-08-22,joshuacarney,denise88@example.org,22,Premium,South,Bangalore,14,Groceries,2168.35,1400.21,Completed,1971-12-18 12:13:16
104,1041,2025-07-27,julie43,adrianamcdonald@example.com,16,Premium,West,Delhi,4,Groceries,4776.99,1266.49,Pending,1997-07-22 17:59:59
16,1199,2026-06-15,xcurtis,griffinjessica@example.org,64,Basic,North,Hyderabad,19,Electronics,4841.96,1633.23,Pending,1991-05-03 18:11:09
199,1084,2026-01-25,ebennett,yvonnerobinson@example.com,60,Premium,East,Mumbai,9,Clothing,3762.05,679.18,,1975-12-29 07:31:22
212,1089,2025-07-22,emilyduncan,lisascott@example.org,32,Basic,South,Hyderabad,15,Books,4219.21,2165.25,Pending,2019-07-08 08:59:51
246,1129,2026-04-22,psims,christopherkrause@example.net,35,Premium,West,Bangalore,3,Clothing,3683.57,2699.34,Pending,2005-06-07 03:40:19
20,1186,2026-01-12,david73,ireeves@example.com,16,Premium,North,Delhi,7,Clothing,545.05,2599.31,Pending,1995-11-15 11:00:27
120,1045,2026-02-18,brownbenjamin,wbrandt@example.org,26,Basic,West,Chennai,2,Electronics,4135.4,2484.43,,2003-01-15 10:46:13
173,1131,2025-07-23,jeremy85,adamhill@example.net,50,Premium,West,Hyderabad,19,Books,137.15,872.23,Completed,2003-02-26 04:24:41
158,1054,2025-12-02,williamsmichael,troyrogers@example.com,47,Basic,North,Mumbai,1,Groceries,1595.19,685.44,Completed,1974-03-24 00:31:01
122,1096,2026-04-30,abigail77,michaellawrence@example.org,59,Premium,North,Chennai,12,Books,3068.16,2153.45,Pending,2003-07-06 09:47:04
201,1017,2026-02-05,edwinriggs,stephanie11@example.com,53,Premium,North,Chennai,13,Groceries,3333.28,2097.46,Pending,2022-09-12 22:37:37
131,1116,2025-07-30,schneidermark,johncameron@example.org,58,Basic,North,Delhi,6,Groceries,3634.53,1441.78,Completed,1979-08-29 12:37:48
136,1012,2026-01-09,johnsonjeffrey,brownjoann@example.org,49,Premium,East,Bangalore,5,Groceries,4804.38,2545.88,,1989-02-25 04:04:40
31,1177,2026-03-15,erin04,susanhardin@example.net,38,Premium,South,Delhi,17,Books,4458.0,1000.26,,1991-03-26 01:19:26
174,1066,2026-04-16,kross,annamcgee@example.com,60,Premium,South,Chennai,4,Clothing,253.68,2213.87,Pending,1987-02-13 20:51:08
35,1168,2025-10-23,hahnmarissa,bianca00@example.org,48,Premium,South,Delhi,19,Electronics,4042.04,448.4,,1991-01-21 08:58:51
8,1100,2025-10-08,joditurner,aliciasosa@example.org,52,Premium,West,Chennai,7,Electronics,288.57,2324.07,Completed,2021-12-18 07:17:54
292,1017,2025-07-07,jamesmartinez,linda69@example.com,30,Basic,East,Mumbai,10,Groceries,1362.61,1038.24,Completed,1987-06-25 14:22:08
175,1030,2026-06-11,ryanjohnson,brittanybates@example.com,47,Premium,East,Chennai,4,Books,4895.45,519.51,Pending,2008-11-12 20:24:05
247,1001,2026-06-21,cynthia93,jimenezsteven@example.com,61,Premium,West,Bangalore,11,Groceries,4259.05,1539.52,Completed,1987-02-03 16:05:22
44,1153,2025-08-23,hdouglas,uwallace@example.com,60,Premium,South,Hyderabad,12,Clothing,2804.24,976.39,,1972-05-11 19:59:44
77,1189,2025-09-08,alexandermary,wjohnson@example.org,47,Basic,North,Chennai,20,Groceries,4668.78,933.87,Pending,2016-10-30 15:23:11
35,1175,2025-09-09,charlesunderwood,maryhorn@example.net,62,Premium,West,Bangalore,2,Electronics,2077.96,532.32,,2013-05-30 15:35:57
186,1177,2026-04-28,ryanabbott,kaylakline@example.org,51,Premium,East,Chennai,17,Clothing,1486.88,2715.51,Pending,1993-05-10 20:30:08
155,1140,2026-03-28,carterjoseph,brianabarnett@example.org,63,Basic,East,Hyderabad,11,Electronics,1668.56,2460.89,Completed,1990-08-31 20:43:17
40,1185,2025-09-22,matthewjohnson,ritamacias@example.com,34,Premium,South,Bangalore,1,Books,1397.23,339.08,Completed,1970-11-09 10:06:17
265,1007,2026-01-30,mscott,karinabarajas@example.com,20,Basic,North,Hyderabad,11,Clothing,2152.87,1279.07,Pending,1979-10-12 11:10:46
59,1103,2025-12-12,michelle31,gerald49@example.net,19,Premium,North,Chennai,15,Groceries,4267.24,2832.94,Completed,2016-09-04 11:24:09
87,1067,2025-09-03,rosegary,philliphernandez@example.com,34,Premium,West,Mumbai,2,Clothing,1377.4,2162.79,Completed,1987-07-08 08:20:59
57,1021,2025-10-24,mlewis,aleach@example.net,65,Basic,North,Delhi,17,Books,989.45,1575.23,Completed,1998-08-15 00:04:13
65,1172,2026-06-07,mooremegan,joshua95@example.com,35,Premium,East,Chennai,20,Clothing,949.39,309.27,,1988-02-09 13:39:14
187,1180,2025-09-09,patricia01,caleb96@example.net,53,Premium,South,Delhi,5,Clothing,3484.74,1286.88,,1974-08-16 13:08:56
23,1101,2026-03-04,morrischarles,jeffscott@example.org,55,Basic,East,Hyderabad,15,Books,2024.48,1569.8,,1981-06-12 14:41:20
289,1077,2026-06-19,timothywright,ryan35@example.com,54,Premium,South,Hyderabad,20,Clothing,1104.97,866.34,,1979-09-14 19:20:07
179,1057,2026-06-20,asanford,jessebailey@example.net,43,Basic,North,Chennai,20,Clothing,4178.15,2870.04,,2012-08-28 23:21:22
81,1155,2026-01-10,kbender,manuelbrown@example.net,63,Basic,West,Mumbai,13,Groceries,2319.88,514.6,Pending,2022-08-10 10:44:58
21,1090,2026-01-25,gonzalesdwayne,kellyscott@example.com,34,Premium,South,Bangalore,9,Groceries,3318.37,1205.67,,1989-05-10 14:57:45
285,1088,2025-10-18,holmesmichael,fpope@example.org,43,Premium,West,Chennai,12,Clothing,2633.28,1891.17,,2018-02-23 16:38:55
121,1051,2025-10-10,alvaradolinda,john16@example.net,39,Premium,West,Mumbai,13,Books,1248.85,1499.14,Completed,2013-03-10 22:40:07
56,1019,2026-02-02,qdaniels,davidwatson@example.com,61,Premium,East,Mumbai,18,Clothing,2787.2,2522.52,Pending,1980-11-08 18:37:29
89,1075,2025-07-27,harrismichelle,destiny56@example.org,52,Basic,South,Chennai,15,Groceries,3110.91,498.43,Completed,1995-03-23 04:58:27
75,1179,2026-02-09,angela61,jacobskinner@example.net,63,Premium,North,Delhi,4,Electronics,1683.78,100.06,,1984-03-10 15:06:45
96,1032,2025-07-04,abigail05,austin99@example.org,57,Premium,South,Chennai,18,Clothing,3974.95,1954.17,Completed,1990-09-25 05:29:13
55,1046,2026-05-25,katelyncook,rwalton@example.net,60,Premium,South,Delhi,19,Electronics,1491.93,2213.81,Completed,1975-04-23 16:10:44
221,1099,2025-06-27,johnsonregina,dianapoole@example.net,35,Basic,North,Hyderabad,14,Groceries,4640.24,414.85,Completed,2025-01-02 20:45:20
270,1076,2025-12-25,joseph03,rodneyhunter@example.org,22,Premium,South,Mumbai,18,Books,4771.38,1658.01,,2001-05-21 18:56:21
209,1142,2026-03-20,wallacerussell,nathanielwells@example.net,64,Basic,East,Chennai,3,Electronics,494.47,1787.03,Completed,2023-12-13 18:45:00
115,1095,2026-05-23,dcampos,bpowell@example.com,40,Premium,South,Mumbai,17,Electronics,2171.93,1159.16,Pending,1984-04-07 10:53:36
107,1185,2026-01-31,carmenbowers,tracyfoster@example.net,56,Premium,North,Delhi,20,Clothing,4646.02,2364.0,,2003-07-09 08:31:08
283,1031,2025-07-30,jeffreyhernandez,tiffany91@example.com,29,Basic,East,Bangalore,11,Books,4979.82,2405.56,,1998-03-29 07:24:50
275,1153,2026-01-30,jeffrey26,alyssashaw@example.com,46,Premium,North,Hyderabad,14,Groceries,256.58,2929.49,Completed,1988-10-16 18:43:21
201,1176,2026-03-31,katherineroberts,ycunningham@example.org,33,Basic,West,Delhi,17,Books,1836.28,2272.55,,1984-09-04 01:47:32
204,1084,2025-08-03,nathan02,bernardmichael@example.com,64,Basic,West,Chennai,11,Electronics,3030.12,1669.91,Pending,1974-11-13 12:04:07
36,1009,2025-10-29,leejessica,watkinsnancy@example.net,16,Premium,South,Chennai,17,Books,2459.9,2317.94,Pending,2020-07-10 18:38:40
172,1005,2026-04-28,wdavis,mary15@example.org,15,Basic,West,Chennai,13,Books,3270.21,1859.1,Completed,2015-07-21 19:16:04
207,1014,2025-08-11,kellyadams,todd18@example.org,21,Premium,South,Chennai,6,Books,1003.24,93.69,Pending,2022-09-14 20:39:45
298,1192,2026-01-17,abecker,jgonzalez@example.org,29,Basic,South,Hyderabad,5,Books,3254.5,2137.22,,1999-06-25 02:47:10
67,1002,2026-01-15,garnerjennifer,monicaorozco@example.com,50,Basic,South,Hyderabad,1,Groceries,2459.61,2700.93,,2004-01-13 16:48:52
172,1102,2026-01-23,jamieadams,emily13@example.com,21,Premium,North,Hyderabad,13,Groceries,3070.32,1813.71,Pending,1987-04-29 06:34:23
45,1062,2025-07-31,matthew76,izamora@example.net,19,Premium,West,Mumbai,19,Clothing,244.42,1624.55,Pending,1985-09-18 17:57:28
230,1103,2026-03-11,jamie59,jasonblair@example.org,25,Basic,North,Hyderabad,8,Groceries,2650.68,678.68,Completed,1991-10-21 15:02:29
16,1058,2025-08-05,gary50,brent05@example.org,53,Premium,East,Chennai,1,Clothing,1778.92,2762.92,Pending,1978-03-22 09:05:23
41,1097,2026-05-14,stevensjoy,cooperselena@example.org,28,Premium,West,Mumbai,2,Books,151.79,2145.18,Completed,2017-06-14 02:01:45
221,1127,2025-08-31,bonnie66,davidmccall@example.com,63,Premium,South,Mumbai,20,Groceries,425.88,196.58,,1971-01-25 17:47:42
131,1020,2025-08-28,walkertoni,ftaylor@example.net,54,Basic,North,Chennai,4,Electronics,4492.59,1343.27,Completed,2016-08-28 01:14:54
173,1073,2025-07-16,austingonzales,matthewskathleen@example.com,48,Basic,West,Chennai,18,Books,4364.93,2118.69,Pending,1984-03-26 07:16:27
66,1162,2025-07-09,derrickhancock,kedwards@example.com,16,Premium,North,Bangalore,3,Groceries,3599.53,635.9,Pending,2019-02-21 20:29:10
233,1146,2026-06-22,sharonwallace,jennifer54@example.org,34,Premium,South,Delhi,1,Electronics,2617.61,146.2,,2021-04-12 14:38:39
202,1038,2025-10-31,harold56,megan95@example.com,43,Premium,South,Chennai,10,Groceries,102.96,2827.94,Pending,1989-01-02 08:04:57
102,1081,2025-10-18,salazaraustin,warnermiguel@example.org,28,Premium,North,Mumbai,4,Groceries,2789.97,987.25,,1976-11-03 06:41:01
140,1047,2025-09-08,cartersonya,julie97@example.net,50,Premium,West,Bangalore,16,Electronics,900.85,1211.31,Completed,1987-11-18 06:13:12
58,1050,2025-07-19,danielclarke,mirandachristine@example.com,44,Premium,North,Mumbai,15,Groceries,1100.57,1297.35,Pending,1984-06-04 07:19:41
210,1163,2026-01-10,johnjones,garciajohn@example.com,51,Premium,East,Bangalore,7,Clothing,200.68,2200.4,,2014-05-24 14:34:33
25,1131,2026-04-07,josephhopkins,mathisderrick@example.net,53,Basic,East,Chennai,20,Books,1984.58,2396.51,,1971-01-12 09:22:56
300,1006,2025-08-21,matthewburgess,bridgetsherman@example.net,55,Premium,East,Hyderabad,20,Clothing,2973.91,458.04,,1995-06-17 17:21:06
42,1103,2025-07-07,alexandra40,brownwilliam@example.com,26,Premium,South,Chennai,8,Clothing,3844.53,403.88,Completed,2009-02-21 11:21:47
158,1145,2025-07-11,acraig,ograham@example.com,58,Basic,East,Hyderabad,20,Books,412.99,1355.77,,1995-08-03 10:41:24
2,1111,2026-05-09,zwatson,jacob35@example.org,20,Premium,North,Hyderabad,10,Electronics,3810.62,1907.23,Completed,2021-12-22 15:55:07
37,1002,2025-09-24,jacobmays,krobinson@example.net,35,Premium,North,Bangalore,13,Clothing,3201.2,2954.71,Pending,2006-04-14 08:37:39
178,1026,2025-08-13,ritterandrew,mereditholiver@example.com,61,Premium,West,Bangalore,20,Clothing,4352.91,170.6,,2002-04-14 16:59:29
138,1183,2026-05-18,apierce,brian84@example.org,48,Premium,South,Hyderabad,7,Clothing,1120.39,2397.23,,1977-08-16 18:44:49
64,1186,2025-12-14,john01,thomasjohn@example.com,18,Basic,West,Delhi,13,Electronics,4494.72,2332.36,,2002-08-31 21:18:17
217,1008,2026-04-23,mckenziedavid,nberger@example.com,17,Basic,North,Mumbai,3,Clothing,904.71,2603.01,Pending,1991-05-24 20:38:39
223,1176,2026-06-21,nathangray,elizabeth92@example.org,65,Premium,East,Delhi,5,Books,3081.09,1740.83,Pending,2001-06-26 00:41:39
208,1021,2026-03-11,petersalexander,ernestsutton@example.net,28,Premium,East,Chennai,15,Electronics,2902.61,763.58,Pending,1999-06-02 18:16:52
251,1025,2026-01-08,cparks,ariana64@example.org,53,Basic,North,Delhi,3,Electronics,1292.58,1427.95,,2009-08-19 08:03:40
128,1090,2026-01-04,dennis15,michael61@example.net,48,Basic,North,Hyderabad,2,Books,2979.32,2541.11,Completed,1985-06-19 16:04:44
282,1092,2026-05-02,nancy81,adam34@example.org,29,Premium,South,Bangalore,2,Books,4244.98,2127.06,Completed,1971-09-05 07:34:46
109,1165,2025-11-02,tarakaiser,david24@example.net,39,Premium,East,Delhi,9,Books,567.47,432.25,Pending,2009-06-16 00:23:54
292,1071,2025-11-10,fhansen,iswanson@example.org,57,Basic,East,Mumbai,9,Books,3458.42,2347.53,,2024-02-18 07:24:32
193,1088,2025-11-29,kduarte,josephhorton@example.net,46,Basic,South,Chennai,11,Clothing,1842.59,2641.76,Pending,1983-03-12 01:19:52
223,1018,2025-09-19,kimberlyking,fpeck@example.com,32,Basic,West,Delhi,4,Clothing,4266.8,2280.56,Pending,2006-03-01 17:11:12
81,1188,2026-01-23,lwoods,matthew11@example.com,52,Basic,North,Chennai,12,Electronics,3174.98,2234.33,Completed,2020-03-25 11:26:08
215,1135,2025-08-13,wsalas,david01@example.com,21,Basic,East,Mumbai,9,Books,1731.91,1535.11,Completed,1970-01-31 21:47:12
118,1096,2026-02-26,parsonsalexandra,adamsdesiree@example.net,38,Premium,East,Bangalore,20,Clothing,696.42,2570.55,,1976-04-11 23:24:46
1,1151,2025-11-29,andrewmathis,charlesweiss@example.net,22,Premium,South,Mumbai,10,Electronics,3322.55,1892.66,Pending,2021-07-08 22:43:39
278,1200,2025-07-19,dmiller,denise07@example.org,43,Basic,South,Chennai,16,Electronics,705.19,731.64,Pending,2010-08-24 04:45:05
154,1165,2026-03-25,loriharris,kimberly94@example.net,65,Premium,North,Chennai,13,Books,4969.73,1672.15,Completed,1993-03-11 02:18:49
154,1031,2026-05-01,xfreeman,urodriguez@example.org,22,Premium,South,Hyderabad,10,Electronics,4031.63,2327.48,,2002-08-27 00:14:19
296,1163,2026-06-17,rachelmendez,piercewilliam@example.net,26,Basic,North,Bangalore,9,Groceries,4164.79,2710.3,Completed,2015-06-16 22:47:44
166,1054,2025-07-17,rickyhopkins,uanderson@example.com,41,Basic,West,Mumbai,20,Books,271.46,314.29,Completed,2006-05-01 00:41:19
143,1112,2026-04-09,lancehudson,danielwilliams@example.net,41,Basic,South,Hyderabad,17,Books,2836.27,545.65,Completed,1985-07-18 13:13:17
153,1173,2025-08-15,mmorris,fritzcheyenne@example.org,42,Basic,South,Delhi,13,Electronics,2571.82,2295.27,Completed,2007-08-14 18:19:44
155,1192,2025-11-26,maryroberts,robertadkins@example.org,17,Premium,North,Chennai,6,Books,3429.06,2632.76,Completed,2005-01-30 13:33:46
92,1176,2026-06-22,fsanchez,johnsonadam@example.com,20,Premium,East,Bangalore,4,Books,3605.28,1419.41,,2011-09-08 21:04:32
28,1045,2025-12-25,michelle65,hherring@example.net,29,Premium,East,Mumbai,10,Clothing,1987.27,1729.64,,1970-03-23 23:40:46
163,1183,2025-10-15,lloydemily,ronaldgonzalez@example.com,21,Premium,West,Delhi,7,Books,508.6,138.43,Pending,1994-10-08 11:13:49
22,1133,2026-05-17,nelsonbrandon,amberwang@example.net,33,Basic,North,Delhi,14,Groceries,3066.32,1015.83,Pending,1972-12-15 19:21:02
9,1120,2026-04-19,larsonrobin,joshua05@example.net,26,Basic,East,Delhi,11,Electronics,3316.71,2087.47,Completed,2025-09-16 11:46:05
283,1032,2025-09-04,preid,jennifer59@example.com,30,Premium,North,Chennai,7,Groceries,3590.51,2386.44,,1983-07-23 20:48:50
100,1026,2025-11-24,millernicole,deckerrenee@example.org,19,Premium,West,Bangalore,12,Groceries,4690.31,1932.31,,2021-08-23 16:25:41
143,1158,2025-11-12,ericbradley,garciaemma@example.org,44,Premium,North,Bangalore,2,Clothing,2588.19,2423.03,,2025-06-18 19:19:41
298,1052,2025-11-24,lindajimenez,raydaniel@example.net,57,Basic,West,Hyderabad,18,Groceries,383.85,1745.29,,1982-01-03 15:49:06
96,1151,2025-08-07,jessicasmith,williamscrystal@example.com,21,Basic,South,Chennai,14,Groceries,3962.28,685.33,Completed,2002-11-18 18:00:14
20,1016,2025-07-03,rileychristine,curryfrancisco@example.com,20,Premium,East,Mumbai,10,Electronics,4627.72,1502.29,,2007-09-23 12:32:43
171,1085,2025-07-04,milleramanda,danielclay@example.net,56,Premium,West,Mumbai,14,Books,4254.26,365.21,,2008-05-14 16:55:37
167,1099,2026-01-12,gdiaz,singhphillip@example.org,62,Premium,South,Hyderabad,8,Books,2911.7,2130.88,Pending,2009-04-08 08:52:45
157,1017,2025-07-20,qrobles,pamela15@example.com,38,Basic,South,Bangalore,10,Clothing,1320.57,1372.41,Completed,1996-04-27 01:53:24
233,1096,2025-11-05,josephjimenez,gaguilar@example.com,19,Premium,West,Mumbai,4,Groceries,482.39,1745.68,Pending,2014-11-05 17:58:24
274,1120,2025-09-24,juliakelley,vmoore@example.com,61,Premium,East,Delhi,19,Clothing,4251.64,2107.1,,1979-08-23 06:02:24
138,1003,2025-06-29,leslie69,ifrazier@example.org,51,Basic,East,Mumbai,17,Clothing,2765.89,2287.59,Pending,2002-11-25 05:42:20
220,1107,2025-11-11,kdowns,greenkaren@example.org,49,Premium,East,Mumbai,7,Electronics,2972.46,235.99,Completed,2007-06-01 21:40:24
233,1188,2025-12-27,valerierobles,brooke36@example.org,17,Basic,North,Bangalore,20,Groceries,3130.59,2037.06,Completed,1986-07-18 10:59:10
118,1195,2026-01-15,paulrichard,michaelsmith@example.org,48,Premium,South,Chennai,10,Books,1885.72,2533.1,,1981-08-20 20:48:46
93,1062,2026-03-01,jennifer82,erin06@example.org,31,Premium,South,Hyderabad,4,Groceries,4222.14,1525.34,Completed,1992-02-03 13:47:59
116,1162,2025-11-19,ddean,ucook@example.net,39,Premium,South,Hyderabad,10,Groceries,2145.32,363.76,,2003-03-20 15:40:38
138,1127,2026-06-16,stevenmorales,carol46@example.com,55,Premium,South,Chennai,11,Clothing,2703.69,979.18,Pending,1979-03-13 20:52:17
60,1135,2026-02-05,alicia29,goodmanlindsey@example.org,16,Premium,South,Chennai,19,Books,824.05,2006.58,Completed,1996-03-05 11:35:33
32,1116,2026-01-06,nicole01,oraymond@example.net,20,Basic,South,Chennai,9,Clothing,1152.31,1853.09,,2001-08-17 18:56:44
283,1052,2026-06-06,patricia69,jeffrey83@example.com,28,Premium,North,Chennai,9,Clothing,3057.99,2303.53,Pending,1988-08-06 23:47:50
261,1075,2026-03-22,ylara,torreskimberly@example.org,30,Basic,North,Mumbai,15,Books,3124.24,2398.95,,1994-09-24 10:37:45
212,1045,2026-06-18,annahenry,pagejohn@example.net,57,Premium,East,Delhi,5,Books,3443.53,1656.17,Completed,1974-01-28 01:25:57
60,1133,2026-04-15,morgan81,donnagonzalez@example.org,17,Premium,South,Chennai,3,Electronics,4998.49,2308.13,Pending,2020-10-17 03:22:46
252,1199,2026-03-04,amy13,christinacummings@example.org,27,Premium,South,Hyderabad,18,Electronics,2926.89,2341.82,Pending,2019-05-22 05:53:20
252,1065,2026-03-24,anthony96,annwood@example.com,42,Premium,North,Delhi,13,Clothing,1165.24,1912.67,,2018-10-18 14:24:36
209,1176,2026-05-27,ashleyshields,jstewart@example.com,47,Premium,West,Hyderabad,9,Clothing,2233.07,1590.93,Pending,1983-12-10 18:16:22
152,1102,2026-05-04,merrittphilip,gabriella93@example.net,19,Premium,South,Hyderabad,13,Clothing,1922.99,2392.61,,1991-01-15 14:09:14
156,1001,2026-01-31,lhurst,wkirby@example.org,61,Premium,East,Mumbai,17,Groceries,4204.89,2841.78,Completed,2023-07-29 07:14:17
236,1090,2025-11-24,contrerasmegan,dawn62@example.com,44,Premium,West,Delhi,3,Electronics,4857.56,2970.34,,1979-08-05 21:06:06
287,1040,2025-08-27,travis37,rickmoreno@example.org,41,Premium,South,Mumbai,19,Groceries,4394.2,2598.01,Completed,2018-10-27 08:11:20
102,1107,2026-04-13,qcarter,mercadodavid@example.net,64,Premium,North,Mumbai,11,Clothing,2169.58,717.79,Pending,2007-06-25 17:02:42
202,1043,2025-07-09,rwilliams,lvazquez@example.org,33,Basic,North,Hyderabad,5,Electronics,3871.56,1971.55,Pending,1986-04-06 19:02:16
267,1195,2026-01-30,stacyreid,stephen01@example.net,65,Premium,West,Hyderabad,19,Books,3731.24,2219.28,Completed,2025-12-21 14:39:56
4,1155,2025-10-11,gary77,fbecker@example.com,54,Premium,East,Hyderabad,14,Groceries,1504.79,726.39,Pending,1987-11-14 06:29:11
194,1154,2026-02-04,paige85,miakhan@example.org,47,Premium,North,Hyderabad,7,Groceries,4054.62,1689.14,,2016-03-24 13:10:32
41,1015,2026-04-14,romerojohn,courtney43@example.org,60,Basic,North,Chennai,7,Groceries,2700.52,2676.43,Completed,2022-08-06 23:21:59
50,1015,2026-01-25,pscott,jenningsbrian@example.org,39,Basic,North,Hyderabad,5,Electronics,695.09,2471.31,Completed,2013-05-19 00:34:17
1,1079,2025-10-26,louis34,cruzjustin@example.net,26,Premium,South,Delhi,8,Clothing,4771.54,1120.19,Completed,2007-01-07 22:49:34
251,1140,2026-06-06,brianfisher,hobbsedward@example.org,49,Premium,South,Mumbai,20,Electronics,519.81,2660.03,Pending,1999-10-24 04:27:09
138,1090,2026-05-25,awilliams,jennabutler@example.com,53,Premium,West,Hyderabad,14,Clothing,3972.4,138.51,Pending,1995-10-15 08:34:49
61,1016,2025-11-15,ncampbell,ncarroll@example.org,44,Premium,West,Hyderabad,14,Clothing,2523.39,674.38,,2017-06-13 21:08:57
280,1194,2026-04-04,kyle39,mmcneil@example.org,55,Premium,East,Mumbai,6,Clothing,4034.36,578.44,Pending,2013-03-13 11:25:42
71,1182,2026-03-13,mwilliams,pagejerry@example.org,30,Basic,West,Delhi,19,Groceries,3144.65,844.78,Pending,2023-04-23 00:00:21
75,1014,2026-03-14,bianca37,christopher07@example.com,45,Basic,West,Chennai,20,Electronics,3389.18,2696.51,Completed,1997-08-02 05:05:02
156,1081,2026-03-10,vasquezgeorge,melinda02@example.org,60,Premium,East,Mumbai,14,Electronics,425.11,2515.41,Completed,2010-04-08 18:06:19
260,1076,2025-06-30,xdowns,douglasburton@example.com,40,Premium,West,Hyderabad,16,Clothing,4868.37,2299.57,,1982-11-15 19:41:05
212,1120,2026-01-17,rhonda93,petersonjasmine@example.net,56,Basic,North,Delhi,13,Groceries,4752.15,2667.53,,2004-03-27 11:25:28
18,1145,2025-07-06,michellenorman,brendashaw@example.com,39,Basic,East,Chennai,11,Electronics,1079.57,100.75,,2002-05-20 18:52:06
168,1182,2026-03-13,sanderson,brennanmaria@example.com,61,Basic,South,Mumbai,4,Groceries,2744.42,931.55,Pending,2019-02-15 06:25:10
112,1163,2025-09-30,kristinwatson,jacobhunter@example.com,55,Premium,North,Delhi,18,Clothing,1136.15,1707.05,Completed,2001-02-23 22:45:00
17,1006,2025-12-07,lewisscott,jamescampbell@example.org,29,Basic,East,Delhi,1,Groceries,120.07,733.31,,2006-09-30 01:37:34
121,1191,2025-07-19,dmathis,danielboyer@example.org,53,Premium,North,Chennai,2,Electronics,2941.89,1284.22,Completed,1985-08-09 15:56:46
210,1097,2025-09-16,oneilldakota,josephrichard@example.org,58,Premium,North,Bangalore,1,Electronics,1835.06,2442.65,Pending,2025-02-04 11:22:23
269,1104,2026-03-21,sally80,alowery@example.org,45,Basic,North,Bangalore,13,Groceries,1262.52,1341.04,Pending,1983-08-01 23:11:58
259,1102,2025-10-15,gonzalesvalerie,rhonda84@example.net,48,Basic,North,Delhi,14,Books,337.93,833.24,Pending,2020-08-20 17:11:47
187,1030,2026-04-22,davidhicks,qclements@example.net,45,Premium,West,Delhi,12,Groceries,2647.64,398.36,Pending,2007-05-09 07:31:31
150,1122,2026-02-09,lgonzalez,jay41@example.com,25,Premium,West,Delhi,10,Electronics,2708.62,2624.87,Pending,2020-07-29 02:42:38
229,1195,2025-08-03,molinajustin,hrivas@example.com,32,Basic,East,Chennai,3,Groceries,1970.93,341.45,Pending,1998-10-28 09:47:54
190,1100,2025-07-07,karen60,timhale@example.net,46,Premium,South,Delhi,9,Clothing,3192.39,76.86,,1997-06-29 11:46:26
266,1131,2026-06-24,richardsmith,gravesmichael@example.org,26,Basic,East,Bangalore,1,Books,1383.68,104.7,Completed,1986-03-22 03:23:26
55,1157,2026-05-17,markbrowning,christiansmith@example.com,39,Premium,South,Hyderabad,6,Books,1382.21,938.77,,2016-10-02 21:28:34
174,1033,2026-04-16,michaellee,cmitchell@example.org,57,Premium,North,Bangalore,16,Books,3288.54,2391.8,,2000-12-23 13:13:09
295,1018,2025-09-28,kristie05,johnnyfrank@example.com,28,Premium,North,Mumbai,16,Books,1067.25,2830.14,,2018-11-19 04:57:40
199,1029,2025-12-03,jasonflores,kochalex@example.com,56,Basic,South,Delhi,7,Groceries,2042.16,1211.82,Pending,2011-03-16 12:20:18
253,1138,2025-12-08,brandon72,kristin02@example.net,29,Basic,North,Delhi,17,Electronics,3063.12,1296.57,Pending,1991-04-28 14:50:34
153,1143,2025-07-02,jamesblack,joneswhitney@example.org,26,Premium,South,Chennai,17,Electronics,3481.4,103.41,Completed,1983-02-19 06:08:54
113,1061,2026-03-17,joshuamclaughlin,fzamora@example.net,46,Basic,South,Delhi,13,Electronics,419.49,2179.54,Pending,1978-02-18 07:19:46
214,1041,2025-12-26,stacygilbert,matthewbrown@example.com,64,Basic,East,Chennai,5,Books,276.87,1645.56,Pending,2024-04-16 01:11:12
94,1123,2026-02-15,michael01,qdavidson@example.org,16,Premium,North,Chennai,8,Books,956.49,2121.06,Completed,2018-08-06 15:27:28
277,1094,2026-03-11,regina44,cstone@example.net,63,Basic,West,Bangalore,14,Books,4474.39,2091.83,Completed,2014-12-31 09:39:40
90,1138,2026-01-05,lucas16,awilliams@example.org,19,Premium,North,Delhi,15,Clothing,3688.98,2762.89,Completed,1973-04-10 04:34:33
146,1164,2026-04-30,fullerdanielle,sarah75@example.org,61,Basic,North,Chennai,1,Clothing,742.3,700.54,Completed,2008-06-10 05:44:58
24,1154,2026-01-01,ijones,samuelbell@example.net,18,Basic,North,Chennai,20,Electronics,1941.09,751.83,Pending,1994-07-10 20:13:33
72,1014,2025-08-21,gonzalezjulie,david24@example.net,18,Premium,West,Hyderabad,1,Electronics,1103.8,187.13,Pending,1990-12-27 06:09:38
149,1103,2025-08-19,jonescandice,tcastillo@example.com,38,Basic,East,Bangalore,10,Clothing,4771.78,2024.83,Pending,2024-02-06 09:39:33
40,1096,2025-07-18,emilyduke,kelly51@example.net,63,Premium,West,Mumbai,2,Books,2896.88,775.86,Completed,2025-02-27 04:48:38
236,1079,2026-01-09,gonzalezsamuel,john70@example.com,48,Basic,West,Delhi,1,Groceries,4329.88,2025.68,Pending,2017-11-28 16:54:36
262,1071,2025-08-27,roblesglen,matthew69@example.org,27,Premium,East,Mumbai,17,Electronics,4441.5,972.28,,2005-07-09 08:28:07
229,1053,2025-11-17,karengarcia,ashleyhenson@example.org,25,Premium,North,Mumbai,11,Electronics,3221.07,2964.33,Pending,1975-09-24 14:46:28
213,1050,2026-02-26,brownjeffrey,susanmartin@example.net,39,Premium,East,Hyderabad,13,Electronics,2807.71,658.41,Completed,2012-03-14 10:02:59
25,1103,2025-06-27,tjohnston,xfletcher@example.org,32,Basic,East,Hyderabad,5,Clothing,1843.5,2734.65,,1980-02-23 03:27:37
246,1055,2025-09-11,rjackson,travisharris@example.org,24,Premium,East,Mumbai,9,Books,3220.8,2392.71,,2017-01-19 01:03:17
269,1115,2026-03-05,rebeccahampton,evillarreal@example.net,30,Basic,South,Delhi,6,Books,2694.77,1401.99,Completed,1973-08-29 23:16:18
43,1121,2025-12-27,stacy78,skinnerana@example.org,56,Basic,North,Mumbai,18,Electronics,1851.99,538.86,Pending,1983-02-06 08:50:05
95,1054,2026-04-16,kellydelgado,sarahaguilar@example.com,35,Premium,West,Bangalore,10,Groceries,2093.91,211.58,Completed,1983-05-31 19:09:30
48,1013,2025-07-26,davisjessica,jjohnson@example.com,24,Premium,South,Bangalore,20,Groceries,3906.52,821.61,,1993-04-14 18:24:28
275,1137,2026-04-30,moorekelsey,marylopez@example.org,39,Basic,West,Chennai,8,Books,1953.39,451.96,,1984-12-15 21:23:08
252,1023,2026-04-23,esmith,sgutierrez@example.net,56,Premium,North,Chennai,10,Electronics,4456.83,2306.24,Completed,2005-04-21 15:59:42
93,1159,2025-07-25,victoria00,carlos04@example.net,23,Premium,South,Hyderabad,16,Books,3926.68,1893.12,,1997-11-11 17:58:31
89,1081,2025-10-08,charles88,johnchandler@example.com,24,Premium,East,Bangalore,17,Books,4146.03,1558.54,Completed,2009-04-10 23:18:33
224,1095,2026-03-16,stewartstephen,kempmichael@example.net,64,Premium,South,Hyderabad,10,Electronics,1912.42,844.31,Completed,2020-06-03 18:47:28
245,1030,2026-04-18,rebeccaflowers,christine24@example.org,17,Basic,South,Mumbai,19,Electronics,1232.57,2542.85,Completed,1986-12-29 01:13:27
70,1123,2026-05-05,jayrodriguez,monicaabbott@example.com,33,Premium,West,Delhi,16,Clothing,1352.99,648.83,Pending,2008-11-12 03:59:16
201,1055,2026-05-20,jenniferbeltran,njefferson@example.net,37,Premium,North,Chennai,18,Books,152.36,660.91,,2020-11-04 01:00:20
175,1108,2026-06-01,edwardvasquez,maryguzman@example.net,62,Premium,East,Bangalore,4,Groceries,1950.24,1914.64,Completed,2018-11-27 23:30:11
249,1124,2025-11-04,donaldcollins,melissa94@example.com,34,Premium,West,Bangalore,11,Clothing,2599.31,2654.92,Pending,1972-05-22 08:09:49
294,1108,2026-05-30,ariel22,gavery@example.com,34,Premium,North,Hyderabad,15,Groceries,264.93,1387.49,Completed,2025-05-14 17:11:53
107,1178,2026-01-25,ronaldtaylor,wilkinsondiane@example.net,34,Basic,East,Chennai,20,Groceries,3062.71,2555.04,Pending,1993-11-03 09:03:55
60,1112,2025-07-07,thomaswilliam,james66@example.org,20,Basic,West,Delhi,3,Books,4077.1,107.99,Completed,1973-08-03 13:38:54
7,1155,2026-04-09,andreamurray,shannonheath@example.org,43,Premium,West,Delhi,6,Groceries,1196.61,1539.69,Pending,1977-07-30 19:19:45
104,1158,2026-01-05,smithmark,zwilliams@example.net,50,Premium,East,Delhi,4,Clothing,587.38,2787.96,,1996-11-07 11:04:36
161,1050,2025-09-03,williamskelly,ryanmoss@example.com,17,Basic,West,Chennai,6,Groceries,3096.53,1970.56,Completed,1978-08-05 19:01:03
82,1022,2025-07-20,csmith,lydiawright@example.org,56,Premium,North,Bangalore,8,Electronics,2279.14,2937.96,Pending,1993-05-04 02:29:18
24,1040,2025-07-30,mlopez,rsmith@example.org,57,Premium,East,Hyderabad,3,Books,138.74,2150.47,,2019-06-03 18:02:07
23,1106,2025-08-14,kellis,hfigueroa@example.com,31,Premium,East,Hyderabad,19,Electronics,3626.58,1829.19,Pending,1980-10-29 12:11:31
72,1014,2025-11-16,trevor93,timothyrobinson@example.net,35,Premium,East,Delhi,11,Groceries,3496.5,1969.93,Completed,2013-02-28 19:53:44
208,1172,2026-06-21,graychristopher,vasquezbenjamin@example.net,22,Basic,North,Bangalore,11,Electronics,4225.07,2775.26,Completed,2022-06-10 09:29:21
217,1065,2025-07-29,martinhunter,pjacobs@example.org,40,Premium,South,Bangalore,2,Groceries,477.83,678.73,,2025-06-05 22:36:59
96,1008,2026-05-11,pbrewer,dellis@example.org,65,Basic,East,Bangalore,12,Groceries,1997.31,2668.28,,2011-06-22 20:43:36
15,1090,2026-03-09,vaughnzachary,jhamilton@example.net,30,Premium,South,Mumbai,14,Groceries,2129.81,526.0,Pending,1978-01-03 22:40:27
246,1063,2025-10-25,melinda88,kevin14@example.org,20,Premium,East,Delhi,13,Clothing,3486.15,839.46,,2007-07-25 00:36:24
200,1186,2026-06-17,bbrown,harrellhector@example.org,65,Basic,South,Delhi,11,Clothing,3816.75,743.35,,1988-05-30 15:22:13
226,1008,2025-12-30,dmiller,kathryn19@example.net,21,Basic,West,Chennai,20,Clothing,3280.39,2136.18,Pending,1974-03-04 22:53:59
211,1106,2025-07-31,justinlane,edyer@example.net,62,Premium,East,Bangalore,20,Groceries,3887.34,2587.51,,1991-05-31 17:12:44
28,1028,2026-01-02,eddiebennett,kimberlyfisher@example.org,46,Basic,North,Chennai,5,Clothing,3877.76,1912.08,Pending,2005-06-04 15:36:20
25,1164,2026-04-19,bakerchristopher,xdeleon@example.com,54,Basic,West,Delhi,14,Books,1058.66,273.73,Pending,2017-02-22 06:29:09
162,1095,2026-02-08,ahubbard,xhughes@example.org,33,Premium,South,Mumbai,13,Groceries,1050.48,322.09,,2008-01-14 19:58:24
242,1058,2026-05-31,tara91,pricejacqueline@example.com,50,Premium,East,Delhi,14,Electronics,3804.88,610.88,Completed,2022-03-06 08:07:03
140,1118,2026-02-07,ccooper,akeller@example.com,60,Basic,North,Mumbai,13,Books,2857.69,2341.73,Pending,1972-08-16 20:51:51
160,1015,2025-10-01,daltonjeffrey,michaelcompton@example.net,40,Premium,East,Hyderabad,3,Books,2296.41,1092.06,,1994-05-12 10:30:09
281,1047,2025-07-26,james71,alexandria28@example.com,19,Basic,South,Mumbai,3,Clothing,4529.57,1743.67,,2009-12-09 19:11:07
231,1065,2026-02-15,stevemiles,jonesmelanie@example.net,42,Basic,North,Mumbai,12,Groceries,2403.83,2128.99,Completed,1977-09-18 10:41:31
295,1076,2025-09-28,bellkaren,bgreen@example.net,42,Premium,East,Bangalore,1,Electronics,3396.09,2575.13,Completed,2007-07-26 17:14:48
224,1094,2026-06-04,sandra76,schroederlogan@example.com,17,Basic,East,Bangalore,5,Electronics,3296.79,1069.05,Completed,2013-09-15 23:38:09
241,1030,2026-05-20,ycain,destiny36@example.com,28,Premium,East,Chennai,16,Books,3294.78,651.01,,2003-10-21 07:43:12
80,1095,2025-09-24,hillapril,mary75@example.org,23,Basic,West,Delhi,8,Books,4554.78,1532.19,Pending,1987-09-02 11:45:12
137,1187,2026-02-18,dwilliams,candicerussell@example.com,63,Premium,East,Mumbai,20,Books,295.65,761.24,Completed,1982-08-30 01:35:24
185,1097,2026-02-11,nicholasberger,ericanelson@example.org,34,Premium,East,Delhi,13,Electronics,1532.1,269.45,Pending,1999-10-07 08:46:34
244,1002,2025-10-26,alexandercarlos,christian61@example.org,51,Premium,South,Hyderabad,7,Electronics,1867.21,847.86,Pending,2015-07-19 09:16:16
222,1036,2026-03-11,michaelandrew,ritahenderson@example.net,24,Premium,South,Chennai,5,Electronics,4594.89,2090.13,Pending,1997-07-14 00:02:08
245,1041,2026-06-06,fernandezrichard,powellmatthew@example.org,30,Premium,West,Chennai,16,Electronics,3022.73,1351.05,Pending,2014-05-07 19:04:52
32,1063,2026-01-08,davidtaylor,danielsmichelle@example.net,16,Premium,South,Chennai,2,Books,2706.16,617.9,Completed,2005-11-03 05:53:28
138,1010,2026-04-23,pblevins,owensjuan@example.net,33,Premium,East,Mumbai,10,Electronics,383.3,2816.64,Completed,2021-04-11 19:49:31
130,1112,2025-11-28,xhart,manningtodd@example.net,45,Premium,West,Chennai,20,Groceries,1523.8,2673.94,Completed,2022-12-13 10:59:24
16,1120,2026-04-14,victoria77,jamesharvey@example.net,20,Basic,East,Hyderabad,1,Groceries,2567.13,2610.57,Pending,2016-05-19 13:09:31
10,1053,2025-08-11,kimberlyjones,markgreen@example.com,19,Basic,South,Bangalore,18,Books,4873.0,1401.4,Pending,2022-02-02 16:25:04
132,1001,2025-10-23,bowmanamy,andersontony@example.org,24,Basic,South,Chennai,7,Groceries,952.17,735.38,,2000-08-30 21:11:20
142,1187,2026-06-12,lrobbins,trujillorebecca@example.net,59,Premium,North,Hyderabad,17,Books,4125.25,2295.39,,2020-11-30 13:46:56
200,1117,2026-03-27,juliajarvis,smithkimberly@example.org,55,Basic,South,Hyderabad,13,Electronics,1515.33,2115.05,Pending,1976-03-27 09:14:07
278,1009,2026-02-17,dsmith,uyoung@example.com,21,Premium,South,Hyderabad,20,Books,1057.44,1363.82,Pending,1976-06-20 03:48:24
253,1094,2025-09-26,amanda92,jesse82@example.com,31,Basic,South,Chennai,4,Electronics,3421.51,1879.32,Completed,2006-09-09 05:21:27
207,1100,2025-12-20,jamiegreen,stuartraymond@example.com,17,Basic,East,Delhi,13,Electronics,972.96,2942.35,Completed,2007-11-23 15:35:23
225,1043,2026-01-14,victor41,estokes@example.org,29,Premium,North,Mumbai,10,Groceries,4812.65,141.88,Pending,2001-01-24 09:28:07
97,1140,2026-05-27,caseygarcia,michaeljones@example.com,37,Basic,South,Mumbai,17,Electronics,1682.89,1336.35,Completed,1984-05-29 17:00:38
210,1146,2025-08-15,emilyperkins,harringtonmorgan@example.org,58,Basic,North,Bangalore,5,Books,4444.88,2072.14,,1981-11-06 15:33:44
165,1138,2026-04-18,oblackwell,charlesmichael@example.net,19,Premium,East,Delhi,20,Clothing,3916.25,2306.59,Completed,1974-04-10 19:28:24
54,1176,2025-08-30,mathisrobert,audrey36@example.com,62,Premium,South,Chennai,7,Books,4089.84,1794.49,Pending,1976-02-19 17:51:05
81,1058,2025-09-18,ruizdeborah,eperkins@example.com,35,Premium,East,Delhi,5,Books,3384.92,1979.96,,1991-02-23 22:53:22
160,1030,2025-09-19,iboyd,johngriffith@example.org,42,Basic,West,Bangalore,11,Books,2070.47,2118.31,,1990-04-05 09:44:12
288,1129,2026-04-28,vwilson,smithkelly@example.net,50,Basic,West,Chennai,4,Clothing,581.52,1246.3,Pending,1978-05-05 10:31:15
14,1193,2026-01-07,qmendoza,michael07@example.com,39,Premium,West,Mumbai,13,Electronics,2116.61,2670.45,,2013-10-03 06:47:01
108,1031,2025-10-08,petersemily,charlesvalerie@example.net,34,Basic,West,Mumbai,19,Electronics,3176.05,2218.64,,1989-06-05 01:32:29
47,1013,2026-01-15,marc17,richard61@example.com,26,Basic,West,Chennai,15,Electronics,4218.71,186.29,Completed,2005-05-10 08:17:33
21,1135,2026-01-11,allencynthia,matthewsmichelle@example.org,22,Basic,North,Hyderabad,3,Books,2840.91,2541.55,Completed,1978-09-01 12:40:29
194,1012,2026-03-22,samantha91,jasonblack@example.net,21,Premium,South,Hyderabad,5,Clothing,3001.48,1654.07,,1997-04-23 19:32:12
86,1034,2025-08-20,deborahhughes,baileycynthia@example.com,50,Premium,East,Chennai,19,Clothing,1687.51,668.68,,1972-06-15 05:56:08
153,1159,2025-08-01,michellerodriguez,villarrealjon@example.com,60,Premium,South,Delhi,13,Clothing,4598.15,2003.55,,2005-03-19 13:56:21
26,1165,2026-04-23,awilson,ojackson@example.org,33,Basic,West,Delhi,10,Books,2153.87,1600.34,,2005-07-14 06:24:45
185,1139,2026-04-10,lchavez,kenneth99@example.org,60,Premium,West,Hyderabad,17,Clothing,4135.79,2730.59,Completed,1975-11-21 10:44:24
10,1101,2025-07-14,lpeck,chad35@example.com,40,Basic,North,Hyderabad,19,Electronics,4755.26,1014.63,,1970-09-11 03:15:44
68,1026,2026-01-25,stevenburns,amy48@example.net,20,Premium,East,Bangalore,13,Books,3316.82,2739.17,,1986-10-09 12:12:59
43,1186,2026-02-23,sarahelliott,janepayne@example.com,38,Basic,South,Hyderabad,11,Groceries,4217.2,2430.24,,1993-11-26 12:25:13
298,1098,2025-09-19,pday,rhondawilson@example.net,46,Premium,North,Chennai,1,Electronics,2550.08,2998.8,,1974-09-09 17:24:30
40,1158,2025-12-01,laurie79,qford@example.net,46,Premium,West,Delhi,19,Books,588.07,2935.73,Pending,1976-10-14 02:23:44
15,1070,2026-05-06,john94,jill87@example.com,64,Premium,South,Chennai,16,Electronics,1462.49,219.07,Completed,1982-05-09 19:26:20
180,1006,2025-10-05,daniellemiller,carlyrollins@example.net,28,Premium,East,Delhi,3,Clothing,2355.08,123.94,,1978-07-29 09:52:29
236,1069,2025-09-10,batesstephen,smithjulie@example.net,28,Basic,North,Delhi,12,Clothing,3569.53,761.67,,1998-01-02 13:53:13
144,1047,2025-08-16,fvalenzuela,gilmoremichael@example.net,32,Premium,South,Hyderabad,18,Clothing,1159.9,2351.95,Completed,2018-04-30 13:47:48
33,1013,2025-09-16,lindsayfletcher,omcconnell@example.org,38,Basic,West,Mumbai,17,Clothing,2280.3,2087.15,,1981-06-28 18:21:52
116,1142,2026-03-26,suttonglenn,wilsonkevin@example.com,23,Basic,North,Chennai,4,Books,2304.05,1393.59,,2004-12-09 07:44:42
270,1075,2025-11-21,michael40,ericamyers@example.org,45,Basic,North,Bangalore,11,Books,466.58,1867.27,,2012-02-10 05:55:47
31,1066,2026-03-12,greenthomas,hmcclain@example.com,29,Premium,East,Bangalore,9,Clothing,1910.15,1215.35,Completed,1993-08-04 15:51:34
219,1009,2025-12-27,steven25,ylowery@example.com,65,Basic,North,Delhi,2,Books,4938.48,2373.3,,2004-04-17 02:36:58
76,1168,2025-12-30,benjamin76,schavez@example.net,20,Premium,West,Chennai,12,Electronics,2466.22,2650.76,,2018-10-02 10:58:20
300,1036,2026-06-23,kenneth70,kingjohn@example.org,28,Basic,West,Mumbai,6,Clothing,2096.46,2204.61,Pending,2024-11-17 08:02:43
208,1129,2026-03-27,david43,matthewmyers@example.net,42,Basic,South,Mumbai,14,Groceries,4457.18,1630.31,,1972-01-28 22:46:21
285,1037,2025-11-22,jimenezanthony,zhorton@example.com,63,Premium,West,Mumbai,20,Groceries,2485.14,2862.84,,1974-07-09 20:50:18
27,1193,2025-12-22,piercerobert,hudsonkenneth@example.com,48,Basic,South,Hyderabad,4,Clothing,1068.19,1368.69,Pending,1987-10-13 02:00:19
22,1053,2026-06-12,dawn34,byrdrobert@example.net,39,Premium,West,Chennai,15,Electronics,314.91,2037.8,,2021-07-05 19:57:35
83,1000,2026-01-04,morganrussell,sbennett@example.org,23,Premium,North,Hyderabad,17,Groceries,702.04,1139.09,Pending,1974-05-07 04:25:45
238,1055,2026-03-22,dunndaisy,creeves@example.org,20,Premium,East,Chennai,13,Electronics,4770.5,2309.17,,2014-09-16 10:10:27
194,1089,2026-04-20,linda00,sayala@example.net,39,Premium,West,Delhi,1,Books,2333.58,2059.55,Completed,2024-03-12 06:14:15
52,1070,2026-06-07,andersondiana,anthonyhaynes@example.net,30,Basic,South,Hyderabad,3,Clothing,4722.64,2553.84,Pending,1987-01-16 18:12:47
56,1036,2026-06-17,kyle30,zanderson@example.net,47,Premium,West,Hyderabad,13,Electronics,1562.13,2581.08,,1984-11-08 23:45:59
157,1087,2025-10-29,tyler47,shirley16@example.com,38,Basic,East,Mumbai,6,Clothing,3106.61,724.19,,1994-09-26 03:16:30
20,1090,2025-10-10,brandon28,dweeks@example.net,17,Basic,North,Chennai,10,Electronics,1259.46,1962.48,,1978-11-18 15:16:59
36,1147,2025-10-22,jamesbass,eanderson@example.com,58,Premium,South,Chennai,11,Clothing,3481.27,500.52,,2021-06-09 09:43:02
276,1193,2025-08-08,berryamanda,lmedina@example.org,62,Basic,West,Bangalore,4,Books,1042.39,2008.43,Completed,2000-05-26 07:10:42
65,1181,2026-04-18,lawrencenathaniel,jeffreysalinas@example.org,29,Basic,West,Delhi,3,Clothing,3769.67,448.82,Completed,2025-01-09 17:32:03
128,1110,2025-07-28,bellstephanie,scooper@example.org,58,Premium,South,Mumbai,9,Electronics,2945.15,2637.41,Completed,2020-01-28 15:52:49
186,1180,2025-09-24,ashaw,dmurphy@example.net,58,Basic,East,Hyderabad,16,Electronics,329.61,421.74,Pending,2016-05-20 13:07:29
244,1027,2026-01-11,lstephens,mwalker@example.com,32,Premium,South,Chennai,16,Clothing,2545.22,266.03,Completed,2001-12-20 12:37:10
8,1056,2025-07-31,rjohnson,david08@example.org,48,Basic,West,Hyderabad,1,Groceries,1684.1,1473.49,Completed,1982-01-06 21:51:19
152,1022,2026-04-21,wbender,amandaking@example.org,27,Premium,South,Mumbai,2,Clothing,537.68,1919.18,,1976-04-26 12:12:42
135,1019,2026-01-23,qhayes,perkinsconnie@example.org,23,Basic,North,Delhi,2,Electronics,1619.44,2033.9,Completed,1977-07-25 13:10:21
62,1100,2025-08-07,rodneyhayes,karen78@example.org,15,Premium,East,Delhi,20,Books,4773.5,1467.4,Pending,2005-09-14 13:06:38
201,1039,2025-10-11,vhernandez,dwise@example.com,16,Premium,South,Delhi,18,Books,2763.86,1767.71,,1979-02-04 06:41:32
213,1032,2025-07-29,manuelmccarthy,melinda39@example.net,39,Basic,North,Mumbai,18,Electronics,4122.81,2634.5,,1976-04-05 08:51:13
178,1120,2025-08-03,lee50,lopezlaurie@example.org,35,Premium,South,Chennai,3,Electronics,991.14,1717.28,Pending,1970-06-27 16:20:00
257,1108,2025-10-29,sanderstina,rachelhaney@example.com,45,Premium,West,Hyderabad,18,Clothing,365.05,1732.92,Pending,2005-04-27 11:44:13
273,1082,2025-07-02,salazarkaren,amcgee@example.org,58,Premium,North,Chennai,8,Books,4506.56,702.15,Completed,1990-04-20 17:48:37
158,1020,2025-08-01,bnelson,donald45@example.net,57,Premium,South,Chennai,9,Electronics,214.46,2477.98,Pending,2016-08-27 19:32:20
137,1124,2025-08-13,theresa16,espinozamichaela@example.net,56,Premium,North,Mumbai,20,Clothing,2932.77,2505.44,Completed,1981-01-02 23:46:12
291,1100,2025-07-19,emilyshaffer,riosraymond@example.com,45,Basic,West,Mumbai,17,Electronics,4766.12,1973.84,Completed,2000-12-29 21:16:00
33,1178,2026-04-05,zdavis,camachorichard@example.org,48,Premium,South,Hyderabad,17,Groceries,2214.14,270.2,Completed,1978-08-03 08:27:14
32,1175,2025-09-23,thomasnatasha,dnelson@example.com,56,Basic,North,Delhi,15,Books,4488.28,1209.58,Pending,1983-02-06 07:15:56
182,1133,2025-09-05,gchen,kevin36@example.net,18,Basic,North,Hyderabad,5,Books,599.74,2128.23,,2014-01-22 21:47:42
2,1142,2026-02-15,matthew44,derrickheath@example.org,20,Basic,South,Hyderabad,15,Groceries,403.38,59.71,Pending,2011-11-27 16:01:04
35,1050,2025-11-25,ashley81,wcampos@example.net,16,Basic,West,Mumbai,11,Clothing,551.57,2320.23,Pending,1999-04-13 01:36:45
270,1163,2026-01-30,qvaughn,jonesmelanie@example.com,44,Premium,South,Hyderabad,19,Clothing,2250.08,2789.68,Completed,1979-10-17 15:08:15
89,1159,2025-08-18,gravesnina,brightbrian@example.net,19,Premium,East,Bangalore,2,Books,2276.63,2462.61,Pending,1985-04-07 19:41:25
210,1041,2026-04-23,lopezthomas,ashley77@example.com,27,Basic,South,Chennai,19,Groceries,1824.59,1298.6,Completed,2024-04-26 17:53:14
293,1120,2025-10-17,rswanson,grantdanielle@example.net,49,Basic,East,Chennai,14,Electronics,3908.24,1800.88,Completed,2015-12-30 22:07:25
235,1037,2026-01-01,patrick34,nicholas81@example.net,47,Basic,South,Mumbai,2,Groceries,3339.57,583.55,Pending,2003-08-18 06:52:29
13,1156,2025-12-29,joelcampbell,michelle56@example.net,54,Basic,South,Delhi,2,Books,4454.7,711.66,Completed,1997-11-02 23:01:13
252,1126,2025-07-20,smoore,danielnorris@example.com,61,Premium,South,Delhi,10,Electronics,3539.5,1441.28,,1971-10-18 15:17:41
124,1081,2026-04-11,robinmcdonald,daniel28@example.net,30,Basic,South,Chennai,19,Clothing,3344.18,283.0,Completed,2012-09-24 13:21:43
281,1130,2025-06-29,sarahwhite,patricklloyd@example.org,61,Basic,North,Mumbai,15,Electronics,966.17,1732.27,Pending,1978-09-07 04:39:13
103,1146,2025-10-12,gibbsmichele,ablanchard@example.net,23,Premium,West,Bangalore,16,Groceries,1392.51,1208.3,,1975-11-14 04:27:14
233,1107,2025-07-16,ramirezmatthew,robert72@example.org,15,Basic,North,Bangalore,17,Books,3238.02,2086.62,,1989-03-10 18:28:41
257,1047,2025-07-02,singletongloria,mollydalton@example.net,42,Basic,North,Mumbai,2,Clothing,4324.89,323.73,Completed,2005-06-28 15:56:22
187,1060,2025-10-22,salasmadison,zacharywilliams@example.com,31,Basic,North,Chennai,18,Groceries,3858.61,1066.27,,1982-11-17 16:06:42
257,1160,2025-09-03,contrerasjennifer,hallmichelle@example.org,61,Premium,West,Mumbai,19,Clothing,737.46,151.57,Pending,2008-02-23 21:58:40
164,1034,2025-06-29,turnerkelli,jennifer90@example.net,29,Basic,South,Chennai,14,Groceries,893.25,2631.61,,2012-11-13 22:34:35
147,1164,2025-07-03,mjohnson,stephaniepayne@example.org,16,Basic,West,Delhi,5,Electronics,3868.06,2865.0,Completed,2022-11-20 12:42:15
12,1033,2025-11-21,pamela93,matthewwright@example.org,31,Premium,South,Bangalore,18,Electronics,4628.4,512.64,,2014-08-21 13:10:42
196,1006,2025-10-04,brooke88,romerochristine@example.org,54,Premium,West,Chennai,5,Books,3891.91,2039.95,,2005-02-19 17:28:51
271,1098,2026-03-14,uwilson,rachelanderson@example.com,45,Basic,North,Delhi,14,Groceries,1208.77,2126.23,Completed,1981-07-31 20:09:07
18,1049,2026-06-22,martintiffany,kochshawn@example.org,23,Basic,East,Delhi,4,Clothing,1921.05,1086.88,Pending,1973-12-23 12:28:35
269,1153,2026-04-23,rodriguezronald,ortegacolleen@example.net,56,Premium,West,Bangalore,2,Groceries,3309.26,2985.41,,1999-04-18 20:47:12
28,1074,2026-01-31,hendrixgary,gregoryhumphrey@example.org,46,Basic,East,Mumbai,10,Clothing,854.69,2791.82,Completed,2019-08-31 20:30:58
116,1020,2026-04-13,whitneyferguson,michele04@example.org,22,Premium,East,Mumbai,20,Electronics,250.86,2707.35,,2024-04-01 07:27:43
204,1200,2025-08-24,davidcisneros,kim43@example.net,46,Basic,South,Bangalore,2,Books,4745.76,805.15,Completed,1996-02-23 15:03:32
38,1089,2026-02-22,jimmy29,julierasmussen@example.com,32,Basic,South,Mumbai,14,Groceries,1854.09,534.62,Pending,2015-03-27 12:18:39
83,1146,2025-12-08,srogers,fmoore@example.com,38,Premium,North,Bangalore,15,Electronics,4674.52,1159.43,Pending,2005-08-05 04:04:25
195,1000,2025-07-29,guzmanbradley,sherylmorris@example.com,45,Premium,South,Hyderabad,15,Groceries,2599.78,425.19,,2005-08-01 09:49:35
66,1091,2025-06-27,nbryant,john49@example.net,56,Basic,South,Delhi,9,Books,1050.97,1042.31,Completed,2025-12-07 10:22:31
8,1174,2025-10-21,sandragolden,jerrystout@example.net,32,Basic,South,Mumbai,14,Electronics,1897.93,226.51,Pending,2001-07-06 04:32:48
46,1056,2025-09-17,zunigaglenn,jeremy72@example.net,41,Basic,East,Chennai,13,Books,659.54,195.2,,1987-03-10 18:21:16
15,1016,2025-12-22,tlozano,ssmith@example.org,24,Premium,West,Mumbai,12,Groceries,1397.86,2815.73,,1981-11-09 03:20:02
290,1061,2026-05-13,newmansierra,kathleen66@example.net,47,Premium,East,Hyderabad,3,Groceries,342.04,1905.07,,1970-09-06 12:54:34
289,1085,2025-10-11,ofisher,murrayjessica@example.com,50,Premium,East,Bangalore,16,Groceries,3318.57,1563.53,,2026-06-18 03:53:55
131,1115,2025-09-15,gardnermarissa,nnavarro@example.com,55,Basic,East,Chennai,14,Books,4216.71,2115.19,,2010-02-20 01:26:02
208,1097,2026-04-16,prestonadam,amandaray@example.net,62,Basic,South,Bangalore,1,Clothing,424.15,2785.34,,1972-02-14 17:40:38
266,1048,2026-05-10,rthomas,mark86@example.org,53,Basic,North,Mumbai,13,Electronics,4547.61,1090.79,,1980-01-23 05:48:59
64,1047,2026-03-15,wrightcassandra,leslie09@example.com,62,Premium,North,Mumbai,8,Books,4724.26,1415.49,Pending,2019-07-16 11:35:34
182,1194,2026-03-03,fieldsshaun,gouldcristina@example.org,65,Premium,North,Mumbai,2,Books,4622.34,2073.25,Completed,2013-02-13 20:30:17
300,1079,2025-07-12,christopher63,brittanyball@example.net,46,Premium,North,Chennai,10,Electronics,2572.61,1920.85,Completed,2020-09-08 16:20:33
268,1009,2026-06-04,jane15,knightkaren@example.org,44,Basic,East,Hyderabad,16,Electronics,3371.99,298.65,,1980-07-06 09:21:28
199,1063,2026-06-18,marshkevin,ynelson@example.net,49,Basic,West,Mumbai,6,Electronics,3601.92,2332.44,Pending,2013-06-04 11:03:21
232,1109,2026-04-28,romerodavid,steinwilliam@example.net,20,Premium,West,Delhi,8,Clothing,4758.2,1880.11,,2016-03-27 15:27:08
9,1122,2025-07-07,kurt40,joseph17@example.org,30,Basic,East,Bangalore,13,Electronics,671.53,2768.19,,2024-01-09 18:53:06
300,1180,2025-11-24,boothanna,bstafford@example.com,25,Premium,South,Bangalore,15,Electronics,2469.03,1264.04,Pending,2009-11-01 16:25:16
242,1109,2025-10-26,jamessanchez,jasonfuller@example.net,63,Basic,South,Bangalore,13,Electronics,2700.39,524.43,,2003-03-05 09:48:40
123,1049,2026-03-01,jonathon19,jessica20@example.com,44,Premium,South,Chennai,10,Electronics,3482.67,2534.14,,2024-03-11 11:35:14
131,1090,2026-04-01,crystalgreen,emily40@example.net,21,Basic,South,Mumbai,1,Books,823.98,2496.13,,2009-09-17 21:05:03
295,1136,2026-01-04,ijohnson,kochmandy@example.com,22,Basic,South,Bangalore,10,Electronics,2137.1,1501.75,,2012-10-22 22:01:54
3,1069,2025-12-21,jennifer72,riveraryan@example.org,49,Basic,West,Chennai,17,Clothing,4531.51,571.38,Pending,1999-04-13 20:40:47
132,1006,2026-03-23,abell,james70@example.com,56,Premium,West,Hyderabad,2,Groceries,3189.84,970.16,Pending,1999-09-18 11:32:03
233,1071,2025-10-02,scottbeth,elizabethstrickland@example.com,56,Basic,West,Delhi,8,Books,3641.63,50.13,,1971-08-24 21:34:41
84,1153,2026-04-23,grichard,hurstlarry@example.net,48,Basic,West,Delhi,19,Groceries,2750.52,2171.46,Completed,2016-05-30 09:24:10
41,1055,2026-05-25,tina91,cromero@example.net,51,Premium,South,Delhi,11,Electronics,4301.16,2487.67,Pending,1989-11-19 21:34:23
47,1067,2026-03-06,ymolina,bjenkins@example.com,34,Premium,South,Chennai,11,Books,1106.36,2000.7,Completed,1985-10-26 21:16:10
113,1052,2026-01-04,jonesjason,zconway@example.org,51,Premium,North,Bangalore,19,Books,814.25,1977.78,Completed,2004-12-12 11:18:39
132,1051,2026-01-01,thompsondavid,icollier@example.net,59,Basic,East,Mumbai,4,Books,579.95,2171.13,Completed,2005-02-05 01:49:03
129,1173,2026-04-29,john79,monica59@example.com,34,Basic,South,Bangalore,14,Books,885.57,2885.61,,2013-08-29 13:36:35
156,1022,2026-06-17,kristinriley,bethrobbins@example.org,57,Premium,West,Hyderabad,10,Electronics,2908.45,343.56,Completed,2013-09-13 13:14:03
21,1111,2026-02-22,xnelson,jennifermedina@example.net,65,Premium,South,Delhi,8,Groceries,1097.38,237.39,Pending,2021-11-17 18:52:44
141,1185,2026-02-05,hsellers,nicholasdiaz@example.com,49,Premium,West,Chennai,13,Clothing,671.94,895.43,Completed,2014-10-31 20:36:09
57,1083,2025-12-16,smcguire,brobles@example.net,37,Premium,North,Hyderabad,2,Clothing,4654.21,1485.52,Completed,2005-09-15 19:20:43
262,1142,2026-04-11,jasonwallace,monicadavis@example.net,56,Basic,North,Bangalore,10,Groceries,1137.13,841.07,Pending,2021-04-20 14:49:54
285,1075,2026-06-22,cruzlisa,jamie62@example.net,34,Basic,East,Bangalore,2,Clothing,4092.86,1131.11,Pending,2020-04-27 03:48:53
182,1066,2026-06-02,christinahobbs,parsonsjennifer@example.org,45,Premium,East,Delhi,1,Electronics,1849.99,1865.11,,1998-01-02 23:32:10
49,1152,2026-05-19,brian68,tharper@example.net,26,Premium,North,Mumbai,9,Electronics,3925.79,1327.01,Pending,2003-08-01 19:10:40
278,1091,2026-01-31,daniellecrawford,emily83@example.org,48,Basic,East,Chennai,4,Clothing,3162.55,2170.08,Pending,1973-10-03 01:16:37
99,1044,2026-04-15,ronald04,karen22@example.net,48,Premium,South,Chennai,13,Groceries,1424.13,2192.29,Pending,2007-02-12 07:25:31
251,1117,2026-03-08,asalazar,john20@example.com,32,Basic,West,Hyderabad,2,Electronics,3973.27,762.2,,1985-05-11 19:35:56
234,1071,2026-06-14,antonio15,fdavis@example.com,47,Basic,East,Hyderabad,9,Clothing,3361.46,2360.32,,1979-01-16 19:30:14
164,1124,2025-09-24,maysjames,michaelgilmore@example.com,16,Basic,North,Hyderabad,19,Books,4879.85,589.01,Pending,1995-06-15 02:49:50
149,1061,2025-11-03,lisahenson,hollywebb@example.net,63,Premium,East,Hyderabad,15,Groceries,710.71,1000.56,,1998-10-18 00:43:28
231,1028,2025-07-30,lhuffman,susan52@example.net,28,Basic,West,Hyderabad,8,Electronics,3283.27,1744.51,Completed,2001-07-19 14:03:20
69,1074,2025-07-07,riverabrett,karenmorris@example.org,24,Premium,West,Delhi,3,Books,4727.3,2649.07,Pending,2025-11-09 00:17:13
74,1012,2025-12-08,uwhitney,cheryl33@example.net,20,Basic,South,Delhi,14,Electronics,1053.47,1686.67,Completed,2003-03-17 11:18:05
118,1023,2025-10-14,scottallen,sbrown@example.org,18,Basic,East,Bangalore,9,Books,1708.87,1418.16,,1983-03-09 04:36:57
75,1102,2026-01-02,wharmon,douglas30@example.org,62,Basic,West,Hyderabad,4,Clothing,4282.3,1511.05,,2002-07-12 08:57:12
271,1193,2025-12-07,wsmith,jeremiah09@example.net,17,Basic,East,Hyderabad,7,Clothing,4398.26,1001.64,,1991-11-20 15:43:55
168,1135,2026-04-16,tobrien,ejordan@example.net,51,Basic,North,Chennai,4,Groceries,1841.6,470.95,Pending,1983-09-23 10:07:46
115,1195,2026-01-07,robertsavage,amysanchez@example.org,16,Basic,North,Hyderabad,16,Books,2404.8,2729.58,,2018-09-29 01:46:59
56,1095,2025-11-02,lisabriggs,robertmitchell@example.com,44,Basic,South,Delhi,6,Groceries,1163.65,1550.67,,1972-12-05 09:28:30
132,1035,2026-02-01,elizabeth36,mgaines@example.com,35,Basic,West,Bangalore,10,Books,1617.44,2877.11,Pending,1993-11-08 08:51:33
58,1108,2025-11-22,john71,richardfreeman@example.org,32,Basic,South,Hyderabad,2,Electronics,4880.16,1918.12,Completed,1990-06-06 14:55:15
146,1146,2026-01-24,melissaleon,vincentmullins@example.org,64,Basic,West,Delhi,11,Books,3726.9,1567.64,Completed,1974-08-28 17:25:16
250,1059,2025-11-27,bfreeman,alogan@example.org,63,Premium,East,Mumbai,3,Electronics,2548.15,2022.88,Pending,2007-04-08 15:34:18
231,1004,2025-07-01,zsanchez,brandonvazquez@example.com,22,Basic,South,Chennai,18,Groceries,1895.97,2856.43,Completed,2008-09-08 15:23:35
83,1062,2025-09-12,hilljustin,megan56@example.net,65,Basic,West,Mumbai,5,Clothing,4621.84,2647.66,Completed,1989-05-11 08:14:27
7,1106,2025-07-12,brianfoster,jaclyn61@example.com,47,Basic,East,Mumbai,16,Clothing,2763.04,2370.44,,1999-03-30 17:05:05
198,1095,2025-12-02,jessicaglenn,tbarnett@example.net,16,Basic,South,Hyderabad,1,Books,3564.31,2226.09,Pending,2001-09-26 16:37:04
159,1081,2025-09-13,nicholasquinn,jocelyn33@example.org,17,Basic,West,Mumbai,7,Clothing,4172.68,1106.07,Pending,1977-09-02 20:32:22
66,1095,2026-03-26,madison50,caroline71@example.net,63,Premium,East,Chennai,4,Books,2416.56,2766.7,,1984-02-28 14:05:59
99,1171,2025-07-12,lydia39,williamsjohn@example.net,21,Premium,West,Delhi,15,Electronics,1774.09,1766.56,,1974-03-06 01:32:46
256,1032,2025-09-09,manuelwilson,rachel78@example.net,17,Basic,East,Chennai,17,Electronics,444.69,1314.69,,1993-09-16 22:39:45
209,1084,2025-11-23,william18,fsilva@example.net,30,Premium,North,Hyderabad,6,Electronics,2602.75,2835.48,,1978-03-11 22:56:37
200,1073,2026-06-19,elijah68,gcarrillo@example.net,62,Basic,West,Bangalore,10,Books,145.3,2862.92,Completed,2009-07-31 11:23:20
27,1011,2025-12-26,aross,vcunningham@example.com,18,Basic,East,Chennai,14,Groceries,1675.4,1008.69,,1999-04-06 21:20:44
67,1173,2026-02-19,alex97,maymelissa@example.com,31,Basic,South,Mumbai,16,Clothing,820.94,2247.78,,1997-01-23 00:42:02
237,1033,2026-01-13,scottcarney,christopherbrown@example.net,29,Premium,South,Mumbai,20,Groceries,1042.02,2496.28,,2019-11-09 22:53:47
290,1068,2025-08-30,david14,vasquezbrandi@example.com,43,Premium,South,Hyderabad,17,Groceries,2177.56,1887.62,Completed,1998-09-30 12:35:56
227,1119,2025-12-22,adam55,katiewoods@example.org,37,Premium,West,Bangalore,4,Groceries,854.77,1054.58,,1999-12-31 04:07:09
143,1166,2025-10-03,nhines,beasleyeric@example.org,24,Premium,West,Hyderabad,14,Books,4668.79,1043.56,Pending,1975-10-05 16:08:46
220,1110,2026-01-21,tyler14,cindycook@example.org,65,Premium,East,Delhi,2,Books,1238.06,2219.2,Completed,1975-04-21 14:09:52
219,1145,2026-01-23,haydenkathleen,abbottjoseph@example.org,43,Basic,West,Chennai,10,Clothing,2399.78,2905.24,Pending,1971-10-22 12:07:01
80,1126,2026-05-22,malloryrobles,james36@example.org,59,Basic,East,Chennai,3,Electronics,1970.83,545.05,Completed,1979-12-05 09:08:47
298,1100,2026-06-25,margaret72,lwolf@example.net,19,Premium,East,Delhi,10,Books,2070.27,2920.59,Pending,2024-10-26 13:41:25
178,1177,2025-09-14,taylormary,margaretward@example.net,50,Basic,East,Bangalore,9,Electronics,1278.26,987.21,,2017-12-07 07:01:50
165,1098,2025-11-07,patriciaburton,autumn10@example.com,27,Premium,East,Hyderabad,3,Electronics,4722.47,618.42,Pending,2011-06-15 17:16:49
110,1164,2025-08-15,bmontoya,suzanne86@example.com,41,Basic,North,Chennai,15,Clothing,2134.21,2608.7,,1986-11-05 21:05:36
268,1043,2026-01-29,garrisoncarmen,melvinjohnson@example.net,65,Basic,North,Hyderabad,3,Groceries,4145.78,503.24,Pending,2018-04-09 20:42:57
155,1164,2026-05-12,anakelly,theresamiddleton@example.com,29,Basic,West,Chennai,10,Electronics,3808.03,1973.94,,1988-03-17 05:01:21
226,1122,2026-02-21,michaelhurst,smithralph@example.com,22,Premium,East,Hyderabad,4,Books,1675.58,1890.03,Pending,1979-11-24 23:40:09
121,1055,2025-07-25,tranjamie,jenkinsalan@example.net,59,Basic,South,Mumbai,15,Clothing,4421.07,1535.45,Completed,2003-07-21 03:42:33
268,1027,2025-09-29,grahamdaniel,mary69@example.net,57,Premium,East,Mumbai,1,Books,3237.74,2305.31,,1974-03-23 00:20:52
274,1018,2026-05-13,santiagoshelley,robertbeck@example.net,34,Basic,East,Mumbai,7,Groceries,2979.69,1507.32,Completed,2023-02-15 01:15:27
42,1035,2026-03-13,hwoods,apowell@example.net,53,Basic,South,Bangalore,1,Groceries,3215.51,974.23,Pending,1993-05-03 04:04:45
216,1049,2026-04-28,uglover,alvinbryant@example.org,28,Premium,East,Bangalore,7,Books,2167.95,2750.1,,2004-07-03 02:56:15
183,1077,2025-08-03,monica71,justinberg@example.com,62,Basic,West,Chennai,20,Electronics,2520.62,1506.62,Completed,2000-07-12 22:36:32
282,1020,2025-09-22,blanchardanna,kcox@example.org,32,Basic,South,Mumbai,9,Books,1351.43,928.95,Pending,2021-03-17 22:20:47
165,1073,2025-09-11,jaredgomez,hbuchanan@example.org,60,Premium,North,Mumbai,1,Clothing,3138.72,1202.53,Completed,1997-02-27 14:57:03
50,1008,2025-12-24,michael48,lwells@example.net,53,Premium,South,Delhi,5,Books,4209.86,2781.36,Completed,1994-11-18 20:09:07
217,1018,2026-05-19,rreilly,heather00@example.com,47,Premium,North,Bangalore,5,Groceries,2472.31,2213.32,,1979-06-30 01:09:46
169,1195,2026-02-16,angelaoconnor,thomasbrian@example.org,35,Premium,North,Hyderabad,18,Clothing,1964.34,1403.77,Pending,2020-11-06 18:33:04
279,1154,2025-09-24,uwhitehead,omonroe@example.org,21,Basic,North,Hyderabad,11,Clothing,4739.09,1811.03,Completed,1988-04-16 17:35:23
117,1092,2026-06-18,johnjohnson,sbarajas@example.net,36,Premium,South,Delhi,4,Groceries,768.98,89.97,Completed,1978-10-22 18:13:39
251,1014,2026-04-17,lanetracey,orogers@example.org,60,Premium,North,Mumbai,19,Groceries,3168.0,2624.76,Pending,2004-11-18 23:08:52
190,1175,2026-01-25,frederick61,trujillostephanie@example.net,62,Premium,West,Mumbai,7,Electronics,4644.04,2735.77,,1998-11-27 21:35:07
6,1094,2026-05-12,johnsonrenee,alejandro24@example.com,61,Premium,South,Delhi,9,Groceries,1623.38,2563.0,,1981-01-30 06:00:57
127,1180,2025-08-01,icervantes,bakermandy@example.org,24,Premium,South,Chennai,17,Books,1274.02,2680.7,Completed,1994-01-26 21:40:49
220,1147,2025-11-12,kelleyjoshua,sean63@example.com,59,Premium,East,Mumbai,20,Clothing,1592.17,2244.13,Pending,2024-08-26 01:40:29
101,1069,2025-10-03,chavezkatherine,olsonbrandon@example.com,41,Basic,East,Chennai,15,Clothing,3310.52,910.14,Completed,1971-09-22 08:16:09
220,1158,2026-06-07,connorsimpson,daygeorge@example.net,39,Basic,North,Bangalore,4,Electronics,4654.29,1537.91,,2009-05-01 15:50:31
69,1063,2026-04-01,dianeschwartz,deanna10@example.com,24,Basic,West,Mumbai,14,Groceries,1519.86,1427.94,Completed,2016-03-16 06:11:03
200,1023,2025-09-19,jonbest,clarkdylan@example.com,21,Basic,West,Mumbai,2,Groceries,2128.59,827.41,Pending,2017-08-29 01:19:53
189,1057,2026-03-06,dhaas,christopher72@example.org,52,Basic,North,Mumbai,18,Electronics,601.09,2635.99,,2011-03-27 16:52:09
62,1114,2025-08-04,ccaldwell,marcus76@example.org,44,Basic,East,Chennai,19,Groceries,2226.4,1219.99,Completed,1997-12-04 04:26:57
53,1068,2026-05-31,sethtaylor,rodriguezclifford@example.net,29,Premium,West,Bangalore,5,Books,332.65,169.22,Pending,1991-11-23 12:12:49
51,1031,2026-02-13,dmaldonado,dfuller@example.com,48,Basic,West,Delhi,3,Books,4305.51,1012.54,Completed,2025-12-01 14:55:46
176,1180,2025-07-25,brucefernandez,zmaddox@example.net,59,Basic,North,Mumbai,11,Groceries,1915.94,1847.35,Completed,2012-11-16 22:58:57
128,1089,2025-10-19,huntmichele,bbutler@example.net,15,Basic,West,Hyderabad,17,Groceries,4676.41,1442.21,Pending,1970-11-15 01:52:40
281,1021,2025-10-31,ahenderson,laura47@example.net,38,Basic,East,Chennai,8,Electronics,2743.57,1791.42,,1998-07-23 23:03:43
180,1140,2025-12-23,kristindyer,wbrown@example.net,48,Basic,South,Mumbai,9,Clothing,2642.97,225.42,Completed,2001-07-08 17:45:27
35,1186,2026-05-18,amanda59,shannonmassey@example.org,57,Basic,South,Delhi,16,Books,2139.28,442.06,,1989-11-29 11:30:45
117,1096,2025-11-12,eoneill,donna55@example.org,20,Premium,East,Mumbai,2,Clothing,1079.45,1178.25,,2013-06-03 11:03:23
195,1155,2026-05-23,benjamin00,kara29@example.com,31,Basic,West,Mumbai,3,Groceries,1751.6,2777.4,Pending,1997-01-10 04:16:58
134,1114,2025-09-09,stevenmorgan,kimberlyibarra@example.com,52,Basic,East,Bangalore,4,Electronics,678.44,55.47,Pending,1979-04-05 16:17:09
150,1184,2025-10-20,bhernandez,rittersteven@example.net,57,Basic,West,Bangalore,17,Groceries,3471.34,607.98,Pending,1992-05-26 22:38:14
177,1178,2025-09-02,hfrench,taylorkathy@example.net,61,Basic,North,Bangalore,10,Groceries,160.01,1415.68,Pending,1990-12-24 09:14:18
262,1189,2025-07-25,irussell,caseykaren@example.net,21,Premium,South,Hyderabad,1,Electronics,3499.83,728.18,Completed,2017-12-13 03:56:38
159,1086,2026-04-13,sherrytyler,joycemargaret@example.com,39,Premium,North,Bangalore,13,Clothing,1726.62,1567.14,Completed,2005-04-05 09:44:50
65,1177,2026-04-03,georgemackenzie,calebhill@example.com,62,Basic,North,Bangalore,18,Groceries,768.26,846.62,,2023-01-18 14:13:33
29,1156,2026-03-03,petersonjay,jamesburns@example.com,34,Basic,West,Hyderabad,19,Books,622.88,390.65,,2004-01-02 12:09:23
101,1002,2025-07-11,ericmartinez,jacksonaustin@example.com,15,Premium,South,Mumbai,12,Electronics,197.04,1320.48,Pending,2014-04-09 07:44:16
220,1032,2026-05-15,powellregina,kelliehunter@example.net,65,Basic,South,Delhi,10,Clothing,3548.88,287.91,,2021-08-01 04:37:48
5,1000,2026-06-17,gonzalesalison,ucruz@example.org,30,Premium,West,Mumbai,13,Clothing,869.04,804.67,Completed,1996-03-17 21:08:51
267,1069,2026-05-25,charlesrios,tbutler@example.com,48,Basic,East,Delhi,16,Books,3326.24,1044.51,Completed,1986-02-03 05:43:44
219,1027,2026-02-16,joelbowers,jberger@example.org,47,Premium,West,Delhi,18,Clothing,2339.5,235.28,Completed,2021-05-05 05:46:34
64,1061,2025-11-06,warrenjohnson,wardcourtney@example.net,54,Premium,North,Hyderabad,4,Groceries,2020.29,165.47,Pending,1970-08-04 12:01:17
18,1075,2026-04-05,sandra65,williamskimberly@example.com,49,Premium,North,Delhi,15,Electronics,2361.25,2427.87,Pending,1979-01-23 04:49:31
202,1111,2026-03-27,kstone,gregory53@example.org,21,Basic,West,Bangalore,18,Electronics,4275.99,2573.39,Pending,2015-07-14 19:46:13
194,1135,2025-10-19,zcole,kevinsmith@example.net,41,Basic,South,Chennai,3,Clothing,2489.07,1307.61,,1983-01-26 18:12:46
9,1129,2025-12-18,curryveronica,wruiz@example.com,55,Basic,East,Mumbai,16,Books,3888.74,2216.28,Completed,1986-12-04 17:37:39
6,1021,2025-08-23,stricklandsean,lramos@example.org,28,Basic,West,Delhi,5,Electronics,387.68,1564.72,,1972-12-22 10:07:39
47,1090,2025-09-22,gibsonsteven,brownmichael@example.com,39,Premium,South,Chennai,15,Books,2603.96,76.31,Completed,2014-08-09 21:51:04
169,1197,2025-08-08,ramoslori,kscott@example.net,29,Basic,South,Bangalore,4,Books,3272.83,927.8,Pending,1986-10-23 02:47:26
223,1053,2026-06-06,blake27,megan83@example.net,23,Premium,East,Chennai,5,Electronics,2129.76,696.0,Completed,1999-05-07 07:29:14
70,1143,2026-03-03,gshaw,williamwalker@example.org,45,Basic,North,Mumbai,4,Electronics,1545.54,2740.64,Completed,1985-12-08 16:29:30
35,1037,2025-10-17,colemanrichard,aaron25@example.net,40,Basic,West,Delhi,3,Clothing,4079.43,804.51,Completed,2012-08-10 09:41:41
184,1019,2025-11-04,kevinfreeman,alexanderray@example.net,38,Basic,North,Hyderabad,8,Groceries,1867.37,1597.77,Completed,2003-05-21 04:25:49
119,1112,2025-07-12,fullerandrew,hrose@example.org,28,Premium,North,Mumbai,16,Groceries,170.38,2518.76,Pending,2021-06-07 09:02:08
8,1088,2025-11-19,stephanieberger,ycannon@example.net,24,Basic,North,Mumbai,13,Electronics,2103.93,908.82,,2013-04-13 16:10:58
176,1107,2025-12-05,bdennis,cherylwise@example.org,26,Premium,South,Bangalore,16,Electronics,4262.53,2403.98,Completed,1983-04-10 18:53:07
243,1055,2026-05-03,rthornton,randy51@example.com,23,Basic,East,Bangalore,12,Books,4967.43,1066.96,Completed,1980-08-04 21:05:53
261,1188,2026-06-15,andrewsdominic,xshaffer@example.net,31,Premium,North,Hyderabad,19,Books,749.44,1703.44,Completed,2011-09-11 15:19:32
78,1176,2026-06-01,jessica59,jeremiahbuckley@example.com,17,Basic,West,Bangalore,13,Clothing,1938.16,198.16,Pending,2007-12-11 10:33:08
182,1155,2025-10-19,andrewcarter,robinsongeorge@example.org,31,Premium,South,Bangalore,13,Electronics,1821.55,1674.49,Pending,2011-04-11 16:45:09
54,1144,2025-12-24,iroberts,armstrongbrandon@example.com,32,Basic,East,Delhi,3,Books,3312.34,2392.11,Completed,2007-07-18 13:04:52
178,1116,2025-07-06,mthompson,johnsmith@example.net,40,Basic,North,Chennai,12,Books,4867.23,357.59,Pending,1979-05-27 03:01:01
58,1194,2026-05-09,bruceronald,richardrivers@example.com,62,Premium,South,Mumbai,4,Electronics,1254.69,2490.55,Completed,1988-04-02 21:36:40
2,1112,2026-03-17,rsmith,sanchezlinda@example.net,61,Premium,West,Bangalore,10,Groceries,3647.25,1134.44,Pending,2024-08-08 13:20:29
266,1027,2026-03-21,abigailbarber,ulawrence@example.com,35,Basic,South,Delhi,1,Clothing,4561.79,646.33,Pending,2010-05-19 21:43:11
119,1172,2026-02-02,schneiderjessica,alicehudson@example.net,25,Basic,North,Delhi,3,Books,2077.34,2384.26,,2005-05-24 03:16:18
264,1039,2026-05-05,ericahicks,jonathan49@example.net,52,Basic,South,Bangalore,16,Books,2601.96,1742.33,Completed,1982-09-03 11:54:53
202,1022,2026-05-05,ghill,sarah14@example.org,42,Basic,West,Chennai,1,Groceries,1765.97,695.75,Completed,1984-01-24 07:51:04
273,1030,2025-08-09,peterscharles,williamsbrooke@example.com,60,Premium,North,Bangalore,19,Books,3037.65,2710.24,Completed,1980-07-08 11:32:26
232,1173,2025-12-20,martinwalter,william87@example.net,60,Premium,East,Chennai,5,Books,1322.46,1924.72,,1993-01-14 17:50:25
157,1152,2026-03-21,ashleyroberts,campbellmartha@example.com,48,Premium,West,Chennai,11,Electronics,1019.79,284.61,,2017-03-01 18:34:40
145,1013,2026-05-22,keithhampton,teresa49@example.net,59,Premium,West,Hyderabad,17,Groceries,3343.48,2611.39,,2024-11-18 15:03:44
75,1028,2025-12-04,franciswoods,mike65@example.net,19,Premium,South,Hyderabad,6,Electronics,1113.84,2106.3,,2015-03-21 22:34:27
102,1031,2025-08-28,wendyparker,thomas22@example.org,61,Basic,South,Delhi,7,Groceries,271.65,353.82,,2011-05-26 23:23:45
178,1093,2026-04-02,charris,justin99@example.com,20,Basic,South,Mumbai,18,Groceries,4344.07,303.86,Pending,1989-09-12 20:17:04
238,1118,2026-01-11,higginsmichael,victoriadavis@example.com,21,Basic,North,Mumbai,17,Books,1322.53,753.33,Pending,1984-01-12 23:31:40
27,1035,2025-06-28,wanda47,garnerrobert@example.org,35,Premium,East,Chennai,2,Books,1830.37,2708.41,Pending,2020-07-17 14:57:47
246,1028,2025-11-14,ryan42,sandratran@example.org,33,Basic,North,Mumbai,3,Electronics,3471.41,299.51,Completed,1974-04-04 03:55:21
109,1016,2025-11-23,patrick12,mbailey@example.org,52,Premium,North,Mumbai,11,Groceries,911.35,165.39,,1979-02-11 08:22:53
248,1103,2026-01-04,zrivera,matthewjones@example.net,45,Premium,South,Mumbai,20,Electronics,1616.06,1365.35,Pending,2015-04-01 09:14:46
187,1118,2026-01-22,christopher60,rebeccadelgado@example.org,45,Basic,West,Hyderabad,7,Books,3867.81,995.97,Completed,1994-07-24 21:12:45
89,1047,2025-12-22,toddjenkins,kerrbrian@example.org,51,Basic,West,Hyderabad,6,Books,3288.1,2707.1,Completed,1973-02-09 19:35:04
197,1115,2026-01-24,dominic14,benjaminbailey@example.net,44,Premium,East,Mumbai,6,Clothing,1214.79,1939.86,,1993-10-18 06:56:44
25,1172,2026-02-09,michaelle,john65@example.com,34,Basic,East,Delhi,13,Clothing,1207.17,689.38,Pending,2004-04-25 22:45:24
298,1081,2026-05-17,salasrodney,yking@example.org,54,Basic,West,Delhi,5,Groceries,3706.23,94.51,Completed,1999-09-15 13:51:15
169,1129,2026-04-09,davidcollins,romanantonio@example.org,54,Premium,South,Chennai,3,Clothing,2663.39,508.63,Pending,2026-05-10 18:54:10
286,1046,2026-05-25,gibsonchristine,uvelez@example.org,59,Basic,South,Hyderabad,18,Groceries,2511.53,1926.73,,1980-01-21 19:12:16
58,1179,2025-08-02,gbryan,bolson@example.org,64,Basic,West,Mumbai,6,Clothing,653.69,337.34,Completed,2023-05-12 11:30:19
227,1175,2025-10-06,tmcconnell,jessewilliamson@example.org,32,Premium,West,Hyderabad,4,Clothing,849.32,797.25,Pending,1984-10-11 19:37:24
140,1045,2025-09-29,ashley35,robertoconnell@example.com,40,Basic,East,Chennai,3,Electronics,4861.27,1025.08,Pending,1997-03-19 21:55:00
234,1124,2025-11-28,melvin34,smithamanda@example.net,48,Basic,North,Mumbai,17,Books,1997.39,905.04,Pending,1971-08-07 07:56:13
51,1185,2025-11-08,anthonybarrett,marilyncarter@example.com,60,Premium,North,Bangalore,4,Clothing,4094.53,50.62,,1993-07-08 08:15:02
54,1153,2026-06-25,pvillanueva,robertsonamanda@example.com,23,Basic,East,Hyderabad,14,Books,2445.82,1444.47,Pending,2024-10-22 19:22:17
164,1102,2026-06-21,brandonbuckley,pwood@example.net,38,Premium,North,Hyderabad,8,Electronics,1581.9,1293.57,Completed,1981-03-26 04:59:29
199,1071,2026-04-17,mrodriguez,michaelmiller@example.org,22,Premium,North,Delhi,1,Groceries,4953.79,846.39,,1991-08-03 21:28:31
98,1158,2026-01-29,lewiscarolyn,lisa73@example.net,36,Premium,South,Delhi,5,Clothing,2849.58,1631.99,,1983-11-25 04:26:34
175,1053,2026-04-17,vicki41,thomasdaniel@example.net,49,Premium,North,Bangalore,3,Clothing,1068.82,2810.16,Completed,1997-01-16 18:15:44
23,1145,2025-09-09,franklinmelissa,tylermurphy@example.org,47,Basic,South,Bangalore,12,Clothing,4460.83,1205.48,,2021-02-05 12:14:34
90,1135,2026-01-11,brittany39,butlerkenneth@example.net,22,Premium,East,Chennai,11,Groceries,2039.29,1456.96,,1980-01-02 00:01:26
248,1009,2025-08-26,derricknichols,michelemendoza@example.com,54,Basic,North,Bangalore,14,Clothing,3207.17,1100.79,Pending,2024-10-03 08:30:07
169,1012,2026-05-16,gregory11,barry69@example.com,30,Basic,East,Hyderabad,10,Books,778.28,1641.48,Pending,1970-03-22 03:26:20
222,1147,2026-06-05,obrienmichelle,brandi83@example.org,38,Premium,South,Bangalore,14,Clothing,3929.5,1690.68,,2014-10-11 06:46:11
275,1035,2026-01-23,alexanderdaniel,misty42@example.net,59,Premium,North,Chennai,6,Groceries,3907.14,1396.35,Completed,1970-09-12 23:38:37
105,1090,2026-03-30,alex53,reynoldsbarbara@example.com,42,Basic,East,Mumbai,18,Clothing,3492.34,2615.67,,2002-11-07 08:43:50
185,1004,2026-03-20,cummingstrevor,lguerrero@example.net,23,Basic,West,Hyderabad,20,Books,3608.76,1270.43,Completed,2015-05-01 18:58:59
32,1159,2026-01-29,russelljohn,lcooper@example.com,59,Premium,South,Bangalore,12,Groceries,4368.47,1770.84,Completed,2001-05-23 10:45:59
225,1060,2026-01-27,rogerrojas,blairandrew@example.com,55,Premium,West,Bangalore,7,Clothing,2353.28,2003.6,,1994-06-05 01:33:37
45,1140,2026-06-27,matthewsoto,donald65@example.net,65,Premium,West,Hyderabad,2,Books,968.72,1846.13,Pending,2020-11-21 03:41:41
81,1161,2026-04-02,millerwilliam,cmyers@example.org,51,Basic,East,Hyderabad,8,Books,4272.23,2062.51,,1990-03-29 04:03:11
58,1023,2026-03-07,megan47,brianlopez@example.net,44,Premium,West,Bangalore,11,Books,3554.25,966.49,Pending,2015-07-13 12:15:54
83,1155,2025-09-04,dustin69,ndominguez@example.org,24,Premium,South,Chennai,3,Groceries,4517.35,2043.53,,1986-08-27 05:34:12
99,1194,2025-08-12,rjones,vwade@example.com,26,Premium,South,Bangalore,12,Clothing,4334.11,2499.41,Pending,1996-06-24 12:45:13
186,1128,2025-12-19,kelly16,william87@example.com,30,Basic,West,Delhi,17,Groceries,3106.18,631.49,Pending,1991-11-01 21:58:04
173,1068,2026-01-28,vicki29,jacqueline23@example.org,58,Basic,North,Chennai,15,Clothing,997.17,1131.48,Pending,2023-12-26 17:27:13
285,1200,2025-09-06,reynoldsadam,benjaminjohnson@example.com,17,Basic,South,Delhi,7,Books,4386.75,2836.21,,1973-10-30 10:04:14
119,1022,2025-12-21,ucampbell,adkinsvalerie@example.net,29,Premium,East,Bangalore,9,Books,4382.59,661.67,Completed,1998-03-07 20:12:32
12,1167,2025-08-25,zwatson,ccain@example.org,15,Basic,South,Delhi,3,Groceries,2011.51,1250.58,Pending,2009-10-01 10:59:38
286,1171,2025-12-17,rebecca32,kristine97@example.net,36,Basic,West,Chennai,14,Groceries,2641.26,1910.18,,2021-07-08 16:36:42
220,1153,2026-06-11,mitchellcasey,collinsdaniel@example.org,39,Basic,East,Bangalore,20,Clothing,1597.64,2628.62,Pending,2026-03-21 18:55:13
92,1136,2025-12-28,evansrobert,gilmorealec@example.org,32,Basic,South,Delhi,4,Electronics,4369.78,294.2,Pending,1993-03-09 21:47:04
187,1099,2026-01-20,allenpatrick,holly44@example.org,23,Basic,West,Mumbai,14,Clothing,2818.18,1253.21,Completed,1985-06-09 22:32:59
283,1031,2025-09-01,ahorton,rwilson@example.com,49,Premium,West,Hyderabad,7,Groceries,2298.5,2579.35,Pending,2015-10-03 08:07:29
284,1123,2026-06-17,natasha05,virginiathomas@example.org,15,Basic,South,Delhi,10,Groceries,3641.35,2584.07,Pending,1974-07-29 20:35:18
266,1128,2025-08-27,jennifer85,vgriffin@example.org,26,Basic,East,Mumbai,11,Books,3217.1,1039.19,,1976-05-26 05:21:26
53,1056,2025-08-05,vmurillo,guzmanian@example.com,22,Premium,North,Bangalore,11,Electronics,414.35,309.99,Pending,1987-05-17 10:55:07
255,1134,2025-10-12,harpertracy,thomas87@example.com,31,Basic,West,Hyderabad,20,Clothing,782.57,2389.25,Pending,1987-04-18 22:55:22
297,1099,2025-07-09,bradleywong,chelsea84@example.net,45,Basic,South,Bangalore,12,Books,1987.84,2371.21,,1993-11-20 14:50:27
106,1103,2025-08-24,matthew24,jthompson@example.com,29,Basic,East,Chennai,6,Electronics,408.82,2862.19,,2002-03-28 01:51:55
257,1026,2026-03-29,angela71,evanbrown@example.org,27,Basic,East,Bangalore,17,Books,2631.63,367.14,,1975-11-04 19:34:58
230,1171,2025-12-08,vbutler,amandascott@example.com,20,Basic,West,Delhi,6,Groceries,1958.04,597.58,Pending,2018-03-27 04:48:35
154,1124,2026-02-12,mcruz,katherine99@example.org,23,Premium,West,Delhi,8,Clothing,4930.19,1154.27,Completed,1976-12-07 18:24:16
189,1141,2026-02-01,jennifer36,olivia91@example.net,25,Premium,North,Bangalore,3,Groceries,4088.75,1150.64,Completed,1998-01-20 02:15:32
97,1161,2026-05-14,bellbianca,katherinethomas@example.net,58,Basic,South,Mumbai,17,Clothing,2461.19,2039.32,Completed,1991-10-13 16:44:54
284,1101,2026-05-14,gkennedy,karenrogers@example.com,64,Premium,West,Bangalore,14,Electronics,3988.11,1810.31,Pending,1979-05-30 02:08:07
103,1054,2025-11-28,skirk,timdecker@example.com,25,Basic,West,Chennai,4,Electronics,844.75,2161.02,Pending,1979-08-29 18:11:47
129,1064,2026-04-08,timothy89,dmartinez@example.com,30,Basic,South,Delhi,11,Clothing,377.08,1666.88,,2001-02-09 05:45:05
290,1001,2025-10-24,andrea13,barnetttaylor@example.net,57,Premium,East,Delhi,20,Groceries,2810.91,2172.43,,1996-11-11 10:00:13
112,1065,2025-12-12,christina15,taylorwilkerson@example.org,18,Premium,North,Delhi,15,Groceries,2264.34,1607.04,,2026-05-18 18:57:07
48,1062,2026-03-28,elizabethcarr,emma53@example.org,47,Premium,West,Hyderabad,13,Electronics,693.78,2077.1,Completed,1997-05-01 23:19:26
23,1178,2026-04-23,richardmoreno,ethompson@example.net,35,Basic,South,Hyderabad,17,Books,4877.9,1315.84,Completed,1998-08-07 21:12:40
274,1163,2026-01-31,lisa35,stevedorsey@example.net,52,Premium,East,Hyderabad,5,Electronics,1705.28,1842.65,Completed,1978-01-20 08:30:00
128,1186,2025-09-09,goulddeborah,nmorales@example.com,22,Basic,South,Chennai,3,Books,4478.76,2246.05,Pending,1995-03-18 11:34:55
97,1040,2025-09-20,christina66,dawn62@example.org,27,Premium,South,Delhi,10,Clothing,2489.63,1417.2,,2014-01-02 03:16:18
96,1185,2026-05-22,smithpaul,bentleyamanda@example.org,35,Basic,North,Delhi,20,Electronics,2098.15,348.82,,2000-04-20 21:38:12
45,1132,2025-11-25,qrodriguez,vyoung@example.net,60,Premium,East,Hyderabad,18,Electronics,2479.88,2616.72,Completed,1997-09-17 20:34:40
234,1063,2026-06-09,sylvialozano,danielallen@example.org,54,Basic,South,Hyderabad,13,Clothing,668.03,286.46,Completed,1978-08-05 19:14:47
261,1037,2025-09-26,littleharold,fullerjohn@example.org,15,Basic,West,Delhi,3,Clothing,4822.86,2726.44,Completed,1985-04-29 20:35:08
277,1013,2025-09-17,thomasjoseph,ebrown@example.com,33,Basic,South,Chennai,17,Groceries,2005.07,2548.54,,1975-12-26 17:03:51
147,1192,2026-06-15,jody51,sophia02@example.org,41,Premium,East,Delhi,20,Books,2239.23,2846.96,,1991-02-24 19:01:38
95,1009,2025-10-16,david15,tinamartinez@example.org,55,Basic,South,Hyderabad,19,Electronics,2104.75,1574.76,,1986-01-19 17:06:36
19,1063,2026-03-25,ygray,raymond96@example.org,55,Premium,East,Mumbai,11,Books,3738.89,2767.5,Completed,2009-01-30 15:02:10
271,1179,2025-08-05,katherinemckee,bmorris@example.net,60,Premium,South,Hyderabad,5,Clothing,4008.08,2728.17,,1975-10-08 12:53:51
58,1199,2025-10-21,xsmith,christinedoyle@example.org,25,Basic,West,Hyderabad,11,Books,857.69,239.8,Completed,2005-01-01 13:31:01
11,1089,2026-02-17,johnnygonzalez,charles82@example.net,49,Basic,East,Delhi,8,Books,3663.78,2746.78,,1992-12-30 22:57:24
103,1155,2025-09-04,molinatheodore,zwallace@example.com,53,Basic,West,Mumbai,18,Groceries,1274.7,968.26,,1982-09-23 15:15:07
217,1153,2026-05-26,amandahines,jennifermichael@example.com,22,Premium,West,Bangalore,20,Clothing,552.75,404.91,Pending,2006-01-29 12:00:54
178,1040,2025-07-27,howellyvonne,tinawilliams@example.net,29,Premium,West,Chennai,20,Clothing,2144.35,2067.07,,2005-07-15 12:55:36
168,1153,2025-07-03,brianpitts,wdennis@example.com,15,Premium,South,Hyderabad,13,Groceries,876.26,1877.04,Completed,1989-05-19 10:59:05
203,1032,2026-05-10,gedwards,omartinez@example.org,43,Basic,South,Hyderabad,16,Electronics,2303.4,2656.5,Pending,1989-04-03 13:49:15
258,1129,2025-12-16,areid,matthew95@example.net,58,Premium,East,Delhi,12,Books,1536.19,2112.86,Completed,2003-07-20 11:38:43
75,1123,2025-09-28,eparker,sean12@example.net,39,Premium,East,Chennai,4,Electronics,1715.52,972.54,Pending,1979-03-05 23:31:11
52,1082,2026-03-17,vwilson,michael06@example.org,47,Basic,East,Chennai,15,Books,4696.89,2490.85,,2000-12-09 08:32:02
139,1137,2025-07-13,palmercynthia,spencesherry@example.com,54,Premium,West,Mumbai,2,Electronics,1524.14,1963.16,Pending,1987-11-16 10:24:52
105,1056,2026-05-14,johnmcdonald,meredithrocha@example.com,31,Basic,North,Bangalore,18,Groceries,3782.58,215.18,Completed,2020-12-14 11:29:43
228,1056,2026-02-19,hfigueroa,jenniferpitts@example.net,57,Premium,West,Chennai,13,Electronics,4289.7,2406.34,,1975-03-21 04:37:55
253,1071,2026-01-02,fpayne,jessica35@example.com,22,Premium,West,Delhi,5,Clothing,3371.92,2467.23,Completed,1978-02-25 21:16:38
81,1130,2026-06-23,jennysullivan,changjoseph@example.com,28,Premium,East,Chennai,2,Books,987.09,1656.85,Pending,2025-12-15 19:54:31
246,1107,2026-04-01,psmith,smithcharlene@example.org,35,Premium,East,Bangalore,7,Groceries,964.91,2369.54,Completed,1982-01-01 15:53:10
236,1003,2025-10-12,joshua99,bcervantes@example.com,21,Premium,East,Delhi,14,Books,864.4,1038.42,Completed,1983-01-28 23:52:51
235,1088,2025-09-01,erinsnyder,vargasjessica@example.com,19,Basic,North,Delhi,4,Books,1223.75,469.23,Pending,2010-06-25 07:17:42
182,1190,2025-11-24,cmeyer,tony61@example.net,61,Premium,East,Delhi,8,Electronics,1477.55,2107.8,,2002-06-08 03:34:39
115,1049,2026-01-22,victoria22,keithramirez@example.net,21,Premium,South,Hyderabad,2,Books,1170.01,85.29,,1990-12-27 13:08:28
91,1025,2025-12-29,orobles,jennifer78@example.org,52,Premium,West,Bangalore,15,Electronics,3866.47,1780.85,Completed,1986-04-19 10:15:29
105,1179,2026-05-14,wattsrichard,kristinarice@example.org,59,Premium,West,Hyderabad,8,Electronics,1478.62,2626.08,,2007-07-25 18:15:45
29,1110,2025-10-07,alexanderlopez,michael40@example.org,47,Premium,South,Chennai,8,Clothing,1245.53,338.95,Completed,1997-06-03 09:53:01
115,1126,2025-10-18,jenkinsdawn,sanchezdean@example.com,43,Premium,South,Bangalore,7,Clothing,2205.3,1575.41,Completed,2011-07-24 06:25:34
265,1124,2025-10-18,johnharris,melissa35@example.net,58,Basic,East,Chennai,20,Electronics,377.03,1434.63,Completed,2000-04-13 14:40:33
276,1102,2026-05-06,paulcannon,olivia25@example.org,27,Basic,North,Mumbai,11,Clothing,1935.7,1331.72,Completed,2003-04-05 07:51:04
70,1073,2026-06-03,florescurtis,byrdtammy@example.org,53,Premium,South,Hyderabad,17,Clothing,4017.58,568.06,Pending,2019-10-29 03:55:18
270,1186,2025-08-11,cynthia57,carpenterjohn@example.org,16,Premium,East,Mumbai,18,Clothing,3562.25,1188.83,,1978-12-02 15:43:59
190,1034,2026-01-18,ohiggins,daniel21@example.com,22,Basic,West,Chennai,11,Books,1717.07,2012.81,,2021-10-15 03:34:24
152,1186,2025-11-16,gibsonvirginia,ejacobs@example.org,27,Basic,North,Mumbai,18,Books,4135.41,1513.78,,1984-10-14 03:21:33
84,1132,2026-05-10,watsonjohnny,sdavis@example.net,60,Premium,North,Mumbai,14,Clothing,715.72,2210.78,,1989-09-01 18:32:22
211,1109,2025-11-11,krystalandrews,richardcook@example.org,21,Premium,South,Delhi,11,Books,1966.91,1419.2,,1985-03-02 21:32:48
16,1133,2025-10-08,cervantespeter,anthonycarter@example.org,46,Premium,North,Delhi,2,Books,4885.9,148.57,Completed,2024-05-18 00:44:02
45,1012,2026-04-22,ayalachristopher,lisa32@example.net,56,Premium,West,Mumbai,19,Books,4297.36,128.47,Completed,1982-03-20 06:35:58
177,1033,2025-11-27,heidi37,mckinneykevin@example.net,60,Basic,West,Chennai,4,Groceries,3975.34,2260.51,,1993-03-03 12:01:10
204,1179,2026-03-31,danielsmith,keith25@example.org,36,Premium,North,Chennai,6,Books,2618.87,2998.69,Completed,1972-06-18 02:28:56
131,1019,2026-05-08,woodsbreanna,zachary37@example.net,53,Basic,South,Chennai,2,Clothing,1981.85,742.3,Completed,2005-03-07 20:51:55
168,1145,2026-01-04,nicholasrodriguez,cheryljames@example.com,64,Basic,South,Mumbai,8,Books,3133.75,2043.19,,1985-01-08 16:39:03
64,1091,2025-10-22,williamswayne,ealvarez@example.org,36,Premium,West,Mumbai,2,Books,3552.42,1066.46,,2020-09-02 21:31:50
210,1016,2026-02-27,hallen,kimberlyalvarez@example.org,55,Basic,North,Bangalore,10,Clothing,1785.54,1100.35,Pending,2020-03-25 08:19:54
202,1193,2025-12-18,cruzluis,ashleymartin@example.org,28,Basic,South,Chennai,12,Books,3130.97,2371.39,,2004-01-08 22:20:34
13,1060,2025-08-25,ramosrobert,xmorris@example.net,52,Basic,East,Chennai,4,Clothing,3183.99,329.63,Completed,2023-08-08 16:22:01
70,1121,2026-04-12,garysullivan,katherinemay@example.com,45,Premium,South,Hyderabad,16,Clothing,4267.92,621.01,Pending,2017-12-19 15:54:44
33,1104,2026-04-19,irogers,rebecca45@example.net,63,Basic,North,Bangalore,14,Electronics,4901.13,2153.16,Completed,2007-04-07 19:10:49
176,1165,2025-06-30,wongkaitlin,thomas81@example.org,33,Basic,South,Chennai,14,Electronics,680.45,1299.71,Pending,1971-11-30 08:51:10
178,1194,2026-02-11,uhobbs,samuelyates@example.com,59,Premium,North,Mumbai,16,Groceries,1735.26,80.5,Completed,1996-03-08 10:53:52
203,1112,2026-03-05,ericthomas,areed@example.com,28,Basic,West,Hyderabad,16,Electronics,4489.98,1591.66,,1990-07-31 15:01:05
40,1091,2026-06-11,chenthomas,jortiz@example.org,48,Premium,North,Delhi,12,Groceries,1264.94,332.12,Pending,1978-04-08 23:45:34
8,1103,2026-05-22,brogers,hurleythomas@example.org,59,Basic,South,Delhi,7,Electronics,3635.09,1115.85,,2018-02-15 22:53:26
121,1126,2026-05-10,ryanjeremy,williamsbrooke@example.com,65,Basic,East,Mumbai,12,Electronics,4656.99,2432.84,Pending,2022-07-30 09:57:22
1,1049,2026-03-08,laura69,psmith@example.org,63,Premium,South,Delhi,19,Groceries,1461.87,129.84,Pending,1975-10-25 01:57:32
234,1197,2025-07-18,john87,taylorsusan@example.org,65,Premium,East,Delhi,16,Groceries,3984.66,2979.12,Pending,1989-06-29 21:26:08
229,1113,2025-08-26,jwilson,lindayoung@example.net,43,Basic,North,Mumbai,12,Groceries,3390.66,751.69,Pending,2022-06-19 20:42:51
213,1131,2025-12-23,albertalexander,kimberlyfoster@example.com,60,Premium,South,Mumbai,18,Electronics,3222.41,2804.22,Pending,1970-10-09 22:38:18
128,1116,2025-12-11,pwolfe,brendajacobs@example.com,56,Basic,North,Delhi,12,Groceries,2753.21,2530.62,Completed,2024-01-16 11:46:06
269,1159,2025-07-13,rmiller,justinevans@example.org,53,Premium,South,Delhi,14,Electronics,4459.07,502.16,Completed,2003-08-22 09:20:57
298,1132,2025-10-09,dwest,ilin@example.net,29,Basic,North,Bangalore,8,Books,1926.66,897.42,,1979-11-01 04:57:34
35,1187,2025-10-06,belljessica,seanpotter@example.org,53,Basic,North,Chennai,17,Groceries,2091.06,2209.75,Pending,2004-10-13 20:09:59
256,1135,2026-02-26,mcox,tammy17@example.org,35,Premium,East,Chennai,2,Groceries,1796.17,2733.05,,2014-12-02 07:17:14
97,1054,2025-08-07,nreynolds,njones@example.com,48,Premium,North,Bangalore,9,Books,243.5,1184.18,Pending,2003-06-11 08:08:45
23,1194,2025-08-27,johnfrancis,jorge47@example.net,16,Basic,West,Chennai,8,Books,1529.85,294.57,,2002-05-23 16:59:10
195,1081,2025-07-26,jglover,stephanie56@example.com,50,Basic,East,Mumbai,13,Electronics,2927.65,1860.52,Pending,2025-02-01 05:10:39
292,1103,2025-12-05,austin41,leeroger@example.com,40,Premium,East,Mumbai,19,Electronics,1990.95,827.94,Completed,1997-09-13 14:27:47
200,1053,2025-07-12,wwilliams,cuevaspenny@example.org,30,Basic,South,Hyderabad,7,Clothing,3590.64,2530.14,,2015-12-06 12:07:50
218,1184,2026-01-13,dcrawford,william14@example.net,30,Basic,West,Hyderabad,19,Groceries,3855.44,1452.63,Completed,1978-03-29 02:40:38
282,1092,2025-12-03,yschwartz,michaelharmon@example.org,24,Basic,South,Delhi,19,Groceries,3782.18,1819.74,Completed,2016-11-16 16:59:47
2,1055,2026-02-04,james96,mbrady@example.net,50,Premium,West,Delhi,17,Groceries,380.73,1444.49,Completed,2016-05-08 15:44:54
71,1186,2026-05-28,ashley69,teresa75@example.com,39,Basic,East,Mumbai,5,Groceries,2283.78,509.69,,1986-08-22 21:34:27
50,1057,2026-01-19,gateslawrence,upearson@example.org,18,Premium,West,Delhi,14,Groceries,2132.93,184.62,Completed,1970-04-09 07:28:06
43,1186,2025-10-08,julian17,vickiecohen@example.net,43,Basic,West,Mumbai,3,Electronics,2023.2,114.91,,2011-12-11 18:35:36
238,1080,2026-02-13,moranmatthew,zachary13@example.com,31,Basic,South,Bangalore,14,Clothing,1767.97,168.04,Completed,1993-01-02 13:29:29
81,1110,2026-02-26,lindsey98,rlopez@example.com,54,Premium,South,Delhi,10,Clothing,3562.87,752.82,Pending,1986-01-04 12:16:35
38,1045,2026-02-19,hernandezfrances,tiffanylee@example.net,57,Basic,West,Chennai,8,Books,1502.5,538.91,Pending,2021-03-07 03:44:50
241,1180,2026-04-06,oharper,thendricks@example.net,63,Basic,West,Delhi,6,Electronics,2875.7,2931.11,,2008-02-28 10:44:01
118,1047,2026-01-04,michellejohnston,kenneththomas@example.org,56,Premium,West,Chennai,13,Books,1477.38,2095.86,Completed,1977-05-28 00:23:33
270,1126,2025-10-23,eyates,jennifer41@example.net,45,Basic,West,Delhi,2,Groceries,4529.29,212.05,,2011-02-10 14:06:23
204,1141,2025-07-18,williamsjohn,hadams@example.com,61,Basic,North,Chennai,8,Clothing,3617.76,1677.07,Completed,1995-11-07 10:27:07
292,1068,2025-08-15,ortizjonathan,williamsrobert@example.net,47,Premium,North,Delhi,14,Clothing,3504.75,1209.95,Pending,1972-10-08 13:30:09
299,1082,2026-01-01,sharon20,tonitate@example.org,40,Premium,South,Bangalore,3,Electronics,3420.68,1630.39,,1996-04-20 09:02:53
184,1051,2026-04-02,wardangela,julie67@example.com,50,Basic,South,Delhi,7,Clothing,919.25,2046.68,Pending,1991-05-28 02:28:12
115,1077,2025-10-26,emily06,scottsamantha@example.net,53,Premium,West,Chennai,12,Books,3004.71,1160.16,Pending,2025-02-05 16:00:04
191,1121,2025-08-05,kimberly13,mmiller@example.net,45,Basic,West,Hyderabad,17,Clothing,2474.25,492.93,,2010-10-30 19:54:00
53,1185,2025-07-26,leelisa,robinsonandrea@example.org,42,Premium,East,Chennai,12,Groceries,1559.09,242.52,,1993-05-19 11:22:47
185,1137,2025-06-30,prodriguez,megan64@example.com,42,Basic,South,Bangalore,4,Clothing,523.7,1977.87,Pending,1991-11-23 15:57:38
158,1126,2026-02-21,nicoleingram,william34@example.org,56,Basic,East,Chennai,6,Books,4867.45,550.9,Pending,1995-03-11 21:39:51
219,1021,2025-10-24,ramosjoseph,brettwest@example.org,33,Premium,South,Hyderabad,17,Clothing,4892.03,2216.12,Pending,2004-02-14 10:54:44
74,1059,2026-03-08,ortiznicholas,alexiswarner@example.org,23,Basic,South,Delhi,5,Electronics,128.27,2124.39,,2019-05-26 04:59:16
116,1142,2025-08-04,jessica96,wrighttimothy@example.org,38,Premium,East,Chennai,8,Clothing,1797.48,873.7,Completed,1972-01-30 20:34:57
199,1099,2025-10-11,staceytucker,nyoung@example.org,28,Basic,East,Chennai,13,Books,3164.14,2950.29,Completed,1972-07-15 10:43:23
142,1067,2025-11-25,timothy70,jessica28@example.com,26,Basic,North,Bangalore,20,Electronics,733.22,2401.56,Pending,1998-10-25 18:48:47
221,1027,2026-04-18,vsanchez,pughtimothy@example.org,35,Premium,East,Chennai,16,Groceries,4181.98,1399.68,Completed,2006-09-12 19:13:05
62,1080,2025-07-09,vstewart,michael58@example.com,51,Premium,West,Mumbai,14,Clothing,4696.57,2067.28,,2015-03-15 18:37:00
104,1003,2026-06-05,jkelly,katrina34@example.org,30,Basic,West,Mumbai,1,Clothing,1065.17,1106.68,,2009-07-26 16:38:47
122,1022,2026-01-03,pbond,candacerobinson@example.org,15,Premium,South,Bangalore,3,Books,860.86,1684.82,Completed,2002-08-19 03:16:22
57,1095,2025-09-24,gilmoreamber,ashley71@example.org,27,Premium,East,Hyderabad,7,Clothing,1040.08,1667.88,Completed,1972-08-03 22:15:53
140,1162,2026-06-25,youngerica,bethroy@example.net,38,Premium,North,Mumbai,11,Groceries,3403.21,1726.79,Pending,1978-03-07 14:51:28
239,1088,2026-02-18,davidtran,johnmiranda@example.net,46,Premium,North,Hyderabad,15,Books,2465.36,2317.73,Pending,1996-01-12 22:06:20
158,1162,2026-04-21,christopherwilliams,nelsonkenneth@example.com,55,Premium,East,Chennai,8,Clothing,4359.58,1761.86,,1995-06-03 21:50:15
235,1161,2025-12-11,russell04,whitetracie@example.org,30,Basic,West,Chennai,1,Clothing,2665.6,1142.83,,2004-09-28 19:46:03
265,1131,2025-10-09,chungtammy,cassandra99@example.com,16,Basic,North,Mumbai,1,Groceries,1339.96,454.22,Completed,1997-12-28 01:53:58
270,1033,2025-08-23,ljohnson,wilsonstacey@example.net,62,Premium,South,Chennai,6,Groceries,1978.7,2357.22,Pending,2016-03-12 18:55:04
90,1002,2025-07-06,xwilliams,guerrerojoshua@example.org,62,Basic,North,Bangalore,7,Groceries,1373.64,261.66,,2014-03-26 06:26:18
24,1029,2025-09-12,gordonwilliam,vherring@example.org,48,Basic,West,Mumbai,5,Clothing,4236.11,88.66,Completed,2006-12-19 09:52:26
7,1152,2025-07-17,cherylmedina,stewartgabriela@example.net,50,Premium,North,Hyderabad,16,Groceries,3382.01,1720.03,,1970-04-09 07:39:44
34,1089,2025-11-11,mark02,bridget70@example.org,40,Basic,West,Chennai,2,Clothing,2167.16,495.31,,1975-04-10 17:02:39
196,1056,2025-11-06,janet24,elizabeth24@example.com,25,Basic,South,Bangalore,1,Electronics,1530.38,2706.07,Completed,1971-03-24 10:23:25
136,1069,2025-09-15,erica50,erindiaz@example.net,19,Basic,South,Bangalore,8,Clothing,4189.29,2983.08,,1970-10-28 23:58:50
164,1035,2025-07-10,john22,rchoi@example.org,60,Premium,North,Mumbai,10,Electronics,2024.38,235.77,Completed,2023-06-08 16:28:22
189,1161,2026-06-07,egarcia,fortiz@example.net,38,Premium,South,Mumbai,7,Electronics,1427.56,1763.73,Pending,1984-05-19 19:11:34
258,1011,2026-06-16,ashley98,mendozajessica@example.org,36,Premium,North,Hyderabad,15,Clothing,4196.52,2138.23,Completed,1984-05-16 21:59:06
222,1155,2026-04-11,gordonsarah,nicholasbush@example.org,27,Premium,West,Bangalore,19,Groceries,4851.09,1693.79,,1999-09-23 01:51:08
124,1068,2025-11-27,donna63,johnsonjulie@example.org,28,Basic,West,Bangalore,17,Books,3954.27,1675.95,,2011-09-02 11:53:09
268,1188,2026-05-23,campbellandrew,christophergarner@example.net,37,Basic,South,Hyderabad,18,Groceries,3735.84,251.77,,1984-09-09 15:35:10
184,1057,2025-07-05,scott19,elizabethfarrell@example.com,51,Premium,West,Hyderabad,1,Books,2247.93,493.88,Pending,1987-04-03 16:15:37
287,1115,2026-06-22,josephporter,hrobertson@example.com,43,Premium,West,Mumbai,4,Electronics,4991.98,1365.33,Completed,1995-12-18 07:50:19
242,1158,2026-05-31,michele02,logan62@example.com,36,Basic,South,Bangalore,13,Groceries,4761.32,1062.06,,1985-01-19 17:51:34
105,1060,2026-05-30,kimberlyhaney,gfriedman@example.org,60,Premium,West,Bangalore,8,Groceries,4446.58,2983.86,,1993-07-17 08:38:40
141,1067,2025-07-08,thomasmark,thomasschneider@example.com,62,Premium,South,Mumbai,13,Clothing,1733.29,572.68,Pending,1979-09-10 20:17:04
269,1023,2025-10-19,conniekim,lhopkins@example.org,49,Basic,South,Hyderabad,8,Groceries,4964.39,1266.79,Pending,2016-08-23 16:31:50
120,1021,2026-01-26,tparker,campbellemily@example.com,59,Premium,East,Bangalore,19,Electronics,1681.43,207.6,Completed,2019-07-31 10:15:49
15,1145,2026-02-18,grimesjesse,nicole78@example.com,34,Basic,East,Hyderabad,19,Groceries,1001.28,2471.95,Pending,2022-08-15 01:02:18
154,1170,2026-01-31,mckinneyashley,darinwilson@example.net,28,Basic,West,Delhi,13,Books,4522.44,1476.19,Completed,1979-09-07 16:56:56
115,1096,2026-04-29,rebeccaarnold,sroy@example.org,58,Premium,North,Chennai,14,Groceries,1924.61,1055.86,Pending,2014-05-08 10:16:59
50,1050,2026-04-22,nlopez,xholland@example.org,24,Premium,West,Hyderabad,14,Books,736.67,2584.16,Pending,1979-08-10 13:03:50
80,1038,2025-11-05,randy56,qfletcher@example.net,48,Basic,West,Hyderabad,15,Groceries,3815.34,2706.91,,1994-04-12 23:52:39
30,1161,2026-01-14,perezlauren,clarkmary@example.org,31,Basic,West,Bangalore,14,Electronics,1742.32,2111.35,Completed,2017-04-24 03:47:06
46,1044,2025-11-05,vdaniels,rebecca97@example.com,20,Basic,West,Bangalore,15,Electronics,2827.54,1298.93,Completed,2008-04-12 01:47:54
272,1081,2025-09-16,clarkrebecca,aarellano@example.net,29,Premium,South,Hyderabad,1,Electronics,763.47,667.51,Pending,1999-01-19 03:25:25
144,1011,2026-05-21,maria49,christopher54@example.net,20,Basic,South,Delhi,12,Electronics,668.83,2871.82,Pending,2008-04-28 23:07:09
27,1171,2026-06-12,qhunter,wbartlett@example.org,51,Basic,West,Bangalore,4,Books,201.63,2611.35,Pending,2023-01-06 13:59:59
63,1009,2025-07-08,lmurray,markschroeder@example.org,17,Premium,East,Delhi,19,Electronics,3650.97,417.8,,1991-03-16 02:53:36
40,1008,2026-01-16,rramirez,gking@example.org,41,Basic,West,Hyderabad,13,Groceries,3061.06,2535.15,Completed,1991-01-01 18:38:13
42,1165,2025-11-19,julie72,preston50@example.net,36,Premium,West,Chennai,7,Clothing,2558.96,594.43,Pending,2018-06-05 10:43:43
128,1155,2025-11-08,vwhite,youngdawn@example.org,49,Premium,North,Mumbai,18,Books,773.08,1510.08,Completed,2012-12-26 22:02:31
198,1131,2025-12-29,clarkelorraine,dluna@example.com,46,Basic,West,Chennai,20,Electronics,1304.75,790.64,Completed,2000-09-18 03:30:05
136,1058,2026-02-02,sarahjones,mackmason@example.org,39,Basic,North,Delhi,17,Electronics,2387.28,2787.83,Pending,1990-12-16 05:57:09
258,1119,2026-03-06,julie86,gregorybyrd@example.org,63,Basic,West,Mumbai,10,Electronics,3933.33,1933.22,Completed,1970-07-22 04:15:38
289,1194,2025-12-18,qspencer,franklinaudrey@example.org,59,Premium,West,Bangalore,7,Groceries,946.11,997.39,,2014-09-11 00:01:45
219,1070,2025-08-18,katherine25,salinasricky@example.org,33,Basic,North,Chennai,14,Books,3725.82,1152.03,Completed,2019-05-03 16:12:47
96,1137,2025-11-09,jreeves,jessicajordan@example.com,35,Premium,East,Hyderabad,5,Clothing,952.23,628.01,Completed,2017-01-01 06:44:07
243,1033,2026-05-13,xyates,swansonkristina@example.com,20,Premium,South,Chennai,3,Books,4592.61,1309.09,Pending,2025-03-14 04:28:09
58,1166,2025-12-19,howen,harristina@example.com,43,Basic,South,Mumbai,11,Electronics,4897.57,2974.23,Pending,1991-04-01 07:00:03
139,1199,2025-08-09,gavin02,ahines@example.org,15,Basic,East,Chennai,18,Books,3059.46,1097.58,,2001-12-04 14:26:12
15,1049,2026-01-06,jacob60,farmerjames@example.com,43,Premium,West,Mumbai,13,Books,3311.29,416.75,Pending,1979-04-21 00:59:47
53,1084,2025-07-03,michael04,amber13@example.com,34,Basic,South,Chennai,20,Electronics,1352.4,2931.43,Completed,2020-08-21 22:55:06
73,1113,2026-03-20,onealrichard,zsnyder@example.net,33,Premium,East,Delhi,6,Groceries,3064.39,1667.26,Completed,2001-11-29 01:18:40
15,1091,2026-01-23,lisahall,richardspencer@example.org,48,Premium,West,Mumbai,4,Books,4602.67,827.46,,1978-01-29 23:11:54
176,1036,2026-03-02,rachel22,tlam@example.com,17,Premium,West,Hyderabad,2,Clothing,1929.21,514.31,,2006-03-29 21:09:14
3,1130,2025-12-13,thomasbradley,bateschristopher@example.com,41,Premium,South,Bangalore,9,Electronics,1786.8,134.14,,2014-11-09 06:07:31
133,1181,2026-03-29,paula67,jeffreyvega@example.org,23,Premium,South,Chennai,9,Electronics,3150.19,1830.96,,1974-03-05 03:14:08
41,1017,2025-09-28,kristi39,gregandrews@example.net,59,Premium,West,Bangalore,3,Electronics,2964.5,2472.93,Pending,2000-11-24 21:41:41
53,1122,2025-10-13,garciapaul,terryjenkins@example.org,46,Premium,East,Bangalore,7,Clothing,1386.28,1361.66,Pending,2013-06-02 17:24:23
26,1085,2025-08-16,klong,jameskent@example.net,21,Premium,East,Mumbai,10,Books,4799.16,1313.99,Pending,2007-04-26 18:32:58
199,1119,2025-07-02,trevor19,jeremyfernandez@example.org,53,Basic,North,Mumbai,9,Books,822.55,292.49,Completed,2004-01-28 09:18:04
90,1062,2026-05-23,brandon29,kylealexander@example.net,51,Basic,West,Hyderabad,12,Books,4859.04,2629.76,,1997-07-16 10:46:58
140,1139,2025-07-31,josephsmith,annaespinoza@example.net,64,Basic,East,Chennai,13,Clothing,3962.7,1476.98,Completed,1976-02-29 04:11:48
168,1098,2025-10-26,brownstephen,qhickman@example.net,32,Premium,East,Chennai,9,Groceries,2936.47,353.97,,1979-11-02 07:06:29
299,1011,2025-11-03,gdrake,meganzimmerman@example.org,48,Basic,North,Bangalore,7,Books,2433.06,2348.01,Pending,1984-01-27 14:48:50
259,1021,2025-06-27,myersjennifer,evanskristi@example.org,39,Premium,West,Bangalore,3,Electronics,2183.41,166.96,Pending,2006-05-21 20:32:03
122,1075,2025-08-09,hardyemily,justinmejia@example.com,23,Premium,West,Hyderabad,14,Electronics,679.39,1392.21,Pending,2002-10-03 13:52:07
150,1159,2026-05-22,ryanwilliams,davecross@example.com,18,Premium,West,Chennai,15,Electronics,3564.57,1769.26,Pending,1981-01-07 20:20:25
84,1040,2025-11-18,christopherflores,brandonmcguire@example.net,47,Basic,South,Bangalore,18,Groceries,4149.29,1254.37,,1976-07-12 06:08:48
236,1100,2026-03-16,hjohnson,johnsonmichael@example.org,64,Premium,North,Chennai,8,Groceries,2247.95,2370.93,Completed,1988-07-13 15:16:26
223,1163,2025-07-23,georgerios,hcarroll@example.org,26,Basic,North,Mumbai,13,Electronics,1602.12,245.0,Completed,2025-09-10 03:40:24
252,1102,2026-02-03,amy44,zpham@example.com,19,Premium,North,Chennai,10,Clothing,4651.45,1315.71,,1986-03-11 14:35:46
9,1079,2026-02-01,kennedydanielle,brian61@example.net,21,Basic,West,Mumbai,17,Clothing,2349.44,703.17,,1996-03-30 11:18:08
122,1133,2026-01-28,johnflowers,jeremiahcrawford@example.com,41,Basic,West,Hyderabad,1,Books,513.26,1968.23,Completed,1982-05-22 12:44:46
94,1084,2026-05-20,lisa92,lwhite@example.com,15,Basic,South,Chennai,19,Books,557.49,1391.26,,2006-01-01 17:59:45
136,1060,2025-12-25,ana53,meganthompson@example.net,65,Basic,North,Hyderabad,10,Groceries,845.74,1448.87,Pending,1983-03-24 08:33:10
92,1142,2026-03-24,msanchez,mooncolin@example.com,35,Basic,North,Bangalore,8,Books,614.47,361.35,Pending,2009-09-03 10:36:27
267,1187,2025-07-19,gallagherwendy,julia98@example.com,35,Premium,North,Mumbai,8,Books,1907.18,615.23,Completed,2018-10-09 19:06:34
161,1089,2026-04-17,ramirezjason,burkesteven@example.net,48,Basic,South,Hyderabad,6,Electronics,2356.25,2974.77,Completed,2025-08-13 08:53:33
57,1174,2025-10-06,ktaylor,bridget54@example.org,19,Premium,South,Bangalore,19,Clothing,2816.61,2875.15,Pending,1999-12-31 09:00:14
86,1024,2026-01-11,wooddanielle,antonio38@example.org,34,Premium,West,Bangalore,20,Groceries,1394.06,1789.28,Pending,2025-10-12 16:09:07
67,1167,2026-01-23,katherineparrish,lwhite@example.net,26,Premium,South,Mumbai,7,Electronics,2397.74,253.63,,1984-06-05 11:46:45
110,1122,2025-11-28,rothsherri,amcintyre@example.com,47,Basic,West,Bangalore,17,Books,4089.49,329.84,Pending,1997-03-02 11:27:36
200,1155,2026-04-30,rgreen,stevenperez@example.net,34,Premium,West,Hyderabad,9,Clothing,3068.77,2660.97,Completed,1987-04-09 17:37:23
82,1178,2025-12-27,destinyharrell,shaneowens@example.com,21,Basic,North,Mumbai,4,Electronics,4317.85,1092.52,,2017-10-24 20:23:55
276,1076,2025-12-07,jeffrey76,robertbaker@example.net,39,Premium,South,Hyderabad,12,Clothing,4864.03,271.82,,2015-07-16 03:37:28
126,1200,2026-02-03,sabrinabrown,joseph39@example.org,49,Premium,North,Delhi,14,Clothing,3817.62,2560.83,,1980-11-20 14:32:11
252,1121,2026-04-06,matthew73,williamyoung@example.org,21,Basic,West,Chennai,11,Clothing,1682.8,366.6,Pending,2002-03-08 09:09:39
130,1170,2025-08-21,amycole,wmiller@example.com,55,Basic,North,Chennai,10,Books,2618.24,2773.09,,2018-03-08 15:04:57
67,1084,2025-08-06,jcollier,victor95@example.org,19,Premium,South,Mumbai,13,Clothing,4486.26,756.0,Pending,2005-11-25 14:59:22
