course_id,learner_id,enrolment_id,enrol_date,expected_completion_date,actual_completion_date,status,progress_pct,last_activity_date,assessment_score,attempts,feedback_rating,certificate_issued,learning_duration_days,completion_delay_days,learner_name,email,phone_number,city,registration_date,subscription_type,course_title,category,instructor_id,instructor_name,duration_hours,difficulty_level,price_inr,days_since_last_activity,engagement_status
CRS001,LRN0376,ENR00460,2024-01-13,2024-02-12,2024-02-21,Completed,100,2024-02-21,79.22,1,2,Yes,39,9,Preeti Bose,preeti.bose.376@hotmail.com,9573065240,Chandigarh,2023-03-25,Basic,Python for Data Science,Data Science,INS009,Suresh Gupta,15,Intermediate,2986,879,Disengaged
CRS012,LRN0078,ENR01153,2024-02-06,2024-03-17,,In Progress,15,2024-03-27,,1,,No,,,Shreya Mehta,shreya.mehta.78@outlook.com,9671369594,Mumbai,2023-11-06,Basic,Motion Graphics & Animation,Design,INS013,Manish Verma,20,Beginner,201,844,Disengaged
CRS006,LRN0360,ENR00358,2024-01-31,2024-02-10,2024-02-03,Completed,100,2024-02-03,99.66,1,5,Yes,3,-7,Ritika Pillai,ritika.pillai.360@yahoo.com,9647598762,Bhopal,2022-01-24,Free,HTML & CSS Mastery,Web Development,INS015,Unknown,5,Intermediate,2276,897,Disengaged
CRS015,LRN0300,ENR01913,2024-01-23,2024-02-02,,Dropped,12,2024-01-28,,1,,No,,,Megha Reddy,megha.reddy.300@outlook.com,9851027261,Lucknow,2022-07-20,Free,Azure Data Engineering,Cloud Computing,INS013,Manish Verma,5,Beginner,942,903,Disengaged
CRS036,LRN0193,ENR00921,2024-01-04,2024-01-24,,In Progress,51,2024-03-26,,1,,No,,,Rahul Patel,rahul.patel.193@hotmail.com,9444721264,Chennai,2023-05-11,Premium,Advanced Python OOP,Data Science,INS006,Priya Singh,10,Advanced,7011,845,Disengaged
CRS006,LRN0320,ENR01282,2024-01-08,2024-01-18,2024-01-11,Completed,100,2024-01-11,93.7,1,4,Yes,3,-7,Preeti Chatterjee,preeti.chatterjee.320@rediffmail.com,9821009968,Delhi,2022-11-09,Free,HTML & CSS Mastery,Web Development,INS015,Unknown,5,Intermediate,2276,920,Disengaged
CRS007,LRN0207,ENR01309,2024-01-17,2024-02-26,,Not Started,0,,,1,,No,,,Amit Kumar,amit.kumar.207@rediffmail.com,9341252866,Bengaluru,2023-08-12,Basic,Business Analytics Essentials,Business,INS003,Arjun Patel,20,Advanced,10604,,Disengaged
CRS052,LRN0104,ENR00947,2024-02-04,2024-04-24,2024-03-04,Completed,100,2024-03-04,97.98,1,4,Yes,29,-51,Pooja Agarwal,pooja.agarwal.104@yahoo.com,9968164535,Delhi,2023-06-07,Basic,Svelte & SvelteKit,Web Development,INS005,Deepak Joshi,40,Intermediate,4129,867,Disengaged
CRS018,LRN0393,ENR00254,2024-01-29,2024-02-28,,Dropped,30,2024-02-08,,3,,No,,,Preeti Pillai,preeti.pillai.393@gmail.com,9833146591,Surat,2023-02-28,Basic,Flutter App Development,Mobile Development,INS006,Priya Singh,15,Beginner,875,892,Disengaged
CRS040,LRN0301,ENR00965,2024-02-14,2024-03-15,,Not Started,0,,,1,,No,,,Sunita Mehta,sunita.mehta.301@hotmail.com,9735160917,Surat,2023-08-27,Enterprise,TypeScript Advanced,Web Development,INS009,Suresh Gupta,15,Beginner,786,,Disengaged
CRS060,LRN0179,ENR00531,2024-01-04,2024-02-03,,Not Started,0,,,1,,No,,,Preeti Mukherjee,preeti.mukherjee.179@rediffmail.com,9996423536,Bhopal,2022-09-09,Basic,Bayesian Statistics,Data Science,INS006,Unknown,15,Intermediate,1231,,Disengaged
CRS057,LRN0491,ENR00470,2024-03-08,2024-03-18,2024-03-24,Completed,100,2024-03-24,64.19,1,5,Yes,16,6,Megha Kapoor,megha.kapoor.491@rediffmail.com,9929751702,Delhi,2022-11-12,Free,Microservices Architecture,Cloud Computing,INS006,Priya Singh,5,Beginner,604,847,Disengaged
CRS007,LRN0279,ENR00976,2024-02-23,2024-04-03,,In Progress,65,,,1,,No,,,Suresh Pandey,suresh.pandey.279@rediffmail.com,9494717099,Delhi,2023-04-29,Premium,Business Analytics Essentials,Business,INS003,Arjun Patel,20,Advanced,10604,,Disengaged
CRS060,LRN0298,ENR01644,2024-02-12,2024-03-13,2024-03-07,Completed,100,2024-03-07,46.14,1,3,No,24,-6,Sunita Agarwal,sunita.agarwal.298@rediffmail.com,9088019948,Hyderabad,2023-11-02,Premium,Bayesian Statistics,Data Science,INS006,Unknown,15,Intermediate,1231,864,Disengaged
CRS057,LRN0026,ENR00663,2024-03-17,2024-03-27,,In Progress,64,2024-03-21,,1,,No,,,Kavya Iyer,kavya.iyer.26@yahoo.com,9740164005,Surat,2022-09-26,Free,Microservices Architecture,Cloud Computing,INS006,Priya Singh,5,Beginner,604,850,Disengaged
CRS026,LRN0401,ENR00181,2024-02-21,2024-03-02,,Dropped,0,2024-03-04,,1,,No,,,Suresh Banerjee,suresh.banerjee.401@rediffmail.com,9621689363,Bengaluru,2023-03-13,Enterprise,Full Stack Django,Web Development,INS008,Kavita Reddy,5,Advanced,10918,867,Disengaged
CRS035,LRN0458,ENR01150,2024-02-17,2024-05-07,2024-03-31,Completed,100,2024-03-31,86.17,1,2,Yes,43,-37,Siddharth Pillai,siddharth.pillai.458@gmail.com,9627128639,Ahmedabad,2022-09-23,Free,React Native Cross-Platform,Mobile Development,INS002,Meera Nair,40,Beginner,66,840,Disengaged
CRS029,LRN0285,ENR00279,2024-02-10,2024-04-30,2024-02-21,Completed,100,2024-02-21,76.63,1,1,Yes,11,-69,Sunita Sharma,sunita.sharma.285@outlook.com,9332309821,Chandigarh,2023-10-29,Premium,Brand Identity Design,Design,INS010,Anjali Iyer,40,Intermediate,4998,879,Disengaged
CRS003,LRN0333,ENR00948,2024-03-13,2024-04-02,,Dropped,35,2024-03-19,,3,,No,,,Geeta Sharma,geeta.sharma.333@rediffmail.com,9302992280,Bengaluru,2022-02-27,Free,Deep Learning with TensorFlow,AI & ML,INS004,Sunita Rao,10,Advanced,13612,852,Disengaged
CRS026,LRN0274,ENR01301,2024-01-08,2024-01-18,,Dropped,2,2024-01-22,,1,,No,,,Ritika Agarwal,ritika.agarwal.274@hotmail.com,9657437489,Lucknow,2022-04-15,Free,Full Stack Django,Web Development,INS008,Kavita Reddy,5,Advanced,10918,909,Disengaged
CRS039,LRN0015,ENR00568,2024-01-06,2024-03-26,,Not Started,0,,,1,,No,,,Karan Jain,karan.jain.15@hotmail.com,9031051834,Hyderabad,2023-07-07,Free,Transformer Models & LLMs,AI & ML,INS008,Kavita Reddy,40,Advanced,12938,,Disengaged
CRS028,LRN0094,ENR01721,2024-01-05,2024-02-14,,In Progress,78,2024-03-09,,2,,No,,,Kavya Pandey,kavya.pandey.94@yahoo.com,9271111615,Jaipur,2022-03-03,Basic,Entrepreneurship 101,Business,INS006,Priya Singh,20,Beginner,394,862,Disengaged
CRS007,LRN0213,ENR01137,2024-02-25,2024-04-05,2024-03-31,Completed,100,2024-03-31,54.14,1,5,No,35,-5,Ishaan Das,ishaan.das.213@outlook.com,9309584982,Chandigarh,2022-10-27,Free,Business Analytics Essentials,Business,INS003,Arjun Patel,20,Advanced,10604,840,Disengaged
CRS002,LRN0219,ENR00319,2024-01-26,2024-02-15,2024-01-29,Completed,100,2024-01-29,65.92,1,2,Yes,3,-17,Rahul Gupta,rahul.gupta.219@gmail.com,9643611037,Bengaluru,2023-08-31,Free,Machine Learning Fundamentals,AI & ML,INS006,Priya Singh,10,Beginner,223,902,Disengaged
CRS005,LRN0384,ENR00730,2024-02-11,2024-03-22,,Not Started,0,,,1,,No,,,Preeti Agarwal,preeti.agarwal.384@hotmail.com,9195761228,Jaipur,2022-12-12,Premium,Node.js Backend Development,Web Development,INS007,Vikas Mehta,20,Beginner,119,,Disengaged
CRS042,LRN0318,ENR00387,2024-01-08,2024-01-18,,Dropped,35,2024-01-11,,1,,No,,,Aarav Shah,aarav.shah.318@outlook.com,9919015814,Lucknow,2022-03-30,Free,Operations Management,Business,INS001,Unknown,5,Advanced,6117,920,Disengaged
CRS004,LRN0085,ENR00370,2024-02-17,2024-04-17,,In Progress,44,2024-02-29,,1,5,No,,,Shalini Pandey,shalini.pandey.85@outlook.com,9869261796,Mumbai,2023-12-08,Basic,React.js Complete Guide,Web Development,INS014,Pooja Mishra,30,Advanced,6867,871,Disengaged
CRS052,LRN0444,ENR00268,2024-01-07,2024-03-27,,Dropped,19,2024-01-18,,1,,No,,,Ravi Yadav,ravi.yadav.444@hotmail.com,9269097384,Jaipur,2023-08-14,Basic,Svelte & SvelteKit,Web Development,INS005,Deepak Joshi,40,Intermediate,4129,913,Disengaged
CRS001,LRN0490,ENR00242,2024-03-15,2024-04-14,,Dropped,6,2024-03-15,,1,,No,,,Rahul Reddy,rahul.reddy.490@gmail.com,9410672752,Chandigarh,2023-07-14,Enterprise,Python for Data Science,Data Science,INS009,Suresh Gupta,15,Intermediate,2986,856,Disengaged
CRS048,LRN0285,ENR01343,2024-02-07,2024-02-17,2024-02-14,Completed,100,2024-02-14,97.55,1,4,Yes,7,-3,Sunita Sharma,sunita.sharma.285@outlook.com,9332309821,Chandigarh,2023-10-29,Premium,OSINT & Threat Intelligence,Cybersecurity,INS009,Suresh Gupta,5,Beginner,440,886,Disengaged
CRS033,LRN0492,ENR00737,2024-02-11,2024-03-22,,Dropped,18,2024-02-18,,1,,No,,,Ravi Singh,ravi.singh.492@gmail.com,9509398343,Delhi,2023-07-06,Premium,Penetration Testing,Cybersecurity,INS007,Vikas Mehta,20,Advanced,6392,882,Disengaged
CRS042,LRN0299,ENR00173,2024-01-05,2024-01-15,2024-01-08,Completed,100,2024-01-08,69.86,1,2,Yes,3,-7,Rohan Das,rohan.das.299@gmail.com,9375899757,Delhi,2023-11-06,Free,Operations Management,Business,INS001,Unknown,5,Advanced,6117,923,Disengaged
CRS008,LRN0103,ENR00488,2024-01-09,2024-03-29,2024-03-21,Completed,100,2024-03-21,93.39,1,2,Yes,72,-8,Nisha Srivastava,nisha.srivastava.103@outlook.com,9641605297,Delhi,2023-03-24,Premium,Project Management Professional,Business,INS003,Arjun Patel,40,Intermediate,4049,850,Disengaged
CRS002,LRN0422,ENR01607,2024-01-19,2024-02-08,,Dropped,22,2024-02-01,,1,,No,,,Shreya Iyer,shreya.iyer.422@gmail.com,9850155699,Bhopal,2022-06-29,Free,Machine Learning Fundamentals,AI & ML,INS006,Priya Singh,10,Beginner,223,899,Disengaged
CRS056,LRN0238,ENR00899,2024-02-29,2024-04-29,,In Progress,59,2024-03-09,,1,2,No,,,Divya Kapoor,divya.kapoor.238@gmail.com,9912127756,Jaipur,2023-01-02,Enterprise,NoSQL & MongoDB,Data Science,INS007,Vikas Mehta,30,Advanced,9660,862,Disengaged
CRS060,LRN0399,ENR01304,2024-03-16,2024-04-15,,Dropped,1,2024-03-26,,1,,No,,,Vijay Singh,vijay.singh.399@outlook.com,9238780038,Kolkata,2023-05-17,Basic,Bayesian Statistics,Data Science,INS006,Unknown,15,Intermediate,1231,845,Disengaged
CRS018,LRN0254,ENR01068,2024-01-26,2024-02-25,,Dropped,2,2024-02-01,,1,,No,,,Karan Pandey,karan.pandey.254@hotmail.com,9410067626,Pune,2022-12-26,Basic,Flutter App Development,Mobile Development,INS006,Priya Singh,15,Beginner,875,899,Disengaged
CRS057,LRN0135,ENR00977,2024-02-15,2024-02-25,,In Progress,41,2024-03-18,,2,,No,,,Nikhil Iyer,nikhil.iyer.135@rediffmail.com,9669125177,Kolkata,2022-05-12,Premium,Microservices Architecture,Cloud Computing,INS006,Priya Singh,5,Beginner,604,853,Disengaged
CRS048,LRN0077,ENR01009,2024-02-19,2024-02-29,,Dropped,24,2024-03-02,,1,,No,,,Kavya Verma,kavya.verma.77@rediffmail.com,9407482175,Chennai,2023-10-17,Enterprise,OSINT & Threat Intelligence,Cybersecurity,INS009,Suresh Gupta,5,Beginner,440,869,Disengaged
CRS053,LRN0431,ENR00411,2024-03-07,2024-05-26,,Dropped,20,2024-03-16,,1,,No,,,Shreya Pillai,shreya.pillai.431@hotmail.com,9587020701,Mumbai,2022-03-30,Basic,Supply Chain Management,Business,INS010,Anjali Iyer,40,Intermediate,3268,855,Disengaged
CRS055,LRN0334,ENR01074,2024-01-05,2024-01-15,,Dropped,16,,,1,2,No,,,Sunita Pillai,sunita.pillai.334@yahoo.com,9904137977,Hyderabad,2023-02-25,Basic,Motion UI Design,Design,INS009,Suresh Gupta,5,Intermediate,3026,,Disengaged
CRS025,LRN0071,ENR00166,2024-01-15,2024-02-24,2024-01-23,Completed,100,2024-01-23,61.78,1,3,Yes,8,-32,Vijay Srivastava,vijay.srivastava.71@outlook.com,9753396360,Chandigarh,2023-04-30,Premium,Vue.js & Nuxt Development,Web Development,INS004,Sunita Rao,20,Beginner,779,908,Disengaged
CRS037,LRN0478,ENR00141,2024-01-30,2024-03-10,,Dropped,17,2024-02-10,,1,,No,,,Aditya Gupta,aditya.gupta.478@hotmail.com,9780686717,Hyderabad,2022-03-27,Basic,Data Engineering with Spark,Data Science,INS004,Sunita Rao,20,Advanced,14534,890,Disengaged
CRS005,LRN0245,ENR00979,2024-01-24,2024-03-04,,In Progress,81,2024-02-07,,1,,No,,,Vijay Bose,vijay.bose.245@outlook.com,9065787598,Pune,2022-10-04,Free,Node.js Backend Development,Web Development,INS007,Vikas Mehta,20,Beginner,119,893,Disengaged
CRS051,LRN0412,ENR01146,2024-01-29,2024-04-18,,In Progress,76,2024-02-03,,1,,No,,,Amit Jain,amit.jain.412@rediffmail.com,9211175186,Lucknow,2022-06-13,Basic,MLOps & Model Deployment,AI & ML,INS015,Kiran Desai,40,Beginner,503,897,Disengaged
CRS042,LRN0010,ENR01701,2024-01-16,2024-01-26,,In Progress,63,,,2,,No,,,Aarav Desai,aarav.desai.10@gmail.com,9184514627,Chandigarh,2022-09-27,Enterprise,Operations Management,Business,INS001,Unknown,5,Advanced,6117,,Disengaged
CRS056,LRN0478,ENR00934,2024-01-27,2024-03-27,2024-03-31,Completed,100,2024-03-31,85.46,1,2,Yes,64,4,Aditya Gupta,aditya.gupta.478@hotmail.com,9780686717,Hyderabad,2022-03-27,Basic,NoSQL & MongoDB,Data Science,INS007,Vikas Mehta,30,Advanced,9660,840,Disengaged
CRS059,LRN0286,ENR01425,2024-03-02,2024-05-21,,Dropped,0,2024-03-03,,1,,No,,,Deepak Banerjee,deepak.banerjee.286@gmail.com,9489090100,Pune,2023-03-31,Basic,Wearable App Development,Mobile Development,INS001,Rajiv Sharma,40,Intermediate,1398,868,Disengaged
CRS047,LRN0085,ENR00222,2024-01-26,2024-03-26,2024-02-12,Completed,100,2024-02-12,78.32,1,5,Yes,17,-43,Shalini Pandey,shalini.pandey.85@outlook.com,9869261796,Mumbai,2023-12-08,Basic,Cloud Security Best Practices,Cybersecurity,INS008,Kavita Reddy,30,Intermediate,2407,888,Disengaged
CRS052,LRN0321,ENR00604,2024-03-08,2024-05-27,,In Progress,80,2024-03-31,,1,1,No,,,Ravi Mehta,ravi.mehta.321@gmail.com,9682223943,Bengaluru,2023-11-19,Premium,Svelte & SvelteKit,Web Development,INS005,Deepak Joshi,40,Intermediate,4129,840,Disengaged
CRS049,LRN0061,ENR00791,2024-01-31,2024-03-11,2024-03-09,Completed,100,2024-03-09,84.01,1,4,Yes,38,-2,Kavya Bose,kavya.bose.61@gmail.com,9936183242,Mumbai,2022-06-19,Premium,Unity Game Development,Mobile Development,INS007,Vikas Mehta,20,Intermediate,2541,862,Disengaged
CRS036,LRN0111,ENR00589,2024-02-01,2024-02-21,,Not Started,0,,,1,5,No,,,Karan Tiwari,karan.tiwari.111@rediffmail.com,9186449251,Surat,2022-05-25,Enterprise,Advanced Python OOP,Data Science,INS006,Priya Singh,10,Advanced,7011,,Disengaged
CRS042,LRN0018,ENR00922,2024-02-06,2024-02-16,2024-02-25,Completed,100,2024-02-25,76.27,2,1,Yes,19,9,Shalini Yadav,shalini.yadav.18@yahoo.com,9178108013,Pune,2023-05-13,Basic,Operations Management,Business,INS001,Unknown,5,Advanced,6117,875,Disengaged
CRS001,LRN0404,ENR01943,2024-02-23,2024-03-24,2024-03-31,Completed,100,,69.39,1,4,Yes,37,7,Amit Banerjee,amit.banerjee.404@yahoo.com,9664742312,Mumbai,2023-09-19,Basic,Python for Data Science,Data Science,INS009,Suresh Gupta,15,Intermediate,2986,,Disengaged
CRS034,LRN0192,ENR00172,2024-03-02,2024-03-22,,Dropped,30,2024-03-09,,1,,No,,,Simran Pillai,simran.pillai.192@rediffmail.com,9560466183,Jaipur,2022-06-23,Premium,Android Development Kotlin,Mobile Development,INS002,Meera Nair,10,Intermediate,3846,862,Disengaged
CRS008,LRN0463,ENR01495,2024-01-12,2024-04-01,2024-03-03,Completed,100,2024-03-03,57.1,1,1,No,51,-29,Vijay Shah,vijay.shah.463@gmail.com,9478700505,Pune,2022-05-02,Free,Project Management Professional,Business,INS003,Arjun Patel,40,Intermediate,4049,868,Disengaged
CRS052,LRN0259,ENR00132,2024-02-10,2024-04-30,,Dropped,16,2024-02-15,,3,,No,,,Ishaan Joshi,ishaan.joshi.259@gmail.com,9417146774,Surat,2023-07-12,Basic,Svelte & SvelteKit,Web Development,INS005,Deepak Joshi,40,Intermediate,4129,885,Disengaged
CRS021,LRN0258,ENR01715,2024-03-03,2024-03-23,2024-03-06,Completed,100,2024-03-06,69.67,1,1,Yes,3,-17,Sunita Rao,sunita.rao.258@rediffmail.com,9872050614,Ahmedabad,2022-07-24,Free,Power BI & Tableau,Data Science,INS005,Deepak Joshi,10,Advanced,6616,865,Disengaged
CRS026,LRN0140,ENR01571,2024-03-03,2024-03-13,2024-03-06,Completed,100,2024-03-06,45.35,1,2,No,3,-7,Shalini Singh,shalini.singh.140@yahoo.com,9027677359,Kolkata,2022-11-23,Premium,Full Stack Django,Web Development,INS008,Kavita Reddy,5,Advanced,10918,865,Disengaged
CRS046,LRN0371,ENR01860,2024-03-11,2024-04-20,2024-03-28,Completed,100,,70.6,3,1,Yes,17,-23,Neha Gupta,neha.gupta.371@gmail.com,9461872346,Delhi,2022-09-12,Basic,Terraform Infrastructure,Cloud Computing,INS013,Manish Verma,20,Beginner,300,,Disengaged
CRS053,LRN0401,ENR01615,2024-03-10,2024-05-29,,Dropped,35,2024-03-10,,1,,No,,,Suresh Banerjee,suresh.banerjee.401@rediffmail.com,9621689363,Bengaluru,2023-03-13,Enterprise,Supply Chain Management,Business,INS010,Anjali Iyer,40,Intermediate,3268,861,Disengaged
CRS037,LRN0124,ENR00447,2024-03-02,2024-04-11,,In Progress,51,2024-03-10,,1,,No,,,Sneha Kapoor,sneha.kapoor.124@hotmail.com,9952058527,Surat,2022-07-06,Premium,Data Engineering with Spark,Data Science,INS004,Sunita Rao,20,Advanced,14534,861,Disengaged
CRS003,LRN0105,ENR01003,2024-03-13,2024-04-02,2024-03-16,Completed,100,2024-03-16,63.57,1,3,Yes,3,-17,Ajay Iyer,ajay.iyer.105@yahoo.com,9355231243,Lucknow,2022-06-06,Premium,Deep Learning with TensorFlow,AI & ML,INS004,Sunita Rao,10,Advanced,13612,855,Disengaged
CRS047,LRN0178,ENR00620,2024-02-24,2024-04-24,2024-03-31,Completed,100,2024-03-31,93.2,2,2,Yes,36,-24,Mohit Verma,mohit.verma.178@yahoo.com,9175355609,Chandigarh,2022-05-30,Free,Cloud Security Best Practices,Cybersecurity,INS008,Kavita Reddy,30,Intermediate,2407,840,Disengaged
CRS032,LRN0494,ENR00073,2024-03-01,2024-03-11,2024-03-10,Completed,100,2024-03-10,77.19,1,5,Yes,9,-1,Ishaan Malhotra,ishaan.malhotra.494@rediffmail.com,9767426629,Delhi,2022-05-28,Free,DevOps CI/CD Pipeline,Cloud Computing,INS003,Arjun Patel,5,Advanced,6723,861,Disengaged
CRS001,LRN0353,ENR00434,2024-02-12,2024-03-13,2024-03-14,Completed,100,,88.74,2,5,Yes,31,1,Aarav Sharma,aarav.sharma.353@rediffmail.com,9369155942,Chennai,2022-08-31,Free,Python for Data Science,Data Science,INS009,Suresh Gupta,15,Intermediate,2986,,Disengaged
CRS054,LRN0098,ENR01281,2024-01-09,2024-02-18,2024-02-11,Completed,100,2024-02-11,52.88,2,1,No,33,-7,Sunita Singh,sunita.singh.98@yahoo.com,9201836675,Kolkata,2022-11-16,Premium,Product Management,Business,INS010,Anjali Iyer,20,Intermediate,4499,889,Disengaged
CRS057,LRN0025,ENR01612,2024-01-27,2024-02-06,2024-01-30,Completed,100,,55.48,1,2,No,3,-7,Sneha Banerjee,sneha.banerjee.25@yahoo.com,9241182449,Chandigarh,2022-12-18,Free,Microservices Architecture,Cloud Computing,INS006,Priya Singh,5,Beginner,604,,Disengaged
CRS011,LRN0368,ENR01628,2024-01-21,2024-01-31,,In Progress,47,2024-02-06,,1,,No,,,Ritika Chauhan,ritika.chauhan.368@hotmail.com,9846312241,Lucknow,2023-04-09,Free,Figma for Beginners,Design,INS012,Nisha Agarwal,5,Beginner,19,894,Disengaged
CRS031,LRN0096,ENR00890,2024-02-06,2024-02-16,,Dropped,3,,,1,,No,,,Neha Desai,neha.desai.96@yahoo.com,9731585149,Indore,2023-03-16,Premium,Docker & Kubernetes,Cloud Computing,INS004,Sunita Rao,5,Intermediate,3781,,Disengaged
CRS025,LRN0104,ENR01590,2024-02-14,2024-03-25,,In Progress,42,2024-02-16,,2,4,No,,,Pooja Agarwal,pooja.agarwal.104@yahoo.com,9968164535,Delhi,2023-06-07,Basic,Vue.js & Nuxt Development,Web Development,INS004,Sunita Rao,20,Beginner,779,884,Disengaged
CRS053,LRN0346,ENR00656,2024-03-02,2024-05-21,2024-03-31,Completed,100,2024-03-31,54.87,1,5,No,29,-51,Arjun Agarwal,arjun.agarwal.346@outlook.com,9818184518,Jaipur,2023-08-12,Free,Supply Chain Management,Business,INS010,Anjali Iyer,40,Intermediate,3268,840,Disengaged
CRS039,LRN0380,ENR00749,2024-02-15,2024-05-05,,Dropped,26,2024-02-20,,1,,No,,,Ananya Kumar,ananya.kumar.380@yahoo.com,9810220317,Delhi,2022-02-02,Basic,Transformer Models & LLMs,AI & ML,INS008,Kavita Reddy,40,Advanced,12938,880,Disengaged
CRS048,LRN0275,ENR01129,2024-01-31,2024-02-10,2024-02-17,Completed,100,2024-02-17,60.24,1,1,Yes,17,7,Manish Reddy,manish.reddy.275@outlook.com,9994417154,Bhopal,2022-10-11,Free,OSINT & Threat Intelligence,Cybersecurity,INS009,Suresh Gupta,5,Beginner,440,883,Disengaged
CRS047,LRN0079,ENR00316,2024-03-06,2024-05-05,2024-03-31,Completed,100,2024-03-31,87.17,2,2,Yes,25,-35,Aarav Rao,aarav.rao.79@rediffmail.com,9097439533,Chennai,2023-11-26,Premium,Cloud Security Best Practices,Cybersecurity,INS008,Kavita Reddy,30,Intermediate,2407,840,Disengaged
CRS034,LRN0409,ENR01395,2024-02-19,2024-03-10,,Not Started,0,,,1,,No,,,Pooja Iyer,pooja.iyer.409@hotmail.com,9860868034,Pune,2022-11-08,Premium,Android Development Kotlin,Mobile Development,INS002,Meera Nair,10,Intermediate,3846,,Disengaged
CRS042,LRN0115,ENR01342,2024-01-09,2024-01-19,2024-01-22,Completed,100,2024-01-22,69.15,1,4,Yes,13,3,Rahul Malhotra,rahul.malhotra.115@yahoo.com,9706537947,Jaipur,2022-09-02,Basic,Operations Management,Business,INS001,Unknown,5,Advanced,6117,909,Disengaged
CRS043,LRN0484,ENR00281,2024-01-01,2024-03-21,2024-01-04,Completed,100,2024-01-04,97.04,1,3,Yes,3,-77,Sachin Iyer,sachin.iyer.484@yahoo.com,9178847951,Ahmedabad,2022-03-31,Free,Leadership & Communication,Business,INS008,Kavita Reddy,40,Beginner,995,927,Disengaged
CRS004,LRN0497,ENR01331,2024-02-06,2024-04-06,2024-03-31,Completed,100,2024-03-31,97.46,1,2,Yes,54,-6,Aarav Patel,aarav.patel.497@gmail.com,9447146273,Delhi,2022-10-11,Basic,React.js Complete Guide,Web Development,INS014,Pooja Mishra,30,Advanced,6867,840,Disengaged
CRS001,LRN0036,ENR01493,2024-01-05,2024-02-04,,In Progress,63,,,2,2,No,,,Megha Iyer,megha.iyer.36@gmail.com,9951343320,Hyderabad,2023-05-02,Basic,Python for Data Science,Data Science,INS009,Suresh Gupta,15,Intermediate,2986,,Disengaged
CRS028,LRN0356,ENR00643,2024-02-21,2024-04-01,,In Progress,42,2024-03-07,,1,,No,,,Ajay Reddy,ajay.reddy.356@yahoo.com,9574489061,Mumbai,2022-08-09,Premium,Entrepreneurship 101,Business,INS006,Priya Singh,20,Beginner,394,864,Disengaged
CRS053,LRN0239,ENR01853,2024-03-08,2024-05-27,2024-03-31,Completed,100,2024-03-31,95.67,1,1,Yes,23,-57,Ishaan Verma,ishaan.verma.239@yahoo.com,9474112490,Bhopal,2022-12-02,Free,Supply Chain Management,Business,INS010,Anjali Iyer,40,Intermediate,3268,840,Disengaged
CRS035,LRN0322,ENR00198,2024-02-07,2024-04-27,,In Progress,37,2024-02-11,,2,,No,,,Preeti Verma,preeti.verma.322@outlook.com,9814141397,Kolkata,2022-05-12,Premium,React Native Cross-Platform,Mobile Development,INS002,Meera Nair,40,Beginner,66,889,Disengaged
CRS018,LRN0104,ENR00776,2024-01-07,2024-02-06,,Not Started,0,,,2,,No,,,Pooja Agarwal,pooja.agarwal.104@yahoo.com,9968164535,Delhi,2023-06-07,Basic,Flutter App Development,Mobile Development,INS006,Priya Singh,15,Beginner,875,,Disengaged
CRS001,LRN0115,ENR01260,2024-01-25,2024-02-24,2024-02-28,Completed,100,2024-02-28,51.6,1,5,No,34,4,Rahul Malhotra,rahul.malhotra.115@yahoo.com,9706537947,Jaipur,2022-09-02,Basic,Python for Data Science,Data Science,INS009,Suresh Gupta,15,Intermediate,2986,872,Disengaged
CRS046,LRN0045,ENR01433,2024-01-12,2024-02-21,,Dropped,14,2024-01-26,,3,4,No,,,Priya Nair,priya.nair.45@yahoo.com,9080531003,Bhopal,2022-01-21,Basic,Terraform Infrastructure,Cloud Computing,INS013,Manish Verma,20,Beginner,300,905,Disengaged
CRS037,LRN0129,ENR01575,2024-01-10,2024-02-19,,Dropped,4,2024-01-24,,1,,No,,,Rohan Singh,rohan.singh.129@yahoo.com,9658202970,Delhi,2022-08-30,Premium,Data Engineering with Spark,Data Science,INS004,Sunita Rao,20,Advanced,14534,907,Disengaged
CRS024,LRN0237,ENR01442,2024-02-12,2024-03-13,,In Progress,68,2024-02-19,,1,,No,,,Rekha Desai,rekha.desai.237@outlook.com,9234456557,Hyderabad,2022-03-18,Enterprise,Computer Vision,AI & ML,INS003,Arjun Patel,15,Intermediate,1877,881,Disengaged
CRS039,LRN0267,ENR01204,2024-01-29,2024-04-18,2024-03-31,Completed,100,2024-03-31,78.13,1,2,Yes,62,-18,Sunita Gupta,sunita.gupta.267@outlook.com,9653074505,Chennai,2022-10-15,Premium,Transformer Models & LLMs,AI & ML,INS008,Kavita Reddy,40,Advanced,12938,840,Disengaged
CRS026,LRN0218,ENR00584,2024-02-03,2024-02-13,,Not Started,0,,,1,,No,,,Shalini Sharma,shalini.sharma.218@yahoo.com,9127706324,Bhopal,2022-10-08,Free,Full Stack Django,Web Development,INS008,Kavita Reddy,5,Advanced,10918,,Disengaged
CRS031,LRN0185,ENR00750,2024-02-02,2024-02-12,,In Progress,12,2024-03-02,,1,,No,,,Priya Srivastava,priya.srivastava.185@hotmail.com,9668700217,Surat,2022-12-06,Basic,Docker & Kubernetes,Cloud Computing,INS004,Sunita Rao,5,Intermediate,3781,869,Disengaged
CRS009,LRN0456,ENR01269,2024-02-12,2024-03-03,,In Progress,63,2024-03-10,,1,,No,,,Simran Patel,simran.patel.456@hotmail.com,9692124471,Chennai,2023-03-14,Premium,Digital Marketing Strategy,Business,INS004,Sunita Rao,10,Advanced,8712,861,Disengaged
CRS033,LRN0026,ENR01144,2024-03-10,2024-04-19,,Dropped,34,2024-03-13,,1,,No,,,Kavya Iyer,kavya.iyer.26@yahoo.com,9740164005,Surat,2022-09-26,Free,Penetration Testing,Cybersecurity,INS007,Vikas Mehta,20,Advanced,6392,858,Disengaged
CRS035,LRN0454,ENR00157,2024-01-19,2024-04-08,2024-02-22,Completed,100,2024-02-22,78.18,1,1,Yes,34,-46,Suresh Desai,suresh.desai.454@rediffmail.com,9258001061,Delhi,2023-12-03,Basic,React Native Cross-Platform,Mobile Development,INS002,Meera Nair,40,Beginner,66,878,Disengaged
CRS051,LRN0367,ENR01515,2024-03-17,2024-06-05,2024-03-31,Completed,100,2024-03-31,70.13,1,5,Yes,14,-66,Rekha Srivastava,rekha.srivastava.367@rediffmail.com,9326634163,Indore,2023-09-20,Premium,MLOps & Model Deployment,AI & ML,INS015,Kiran Desai,40,Beginner,503,840,Disengaged
CRS045,LRN0467,ENR00001,2024-01-09,2024-01-19,,Dropped,21,,,1,,No,,,Ananya Mishra,ananya.mishra.467@gmail.com,9262582739,Bengaluru,2022-04-13,Premium,Photography & Lightroom,Design,INS013,Manish Verma,5,Advanced,13064,,Disengaged
CRS009,LRN0428,ENR01248,2024-02-10,2024-03-01,,In Progress,73,2024-02-22,,3,5,No,,,Shreya Mukherjee,shreya.mukherjee.428@gmail.com,9091570184,Lucknow,2022-11-16,Basic,Digital Marketing Strategy,Business,INS004,Sunita Rao,10,Advanced,8712,878,Disengaged
CRS020,LRN0262,ENR01837,2024-03-05,2024-03-15,,In Progress,28,2024-03-14,,1,,No,,,Nikhil Rao,nikhil.rao.262@rediffmail.com,9374160898,Surat,2023-09-28,Free,SQL & Database Design,Data Science,INS013,Unknown,5,Advanced,8138,857,Disengaged
CRS005,LRN0425,ENR01480,2024-01-07,2024-02-16,2024-01-27,Completed,100,2024-01-27,60.83,1,2,Yes,20,-20,Deepak Shah,deepak.shah.425@outlook.com,9829962914,Chandigarh,2022-02-02,Free,Node.js Backend Development,Web Development,INS007,Vikas Mehta,20,Beginner,119,904,Disengaged
CRS048,LRN0108,ENR01345,2024-03-06,2024-03-16,,In Progress,47,2024-03-25,,1,,No,,,Karan Shah,karan.shah.108@hotmail.com,9199867980,Indore,2023-08-09,Premium,OSINT & Threat Intelligence,Cybersecurity,INS009,Suresh Gupta,5,Beginner,440,846,Disengaged
CRS024,LRN0498,ENR00335,2024-02-11,2024-03-12,2024-03-22,Completed,100,2024-03-22,93.62,1,2,Yes,40,10,Manish Rao,manish.rao.498@gmail.com,9796471589,Bhopal,2022-09-23,Free,Computer Vision,AI & ML,INS003,Arjun Patel,15,Intermediate,1877,849,Disengaged
CRS033,LRN0353,ENR00630,2024-02-22,2024-04-02,2024-03-31,Completed,100,2024-03-31,91.32,2,3,Yes,38,-2,Aarav Sharma,aarav.sharma.353@rediffmail.com,9369155942,Chennai,2022-08-31,Free,Penetration Testing,Cybersecurity,INS007,Vikas Mehta,20,Advanced,6392,840,Disengaged
CRS010,LRN0059,ENR00014,2024-01-25,2024-02-14,2024-02-08,Completed,100,2024-02-08,70.53,1,4,Yes,14,-6,Rekha Chauhan,rekha.chauhan.59@yahoo.com,9990913341,Hyderabad,2022-06-27,Basic,UI/UX Design Principles,Design,INS005,Deepak Joshi,10,Beginner,133,892,Disengaged
CRS030,LRN0074,ENR01948,2024-03-03,2024-05-02,,In Progress,61,2024-03-13,,1,,No,,,Mohit Chatterjee,mohit.chatterjee.74@gmail.com,9809134316,Indore,2023-10-11,Premium,3D Modelling with Blender,Design,INS004,Sunita Rao,30,Intermediate,4503,858,Disengaged
CRS006,LRN0344,ENR01577,2024-03-14,2024-03-24,,Dropped,13,2024-03-23,,1,,No,,,Varun Pillai,varun.pillai.344@outlook.com,9205302146,Surat,2023-02-09,Basic,HTML & CSS Mastery,Web Development,INS015,Unknown,5,Intermediate,2276,848,Disengaged
CRS021,LRN0353,ENR01063,2024-03-15,2024-04-04,2024-03-31,Completed,100,2024-03-31,68.94,1,5,Yes,16,-4,Aarav Sharma,aarav.sharma.353@rediffmail.com,9369155942,Chennai,2022-08-31,Free,Power BI & Tableau,Data Science,INS005,Deepak Joshi,10,Advanced,6616,840,Disengaged
CRS007,LRN0405,ENR01429,2024-01-05,2024-02-14,2024-02-15,Completed,100,2024-02-15,87.52,1,4,Yes,41,1,Simran Rao,simran.rao.405@yahoo.com,9939330517,Jaipur,2023-09-12,Basic,Business Analytics Essentials,Business,INS003,Arjun Patel,20,Advanced,10604,885,Disengaged
CRS017,LRN0220,ENR01890,2024-01-02,2024-01-22,2024-01-17,Completed,100,2024-01-17,67.63,1,4,Yes,15,-5,Anita Sharma,anita.sharma.220@gmail.com,9051627136,Chandigarh,2022-04-15,Free,Network Security Essentials,Cybersecurity,INS002,Meera Nair,10,Advanced,14498,914,Disengaged
CRS006,LRN0342,ENR01355,2024-01-24,2024-02-03,,Dropped,5,2024-01-30,,1,,No,,,Sunita Bose,sunita.bose.342@hotmail.com,9589026012,Lucknow,2023-03-22,Free,HTML & CSS Mastery,Web Development,INS015,Unknown,5,Intermediate,2276,901,Disengaged
CRS012,LRN0457,ENR01484,2024-03-10,2024-04-19,2024-03-31,Completed,100,2024-03-31,86.25,2,5,Yes,21,-19,Amit Mishra,amit.mishra.457@outlook.com,9214066504,Bengaluru,2023-03-28,Free,Motion Graphics & Animation,Design,INS013,Manish Verma,20,Beginner,201,840,Disengaged
CRS038,LRN0321,ENR01337,2024-01-04,2024-02-03,,Dropped,7,2024-01-16,,1,,No,,,Ravi Mehta,ravi.mehta.321@gmail.com,9682223943,Bengaluru,2023-11-19,Premium,Reinforcement Learning,AI & ML,INS010,Unknown,15,Advanced,10834,915,Disengaged
CRS030,LRN0381,ENR00010,2024-02-04,2024-04-04,,Not Started,0,,,1,,No,,,Deepak Desai,deepak.desai.381@gmail.com,9789940539,Mumbai,2022-08-02,Premium,3D Modelling with Blender,Design,INS004,Sunita Rao,30,Intermediate,4503,,Disengaged
CRS018,LRN0110,ENR00021,2024-02-26,2024-03-27,,In Progress,72,2024-02-29,,1,,No,,,Anita Iyer,anita.iyer.110@rediffmail.com,9892554665,Mumbai,2023-10-09,Basic,Flutter App Development,Mobile Development,INS006,Priya Singh,15,Beginner,875,871,Disengaged
CRS052,LRN0356,ENR00671,2024-01-07,2024-03-27,2024-03-02,Completed,100,2024-03-02,56.84,2,3,No,55,-25,Ajay Reddy,ajay.reddy.356@yahoo.com,9574489061,Mumbai,2022-08-09,Premium,Svelte & SvelteKit,Web Development,INS005,Deepak Joshi,40,Intermediate,4129,869,Disengaged
CRS026,LRN0298,ENR00951,2024-02-17,2024-02-27,,In Progress,47,2024-03-10,,1,,No,,,Sunita Agarwal,sunita.agarwal.298@rediffmail.com,9088019948,Hyderabad,2023-11-02,Premium,Full Stack Django,Web Development,INS008,Kavita Reddy,5,Advanced,10918,861,Disengaged
CRS003,LRN0265,ENR01505,2024-01-07,2024-01-27,,Dropped,21,2024-01-19,,2,,No,,,Ananya Agarwal,ananya.agarwal.265@outlook.com,9229991191,Bhopal,2023-07-03,Premium,Deep Learning with TensorFlow,AI & ML,INS004,Sunita Rao,10,Advanced,13612,912,Disengaged
CRS055,LRN0210,ENR01835,2024-03-10,2024-03-20,,In Progress,89,2024-03-18,,1,,No,,,Vivaan Bose,vivaan.bose.210@rediffmail.com,9340438427,Chandigarh,2023-05-23,Basic,Motion UI Design,Design,INS009,Suresh Gupta,5,Intermediate,3026,853,Disengaged
CRS006,LRN0094,ENR01845,2024-01-21,2024-01-31,,Dropped,19,2024-01-26,,1,,No,,,Kavya Pandey,kavya.pandey.94@yahoo.com,9271111615,Jaipur,2022-03-03,Basic,HTML & CSS Mastery,Web Development,INS015,Unknown,5,Intermediate,2276,905,Disengaged
CRS053,LRN0488,ENR01075,2024-02-27,2024-05-17,2024-03-01,Completed,100,2024-03-01,68.65,3,3,Yes,3,-77,Rohan Patel,rohan.patel.488@yahoo.com,9547292842,Bhopal,2023-12-27,Premium,Supply Chain Management,Business,INS010,Anjali Iyer,40,Intermediate,3268,870,Disengaged
CRS050,LRN0240,ENR01533,2024-02-19,2024-02-29,,Not Started,0,,,1,,No,,,Pooja Pandey,pooja.pandey.240@rediffmail.com,9680442067,Chandigarh,2023-07-18,Free,Scala for Big Data,Data Science,INS008,Kavita Reddy,5,Beginner,181,,Disengaged
CRS028,LRN0366,ENR00301,2024-03-09,2024-04-18,,Dropped,33,2024-03-12,,1,4,No,,,Mohit Kapoor,mohit.kapoor.366@outlook.com,9740649308,Hyderabad,2023-02-26,Premium,Entrepreneurship 101,Business,INS006,Priya Singh,20,Beginner,394,859,Disengaged
CRS013,LRN0217,ENR00456,2024-02-07,2024-04-27,2024-02-24,Completed,100,2024-02-24,77.67,1,4,Yes,17,-63,Amit Das,amit.das.217@gmail.com,9458929750,Delhi,2023-10-04,Premium,AWS Solutions Architect,Cloud Computing,INS013,Manish Verma,40,Advanced,12685,876,Disengaged
CRS056,LRN0327,ENR01939,2024-02-10,2024-04-10,,Dropped,25,2024-02-11,,1,,No,,,Neha Pandey,neha.pandey.327@hotmail.com,9639427881,Kolkata,2023-05-30,Free,NoSQL & MongoDB,Data Science,INS007,Vikas Mehta,30,Advanced,9660,889,Disengaged
CRS005,LRN0487,ENR01280,2024-03-08,2024-04-17,2024-03-31,Completed,100,2024-03-31,54.51,1,1,No,23,-17,Amit Nair,amit.nair.487@yahoo.com,9988774924,Indore,2022-09-24,Free,Node.js Backend Development,Web Development,INS007,Vikas Mehta,20,Beginner,119,840,Disengaged
CRS041,LRN0115,ENR00914,2024-01-01,2024-01-31,2024-02-04,Completed,100,2024-02-04,71.54,1,3,Yes,34,4,Rahul Malhotra,rahul.malhotra.115@yahoo.com,9706537947,Jaipur,2022-09-02,Basic,GraphQL APIs,Web Development,INS002,Meera Nair,15,Intermediate,1945,896,Disengaged
CRS031,LRN0219,ENR00320,2024-01-08,2024-01-18,,In Progress,16,2024-03-30,,1,,No,,,Rahul Gupta,rahul.gupta.219@gmail.com,9643611037,Bengaluru,2023-08-31,Free,Docker & Kubernetes,Cloud Computing,INS004,Sunita Rao,5,Intermediate,3781,841,Disengaged
CRS032,LRN0225,ENR00975,2024-02-16,2024-02-26,,Dropped,1,2024-02-22,,1,,No,,,Divya Srivastava,divya.srivastava.225@gmail.com,9965827109,Mumbai,2022-09-26,Free,DevOps CI/CD Pipeline,Cloud Computing,INS003,Arjun Patel,5,Advanced,6723,878,Disengaged
CRS035,LRN0257,ENR00235,2024-02-18,2024-05-08,,In Progress,21,2024-03-15,,1,,No,,,Rekha Joshi,rekha.joshi.257@outlook.com,9015336884,Chennai,2022-09-01,Free,React Native Cross-Platform,Mobile Development,INS002,Meera Nair,40,Beginner,66,856,Disengaged
CRS041,LRN0294,ENR01741,2024-01-22,2024-02-21,,Dropped,29,2024-01-29,,1,,No,,,Divya Nair,divya.nair.294@rediffmail.com,9716701450,Indore,2023-08-14,Premium,GraphQL APIs,Web Development,INS002,Meera Nair,15,Intermediate,1945,902,Disengaged
CRS026,LRN0357,ENR01163,2024-02-07,2024-02-17,,Dropped,19,2024-02-15,,1,,No,,,Nikhil Das,nikhil.das.357@outlook.com,9175455884,Mumbai,2023-02-26,Free,Full Stack Django,Web Development,INS008,Kavita Reddy,5,Advanced,10918,885,Disengaged
CRS038,LRN0328,ENR00400,2024-01-13,2024-02-12,2024-01-20,Completed,100,2024-01-20,68.11,1,2,Yes,7,-23,Reena Desai,reena.desai.328@hotmail.com,9282722992,Kolkata,2022-02-11,Free,Reinforcement Learning,AI & ML,INS010,Unknown,15,Advanced,10834,911,Disengaged
CRS009,LRN0168,ENR00426,2024-01-29,2024-02-18,2024-02-01,Completed,100,2024-02-01,59.72,1,1,No,3,-17,Vijay Patel,vijay.patel.168@gmail.com,9512868230,Chennai,2023-04-20,Premium,Digital Marketing Strategy,Business,INS004,Sunita Rao,10,Advanced,8712,899,Disengaged
CRS006,LRN0097,ENR00834,2024-02-09,2024-02-19,,Dropped,34,,,1,,No,,,Reena Pillai,reena.pillai.97@outlook.com,9809402445,Mumbai,2022-07-05,Premium,HTML & CSS Mastery,Web Development,INS015,Unknown,5,Intermediate,2276,,Disengaged
CRS055,LRN0428,ENR01957,2024-03-04,2024-03-14,,In Progress,34,,,1,,No,,,Shreya Mukherjee,shreya.mukherjee.428@gmail.com,9091570184,Lucknow,2022-11-16,Basic,Motion UI Design,Design,INS009,Suresh Gupta,5,Intermediate,3026,,Disengaged
CRS049,LRN0327,ENR01030,2024-01-19,2024-02-28,,In Progress,48,2024-02-05,,1,,No,,,Neha Pandey,neha.pandey.327@hotmail.com,9639427881,Kolkata,2023-05-30,Free,Unity Game Development,Mobile Development,INS007,Vikas Mehta,20,Intermediate,2541,895,Disengaged
CRS026,LRN0370,ENR01924,2024-01-17,2024-01-27,,Not Started,0,,,2,,No,,,Aarav Yadav,aarav.yadav.370@outlook.com,9120735647,Ahmedabad,2023-12-15,Premium,Full Stack Django,Web Development,INS008,Kavita Reddy,5,Advanced,10918,,Disengaged
CRS034,LRN0291,ENR00709,2024-02-01,2024-02-21,2024-02-07,Completed,100,2024-02-07,82.93,1,2,Yes,6,-14,Manish Bose,manish.bose.291@outlook.com,9561100225,Ahmedabad,2023-09-29,Free,Android Development Kotlin,Mobile Development,INS002,Meera Nair,10,Intermediate,3846,893,Disengaged
CRS032,LRN0039,ENR00449,2024-01-08,2024-01-18,2024-01-24,Completed,100,2024-01-24,56.89,2,2,No,16,6,Sachin Agarwal,sachin.agarwal.39@hotmail.com,9872774348,Surat,2022-09-02,Free,DevOps CI/CD Pipeline,Cloud Computing,INS003,Arjun Patel,5,Advanced,6723,907,Disengaged
CRS031,LRN0017,ENR00477,2024-02-15,2024-02-25,2024-03-02,Completed,100,2024-03-02,80.04,1,1,Yes,16,6,Rohan Desai,rohan.desai.17@hotmail.com,9106513338,Bengaluru,2023-03-09,Free,Docker & Kubernetes,Cloud Computing,INS004,Sunita Rao,5,Intermediate,3781,869,Disengaged
CRS008,LRN0253,ENR00049,2024-01-19,2024-04-08,2024-01-25,Completed,100,2024-01-25,56.21,1,2,No,6,-74,Mohit Patel,mohit.patel.253@gmail.com,9513552157,Chennai,2022-08-03,Free,Project Management Professional,Business,INS003,Arjun Patel,40,Intermediate,4049,906,Disengaged
CRS036,LRN0399,ENR01177,2024-03-08,2024-03-28,,Dropped,11,2024-03-08,,1,1,No,,,Vijay Singh,vijay.singh.399@outlook.com,9238780038,Kolkata,2023-05-17,Basic,Advanced Python OOP,Data Science,INS006,Priya Singh,10,Advanced,7011,863,Disengaged
CRS051,LRN0479,ENR01054,2024-01-20,2024-04-09,,Not Started,0,,,1,,No,,,Aarav Jain,aarav.jain.479@outlook.com,9632543107,Bengaluru,2023-12-22,Basic,MLOps & Model Deployment,AI & ML,INS015,Kiran Desai,40,Beginner,503,,Disengaged
CRS004,LRN0110,ENR00393,2024-01-28,2024-03-28,,Dropped,27,2024-02-09,,1,,No,,,Anita Iyer,anita.iyer.110@rediffmail.com,9892554665,Mumbai,2023-10-09,Basic,React.js Complete Guide,Web Development,INS014,Pooja Mishra,30,Advanced,6867,891,Disengaged
CRS006,LRN0241,ENR01306,2024-01-27,2024-02-06,,In Progress,21,2024-03-30,,1,,No,,,Shalini Kumar,shalini.kumar.241@gmail.com,9210032365,Lucknow,2023-08-24,Free,HTML & CSS Mastery,Web Development,INS015,Unknown,5,Intermediate,2276,841,Disengaged
CRS010,LRN0488,ENR01834,2024-01-17,2024-02-06,2024-01-20,Completed,100,2024-01-20,97.6,1,4,Yes,3,-17,Rohan Patel,rohan.patel.488@yahoo.com,9547292842,Bhopal,2023-12-27,Premium,UI/UX Design Principles,Design,INS005,Deepak Joshi,10,Beginner,133,911,Disengaged
CRS020,LRN0109,ENR00655,2024-02-25,2024-03-06,2024-03-03,Completed,100,2024-03-03,80.97,1,3,Yes,7,-3,Amit Pillai,amit.pillai.109@yahoo.com,9782071518,Mumbai,2022-09-11,Premium,SQL & Database Design,Data Science,INS013,Unknown,5,Advanced,8138,868,Disengaged
CRS047,LRN0034,ENR00813,2024-02-05,2024-04-05,,In Progress,13,2024-03-22,,1,,No,,,Amit Srivastava,amit.srivastava.34@outlook.com,9482366299,Pune,2023-07-16,Premium,Cloud Security Best Practices,Cybersecurity,INS008,Kavita Reddy,30,Intermediate,2407,849,Disengaged
CRS015,LRN0050,ENR00563,2024-02-08,2024-02-18,,In Progress,82,2024-02-11,,1,,No,,,Shalini Agarwal,shalini.agarwal.50@rediffmail.com,9945314737,Lucknow,2023-11-16,Basic,Azure Data Engineering,Cloud Computing,INS013,Manish Verma,5,Beginner,942,889,Disengaged
CRS045,LRN0094,ENR00197,2024-03-13,2024-03-23,2024-03-30,Completed,100,2024-03-30,97.01,1,2,Yes,17,7,Kavya Pandey,kavya.pandey.94@yahoo.com,9271111615,Jaipur,2022-03-03,Basic,Photography & Lightroom,Design,INS013,Manish Verma,5,Advanced,13064,841,Disengaged
CRS024,LRN0084,ENR01081,2024-01-13,2024-02-12,,Dropped,19,2024-01-17,,3,,No,,,Shalini Mukherjee,shalini.mukherjee.84@gmail.com,9461200471,Hyderabad,2023-07-05,Free,Computer Vision,AI & ML,INS003,Arjun Patel,15,Intermediate,1877,914,Disengaged
CRS022,LRN0426,ENR00839,2024-01-23,2024-02-12,,Not Started,0,,,2,,No,,,Anita Das,anita.das.426@gmail.com,9438421503,Ahmedabad,2023-06-03,Free,Statistics for Data Science,Data Science,INS015,Kiran Desai,10,Advanced,12777,,Disengaged
CRS015,LRN0354,ENR00843,2024-01-10,2024-01-20,,In Progress,30,2024-01-24,,2,,No,,,Reena Tiwari,reena.tiwari.354@outlook.com,9527636556,Ahmedabad,2022-07-04,Basic,Azure Data Engineering,Cloud Computing,INS013,Manish Verma,5,Beginner,942,907,Disengaged
CRS039,LRN0014,ENR01557,2024-01-24,2024-04-13,,In Progress,41,2024-03-26,,1,,No,,,Manish Verma,manish.verma.14@rediffmail.com,9871331509,Hyderabad,2023-08-26,Free,Transformer Models & LLMs,AI & ML,INS008,Kavita Reddy,40,Advanced,12938,845,Disengaged
CRS023,LRN0008,ENR00759,2024-01-29,2024-04-18,2024-02-01,Completed,100,2024-02-01,51.18,1,4,No,3,-77,Divya Yadav,divya.yadav.8@yahoo.com,9884969653,Jaipur,2023-05-21,Free,NLP with Python,AI & ML,INS006,Priya Singh,40,Advanced,6758,899,Disengaged
CRS018,LRN0148,ENR01896,2024-03-11,2024-04-10,,In Progress,39,2024-03-28,,1,,No,,,Shreya Rao,shreya.rao.148@outlook.com,9588879470,Kolkata,2023-11-21,Free,Flutter App Development,Mobile Development,INS006,Priya Singh,15,Beginner,875,843,Disengaged
CRS005,LRN0315,ENR00171,2024-01-22,2024-03-02,,In Progress,57,2024-03-27,,1,,No,,,Siddharth Tiwari,siddharth.tiwari.315@yahoo.com,9811288013,Bhopal,2023-12-03,Basic,Node.js Backend Development,Web Development,INS007,Vikas Mehta,20,Beginner,119,844,Disengaged
CRS013,LRN0046,ENR00469,2024-02-18,2024-05-08,,In Progress,90,2024-03-06,,1,,No,,,Pooja Patel,pooja.patel.46@rediffmail.com,9719374529,Chandigarh,2022-04-28,Premium,AWS Solutions Architect,Cloud Computing,INS013,Manish Verma,40,Advanced,12685,865,Disengaged
CRS013,LRN0046,ENR01784,2024-01-05,2024-03-25,,In Progress,30,2024-01-26,,1,,No,,,Pooja Patel,pooja.patel.46@rediffmail.com,9719374529,Chandigarh,2022-04-28,Premium,AWS Solutions Architect,Cloud Computing,INS013,Manish Verma,40,Advanced,12685,905,Disengaged
CRS003,LRN0163,ENR01265,2024-01-03,2024-01-23,,Not Started,0,,,1,,No,,,Shalini Malhotra,shalini.malhotra.163@gmail.com,9956878339,Jaipur,2023-04-03,Basic,Deep Learning with TensorFlow,AI & ML,INS004,Sunita Rao,10,Advanced,13612,,Disengaged
CRS029,LRN0366,ENR01405,2024-02-06,2024-04-26,,Dropped,31,2024-02-15,,1,,No,,,Mohit Kapoor,mohit.kapoor.366@outlook.com,9740649308,Hyderabad,2023-02-26,Premium,Brand Identity Design,Design,INS010,Anjali Iyer,40,Intermediate,4998,885,Disengaged
CRS013,LRN0434,ENR01554,2024-01-16,2024-04-05,,In Progress,39,2024-02-23,,3,,No,,,Amit Verma,amit.verma.434@outlook.com,9701715772,Indore,2022-12-23,Basic,AWS Solutions Architect,Cloud Computing,INS013,Manish Verma,40,Advanced,12685,877,Disengaged
CRS033,LRN0204,ENR00455,2024-02-25,2024-04-05,,In Progress,66,2024-02-28,,1,4,No,,,Arjun Joshi,arjun.joshi.204@gmail.com,9660937966,Chandigarh,2022-08-08,Free,Penetration Testing,Cybersecurity,INS007,Vikas Mehta,20,Advanced,6392,872,Disengaged
CRS021,LRN0066,ENR00761,2024-03-10,2024-03-30,2024-03-13,Completed,100,2024-03-13,71.28,1,5,Yes,3,-17,Ananya Kapoor,ananya.kapoor.66@outlook.com,9680876038,Lucknow,2023-05-26,Basic,Power BI & Tableau,Data Science,INS005,Deepak Joshi,10,Advanced,6616,858,Disengaged
CRS003,LRN0498,ENR01561,2024-03-01,2024-03-21,2024-03-04,Completed,100,2024-03-04,75.32,1,5,Yes,3,-17,Manish Rao,manish.rao.498@gmail.com,9796471589,Bhopal,2022-09-23,Free,Deep Learning with TensorFlow,AI & ML,INS004,Sunita Rao,10,Advanced,13612,867,Disengaged
CRS019,LRN0208,ENR01768,2024-03-01,2024-04-30,,In Progress,42,2024-03-27,,1,,No,,,Arjun Nair,arjun.nair.208@hotmail.com,9828274225,Lucknow,2022-02-24,Premium,iOS Development with Swift,Mobile Development,INS009,Suresh Gupta,30,Beginner,101,844,Disengaged
CRS026,LRN0128,ENR01711,2024-01-17,2024-01-27,,In Progress,18,2024-01-28,,2,,No,,,Megha Chauhan,megha.chauhan.128@rediffmail.com,9796275705,Pune,2022-10-09,Basic,Full Stack Django,Web Development,INS008,Kavita Reddy,5,Advanced,10918,903,Disengaged
CRS022,LRN0316,ENR00350,2024-01-16,2024-02-05,2024-01-19,Completed,100,2024-01-19,94.26,1,2,Yes,3,-17,Sneha Mehta,sneha.mehta.316@gmail.com,9861207501,Mumbai,2022-07-02,Premium,Statistics for Data Science,Data Science,INS015,Kiran Desai,10,Advanced,12777,912,Disengaged
CRS048,LRN0343,ENR00653,2024-03-16,2024-03-26,2024-03-30,Completed,100,2024-03-30,54.8,1,3,No,14,4,Ajay Chauhan,ajay.chauhan.343@yahoo.com,9902770384,Mumbai,2023-09-06,Basic,OSINT & Threat Intelligence,Cybersecurity,INS009,Suresh Gupta,5,Beginner,440,841,Disengaged
CRS030,LRN0143,ENR01024,2024-02-01,2024-04-01,,In Progress,24,2024-03-17,,1,,No,,,Shreya Nair,shreya.nair.143@gmail.com,9016873395,Mumbai,2022-10-16,Basic,3D Modelling with Blender,Design,INS004,Sunita Rao,30,Intermediate,4503,854,Disengaged
CRS021,LRN0019,ENR00600,2024-03-13,2024-04-02,,In Progress,44,2024-03-13,,1,,No,,,Sunita Banerjee,sunita.banerjee.19@rediffmail.com,9026064746,Surat,2023-05-14,Free,Power BI & Tableau,Data Science,INS005,Deepak Joshi,10,Advanced,6616,858,Disengaged
CRS003,LRN0498,ENR00728,2024-02-19,2024-03-10,,In Progress,41,2024-03-21,,1,,No,,,Manish Rao,manish.rao.498@gmail.com,9796471589,Bhopal,2022-09-23,Free,Deep Learning with TensorFlow,AI & ML,INS004,Sunita Rao,10,Advanced,13612,850,Disengaged
CRS050,LRN0408,ENR01211,2024-02-09,2024-02-19,,Dropped,2,2024-02-13,,2,,No,,,Deepak Malhotra,deepak.malhotra.408@gmail.com,9569998808,Ahmedabad,2023-04-13,Premium,Scala for Big Data,Data Science,INS008,Kavita Reddy,5,Beginner,181,887,Disengaged
CRS004,LRN0086,ENR01023,2024-03-01,2024-04-30,2024-03-12,Completed,100,2024-03-12,58.31,1,3,No,11,-49,Anita Verma,anita.verma.86@yahoo.com,9351585064,Delhi,2023-04-11,Free,React.js Complete Guide,Web Development,INS014,Pooja Mishra,30,Advanced,6867,859,Disengaged
CRS046,LRN0180,ENR00321,2024-02-23,2024-04-03,2024-02-26,Completed,100,2024-02-26,55.0,1,3,No,3,-37,Mohit Malhotra,mohit.malhotra.180@rediffmail.com,9772522872,Surat,2022-03-02,Basic,Terraform Infrastructure,Cloud Computing,INS013,Manish Verma,20,Beginner,300,874,Disengaged
CRS030,LRN0395,ENR00072,2024-01-19,2024-03-19,,In Progress,24,2024-01-21,,1,,No,,,Manish Patel,manish.patel.395@gmail.com,9110392405,Chennai,2023-04-06,Basic,3D Modelling with Blender,Design,INS004,Sunita Rao,30,Intermediate,4503,910,Disengaged
CRS045,LRN0416,ENR01273,2024-02-24,2024-03-05,,Not Started,0,,,1,,No,,,Ravi Gupta,ravi.gupta.416@hotmail.com,9209945101,Bengaluru,2022-06-15,Premium,Photography & Lightroom,Design,INS013,Manish Verma,5,Advanced,13064,,Disengaged
CRS025,LRN0316,ENR01277,2024-02-19,2024-03-30,,In Progress,28,2024-03-21,,1,,No,,,Sneha Mehta,sneha.mehta.316@gmail.com,9861207501,Mumbai,2022-07-02,Premium,Vue.js & Nuxt Development,Web Development,INS004,Sunita Rao,20,Beginner,779,850,Disengaged
CRS054,LRN0254,ENR01777,2024-02-08,2024-03-19,,Dropped,18,2024-02-10,,1,,No,,,Karan Pandey,karan.pandey.254@hotmail.com,9410067626,Pune,2022-12-26,Basic,Product Management,Business,INS010,Anjali Iyer,20,Intermediate,4499,890,Disengaged
CRS056,LRN0076,ENR01235,2024-01-02,2024-03-02,2024-01-05,Completed,100,2024-01-05,65.69,1,2,Yes,3,-57,Nisha Desai,nisha.desai.76@rediffmail.com,9222196937,Bengaluru,2022-08-26,Basic,NoSQL & MongoDB,Data Science,INS007,Vikas Mehta,30,Advanced,9660,926,Disengaged
CRS040,LRN0224,ENR01864,2024-01-16,2024-02-15,2024-02-03,Completed,100,2024-02-03,83.33,2,2,Yes,18,-12,Sunita Chauhan,sunita.chauhan.224@rediffmail.com,9037613791,Mumbai,2023-01-05,Enterprise,TypeScript Advanced,Web Development,INS009,Suresh Gupta,15,Beginner,786,897,Disengaged
CRS058,LRN0200,ENR00192,2024-01-27,2024-02-26,2024-02-04,Completed,100,2024-02-04,62.04,2,4,Yes,8,-22,Rekha Kumar,rekha.kumar.200@yahoo.com,9014388899,Ahmedabad,2023-01-19,Basic,Zero Trust Security,Cybersecurity,INS014,Pooja Mishra,15,Intermediate,4039,896,Disengaged
CRS045,LRN0231,ENR00699,2024-02-03,2024-02-13,,In Progress,14,2024-03-12,,1,,No,,,Ananya Yadav,ananya.yadav.231@yahoo.com,9800030756,Bengaluru,2022-02-06,Basic,Photography & Lightroom,Design,INS013,Manish Verma,5,Advanced,13064,859,Disengaged
CRS039,LRN0134,ENR01140,2024-01-28,2024-04-17,,Not Started,0,,,1,,No,,,Pooja Bose,pooja.bose.134@rediffmail.com,9705895782,Delhi,2022-03-09,Basic,Transformer Models & LLMs,AI & ML,INS008,Kavita Reddy,40,Advanced,12938,,Disengaged
CRS031,LRN0272,ENR00007,2024-02-24,2024-03-05,2024-03-15,Completed,100,2024-03-15,49.22,2,5,No,20,10,Kavya Malhotra,kavya.malhotra.272@yahoo.com,9140602933,Surat,2022-07-31,Free,Docker & Kubernetes,Cloud Computing,INS004,Sunita Rao,5,Intermediate,3781,856,Disengaged
CRS041,LRN0047,ENR01585,2024-02-18,2024-03-19,2024-02-25,Completed,100,2024-02-25,46.7,1,5,No,7,-23,Rahul Chauhan,rahul.chauhan.47@rediffmail.com,9190496631,Chandigarh,2023-10-05,Free,GraphQL APIs,Web Development,INS002,Meera Nair,15,Intermediate,1945,875,Disengaged
CRS049,LRN0292,ENR01960,2024-01-02,2024-02-11,2024-02-21,Completed,100,2024-02-21,61.14,1,2,Yes,50,10,Suresh Joshi,suresh.joshi.292@gmail.com,9166746762,Bengaluru,2023-12-14,Premium,Unity Game Development,Mobile Development,INS007,Vikas Mehta,20,Intermediate,2541,879,Disengaged
CRS032,LRN0017,ENR01799,2024-02-07,2024-02-17,,In Progress,26,,,1,,No,,,Rohan Desai,rohan.desai.17@hotmail.com,9106513338,Bengaluru,2023-03-09,Free,DevOps CI/CD Pipeline,Cloud Computing,INS003,Arjun Patel,5,Advanced,6723,,Disengaged
CRS037,LRN0218,ENR00724,2024-02-20,2024-03-31,,Dropped,25,2024-02-20,,1,,No,,,Shalini Sharma,shalini.sharma.218@yahoo.com,9127706324,Bhopal,2022-10-08,Free,Data Engineering with Spark,Data Science,INS004,Sunita Rao,20,Advanced,14534,880,Disengaged
CRS031,LRN0357,ENR00269,2024-02-07,2024-02-17,,Dropped,13,2024-02-10,,2,,No,,,Nikhil Das,nikhil.das.357@outlook.com,9175455884,Mumbai,2023-02-26,Free,Docker & Kubernetes,Cloud Computing,INS004,Sunita Rao,5,Intermediate,3781,890,Disengaged
CRS045,LRN0482,ENR00286,2024-01-19,2024-01-29,,In Progress,90,2024-01-28,,1,,No,,,Aditya Pandey,aditya.pandey.482@rediffmail.com,9528183253,Delhi,2023-10-27,Basic,Photography & Lightroom,Design,INS013,Manish Verma,5,Advanced,13064,903,Disengaged
CRS046,LRN0351,ENR00481,2024-02-15,2024-03-26,,In Progress,69,,,1,,No,,,Nikhil Pandey,nikhil.pandey.351@hotmail.com,9957947284,Hyderabad,2023-08-14,Free,Terraform Infrastructure,Cloud Computing,INS013,Manish Verma,20,Beginner,300,,Disengaged
CRS060,LRN0330,ENR00344,2024-01-06,2024-02-05,2024-01-09,Completed,100,,59.72,2,5,No,3,-27,Ajay Shah,ajay.shah.330@rediffmail.com,9449892665,Surat,2022-03-21,Basic,Bayesian Statistics,Data Science,INS006,Unknown,15,Intermediate,1231,,Disengaged
CRS040,LRN0057,ENR00586,2024-02-12,2024-03-13,2024-03-12,Completed,100,2024-03-12,46.1,1,4,No,29,-1,Kavya Chatterjee,kavya.chatterjee.57@yahoo.com,9711671902,Indore,2023-07-31,Enterprise,TypeScript Advanced,Web Development,INS009,Suresh Gupta,15,Beginner,786,859,Disengaged
CRS051,LRN0017,ENR01093,2024-02-10,2024-04-30,2024-03-31,Completed,100,,90.22,1,1,Yes,50,-30,Rohan Desai,rohan.desai.17@hotmail.com,9106513338,Bengaluru,2023-03-09,Free,MLOps & Model Deployment,AI & ML,INS015,Kiran Desai,40,Beginner,503,,Disengaged
CRS004,LRN0481,ENR01202,2024-02-22,2024-04-22,,In Progress,81,2024-02-23,,1,,No,,,Ritika Jain,ritika.jain.481@outlook.com,9989319508,Mumbai,2022-04-24,Basic,React.js Complete Guide,Web Development,INS014,Pooja Mishra,30,Advanced,6867,877,Disengaged
CRS048,LRN0301,ENR01088,2024-01-09,2024-01-19,,Not Started,0,,,1,,No,,,Sunita Mehta,sunita.mehta.301@hotmail.com,9735160917,Surat,2023-08-27,Enterprise,OSINT & Threat Intelligence,Cybersecurity,INS009,Suresh Gupta,5,Beginner,440,,Disengaged
CRS056,LRN0257,ENR01843,2024-03-05,2024-05-04,,Dropped,4,2024-03-16,,1,,No,,,Rekha Joshi,rekha.joshi.257@outlook.com,9015336884,Chennai,2022-09-01,Free,NoSQL & MongoDB,Data Science,INS007,Vikas Mehta,30,Advanced,9660,855,Disengaged
CRS003,LRN0185,ENR00164,2024-01-04,2024-01-24,2024-01-17,Completed,100,2024-01-17,54.58,2,2,No,13,-7,Priya Srivastava,priya.srivastava.185@hotmail.com,9668700217,Surat,2022-12-06,Basic,Deep Learning with TensorFlow,AI & ML,INS004,Sunita Rao,10,Advanced,13612,914,Disengaged
CRS024,LRN0030,ENR01531,2024-03-09,2024-04-08,2024-03-19,Completed,100,2024-03-19,59.34,1,1,No,10,-20,Aditya Chatterjee,aditya.chatterjee.30@yahoo.com,9733754330,Pune,2022-12-03,Free,Computer Vision,AI & ML,INS003,Arjun Patel,15,Intermediate,1877,852,Disengaged
CRS031,LRN0238,ENR01954,2024-02-19,2024-02-29,,In Progress,63,2024-03-20,,2,,No,,,Divya Kapoor,divya.kapoor.238@gmail.com,9912127756,Jaipur,2023-01-02,Enterprise,Docker & Kubernetes,Cloud Computing,INS004,Sunita Rao,5,Intermediate,3781,851,Disengaged
CRS060,LRN0162,ENR00745,2024-01-30,2024-02-29,,In Progress,48,2024-02-11,,1,,No,,,Ananya Verma,ananya.verma.162@yahoo.com,9426841459,Hyderabad,2022-05-17,Basic,Bayesian Statistics,Data Science,INS006,Unknown,15,Intermediate,1231,889,Disengaged
CRS056,LRN0139,ENR00334,2024-01-07,2024-03-07,,In Progress,36,2024-02-07,,1,3,No,,,Kavya Shah,kavya.shah.139@hotmail.com,9396907844,Hyderabad,2023-12-03,Basic,NoSQL & MongoDB,Data Science,INS007,Vikas Mehta,30,Advanced,9660,893,Disengaged
CRS016,LRN0199,ENR01409,2024-01-06,2024-01-26,2024-01-13,Completed,100,2024-01-13,46.83,1,2,No,7,-13,Manish Jain,manish.jain.199@rediffmail.com,9891135290,Surat,2023-11-25,Basic,Ethical Hacking Basics,Cybersecurity,INS010,Unknown,10,Beginner,686,918,Disengaged
CRS019,LRN0120,ENR00190,2024-03-08,2024-05-07,2024-03-11,Completed,100,2024-03-11,65.28,1,3,Yes,3,-57,Nikhil Verma,nikhil.verma.120@rediffmail.com,9901043289,Pune,2022-04-24,Premium,iOS Development with Swift,Mobile Development,INS009,Suresh Gupta,30,Beginner,101,860,Disengaged
CRS001,LRN0495,ENR00345,2024-01-14,2024-02-13,,In Progress,20,2024-02-26,,1,,No,,,Ajay Tiwari,ajay.tiwari.495@rediffmail.com,9196106462,Ahmedabad,2023-12-29,Basic,Python for Data Science,Data Science,INS009,Suresh Gupta,15,Intermediate,2986,874,Disengaged
CRS052,LRN0097,ENR00999,2024-02-02,2024-04-22,,Not Started,0,,,1,,No,,,Reena Pillai,reena.pillai.97@outlook.com,9809402445,Mumbai,2022-07-05,Premium,Svelte & SvelteKit,Web Development,INS005,Deepak Joshi,40,Intermediate,4129,,Disengaged
CRS029,LRN0463,ENR01031,2024-02-02,2024-04-22,,In Progress,69,2024-03-02,,1,,No,,,Vijay Shah,vijay.shah.463@gmail.com,9478700505,Pune,2022-05-02,Free,Brand Identity Design,Design,INS010,Anjali Iyer,40,Intermediate,4998,869,Disengaged
CRS002,LRN0301,ENR00186,2024-03-13,2024-04-02,,Dropped,8,2024-03-27,,1,,No,,,Sunita Mehta,sunita.mehta.301@hotmail.com,9735160917,Surat,2023-08-27,Enterprise,Machine Learning Fundamentals,AI & ML,INS006,Priya Singh,10,Beginner,223,844,Disengaged
CRS033,LRN0113,ENR00762,2024-01-17,2024-02-26,,Dropped,14,2024-01-19,,1,,No,,,Sachin Pandey,sachin.pandey.113@yahoo.com,9054235733,Bengaluru,2022-03-21,Free,Penetration Testing,Cybersecurity,INS007,Vikas Mehta,20,Advanced,6392,912,Disengaged
CRS018,LRN0422,ENR00050,2024-03-13,2024-04-12,,Dropped,13,2024-03-22,,1,,No,,,Shreya Iyer,shreya.iyer.422@gmail.com,9850155699,Bhopal,2022-06-29,Free,Flutter App Development,Mobile Development,INS006,Priya Singh,15,Beginner,875,849,Disengaged
CRS059,LRN0185,ENR01371,2024-02-05,2024-04-25,,Dropped,9,2024-02-12,,1,,No,,,Priya Srivastava,priya.srivastava.185@hotmail.com,9668700217,Surat,2022-12-06,Basic,Wearable App Development,Mobile Development,INS001,Rajiv Sharma,40,Intermediate,1398,888,Disengaged
CRS056,LRN0419,ENR00076,2024-03-03,2024-05-02,2024-03-06,Completed,100,2024-03-06,74.06,1,3,Yes,3,-57,Ajay Singh,ajay.singh.419@rediffmail.com,9794695489,Kolkata,2022-05-13,Basic,NoSQL & MongoDB,Data Science,INS007,Vikas Mehta,30,Advanced,9660,865,Disengaged
CRS022,LRN0361,ENR00587,2024-02-15,2024-03-06,,Dropped,4,2024-02-23,,1,,No,,,Pooja Desai,pooja.desai.361@rediffmail.com,9413261117,Mumbai,2022-01-27,Premium,Statistics for Data Science,Data Science,INS015,Kiran Desai,10,Advanced,12777,877,Disengaged
CRS057,LRN0184,ENR00083,2024-02-03,2024-02-13,2024-02-06,Completed,100,,54.61,2,5,No,3,-7,Ritika Bose,ritika.bose.184@gmail.com,9615679334,Surat,2023-10-28,Premium,Microservices Architecture,Cloud Computing,INS006,Priya Singh,5,Beginner,604,,Disengaged
CRS003,LRN0413,ENR00407,2024-02-07,2024-02-27,,Dropped,14,2024-02-10,,1,,No,,,Deepak Gupta,deepak.gupta.413@outlook.com,9259222206,Chennai,2023-04-02,Free,Deep Learning with TensorFlow,AI & ML,INS004,Sunita Rao,10,Advanced,13612,890,Disengaged
CRS008,LRN0217,ENR01359,2024-02-15,2024-05-05,,In Progress,80,2024-03-17,,1,,No,,,Amit Das,amit.das.217@gmail.com,9458929750,Delhi,2023-10-04,Premium,Project Management Professional,Business,INS003,Arjun Patel,40,Intermediate,4049,854,Disengaged
CRS051,LRN0087,ENR00128,2024-02-01,2024-04-21,,In Progress,81,2024-02-28,,1,4,No,,,Ishaan Shah,ishaan.shah.87@rediffmail.com,9900532931,Hyderabad,2023-08-24,Free,MLOps & Model Deployment,AI & ML,INS015,Kiran Desai,40,Beginner,503,872,Disengaged
CRS053,LRN0392,ENR01172,2024-02-15,2024-05-05,2024-03-31,Completed,100,2024-03-31,59.17,1,1,No,45,-35,Sunita Mishra,sunita.mishra.392@hotmail.com,9168622783,Pune,2023-10-30,Basic,Supply Chain Management,Business,INS010,Anjali Iyer,40,Intermediate,3268,840,Disengaged
CRS004,LRN0003,ENR00206,2024-02-18,2024-04-18,,Dropped,15,2024-03-03,,1,,No,,,Suresh Mishra,suresh.mishra.3@rediffmail.com,9235116155,Chennai,2022-02-14,Premium,React.js Complete Guide,Web Development,INS014,Pooja Mishra,30,Advanced,6867,868,Disengaged
CRS052,LRN0224,ENR00257,2024-01-30,2024-04-19,2024-02-08,Completed,100,2024-02-08,61.0,1,3,Yes,9,-71,Sunita Chauhan,sunita.chauhan.224@rediffmail.com,9037613791,Mumbai,2023-01-05,Enterprise,Svelte & SvelteKit,Web Development,INS005,Deepak Joshi,40,Intermediate,4129,892,Disengaged
CRS019,LRN0068,ENR00690,2024-01-09,2024-03-09,,Dropped,29,2024-01-12,,1,,No,,,Aarav Reddy,aarav.reddy.68@rediffmail.com,9613171274,Chandigarh,2022-10-07,Basic,iOS Development with Swift,Mobile Development,INS009,Suresh Gupta,30,Beginner,101,919,Disengaged
CRS028,LRN0035,ENR01367,2024-01-03,2024-02-12,,In Progress,21,2024-01-11,,1,,No,,,Shreya Chauhan,shreya.chauhan.35@rediffmail.com,9369957773,Ahmedabad,2022-06-23,Premium,Entrepreneurship 101,Business,INS006,Priya Singh,20,Beginner,394,920,Disengaged
CRS018,LRN0409,ENR01156,2024-03-06,2024-04-05,2024-03-21,Completed,100,2024-03-21,65.33,1,3,Yes,15,-15,Pooja Iyer,pooja.iyer.409@hotmail.com,9860868034,Pune,2022-11-08,Premium,Flutter App Development,Mobile Development,INS006,Priya Singh,15,Beginner,875,850,Disengaged
CRS038,LRN0032,ENR00259,2024-03-09,2024-04-08,2024-03-28,Completed,100,2024-03-28,98.89,1,3,Yes,19,-11,Simran Agarwal,simran.agarwal.32@outlook.com,9556981693,Mumbai,2023-12-27,Basic,Reinforcement Learning,AI & ML,INS010,Unknown,15,Advanced,10834,843,Disengaged
CRS026,LRN0053,ENR01228,2024-03-01,2024-03-11,,In Progress,28,2024-03-30,,2,,No,,,Pooja Chauhan,pooja.chauhan.53@outlook.com,9957885685,Chandigarh,2023-04-10,Free,Full Stack Django,Web Development,INS008,Kavita Reddy,5,Advanced,10918,841,Disengaged
CRS005,LRN0156,ENR01687,2024-02-26,2024-04-06,,In Progress,72,2024-03-22,,1,5,No,,,Sneha Agarwal,sneha.agarwal.156@hotmail.com,9571208267,Surat,2022-07-24,Premium,Node.js Backend Development,Web Development,INS007,Vikas Mehta,20,Beginner,119,849,Disengaged
CRS035,LRN0461,ENR01076,2024-02-23,2024-05-13,2024-03-31,Completed,100,2024-03-31,88.7,1,3,Yes,37,-43,Vijay Chatterjee,vijay.chatterjee.461@yahoo.com,9517432806,Chennai,2023-12-14,Basic,React Native Cross-Platform,Mobile Development,INS002,Meera Nair,40,Beginner,66,840,Disengaged
CRS006,LRN0121,ENR00924,2024-02-16,2024-02-26,,Not Started,0,,,1,,No,,,Ananya Gupta,ananya.gupta.121@gmail.com,9369711798,Surat,2023-06-12,Basic,HTML & CSS Mastery,Web Development,INS015,Unknown,5,Intermediate,2276,,Disengaged
CRS042,LRN0146,ENR01945,2024-01-06,2024-01-16,2024-01-09,Completed,100,2024-01-09,78.8,1,1,Yes,3,-7,Sunita Pandey,sunita.pandey.146@gmail.com,9585239868,Mumbai,2022-02-09,Free,Operations Management,Business,INS001,Unknown,5,Advanced,6117,922,Disengaged
CRS038,LRN0379,ENR00781,2024-01-20,2024-02-19,2024-01-24,Completed,100,2024-01-24,81.97,1,1,Yes,4,-26,Pooja Tiwari,pooja.tiwari.379@outlook.com,9186387829,Kolkata,2023-02-24,Basic,Reinforcement Learning,AI & ML,INS010,Unknown,15,Advanced,10834,907,Disengaged
CRS018,LRN0341,ENR00312,2024-01-16,2024-02-15,,In Progress,73,2024-03-26,,1,,No,,,Arjun Pandey,arjun.pandey.341@gmail.com,9887449562,Chandigarh,2022-08-24,Basic,Flutter App Development,Mobile Development,INS006,Priya Singh,15,Beginner,875,845,Disengaged
CRS046,LRN0428,ENR01045,2024-03-16,2024-04-25,,In Progress,86,2024-03-24,,1,,No,,,Shreya Mukherjee,shreya.mukherjee.428@gmail.com,9091570184,Lucknow,2022-11-16,Basic,Terraform Infrastructure,Cloud Computing,INS013,Manish Verma,20,Beginner,300,847,Disengaged
CRS029,LRN0409,ENR01392,2024-02-24,2024-05-14,,Not Started,0,,,1,,No,,,Pooja Iyer,pooja.iyer.409@hotmail.com,9860868034,Pune,2022-11-08,Premium,Brand Identity Design,Design,INS010,Anjali Iyer,40,Intermediate,4998,,Disengaged
CRS026,LRN0384,ENR01027,2024-02-02,2024-02-12,,In Progress,31,2024-02-28,,1,,No,,,Preeti Agarwal,preeti.agarwal.384@hotmail.com,9195761228,Jaipur,2022-12-12,Premium,Full Stack Django,Web Development,INS008,Kavita Reddy,5,Advanced,10918,872,Disengaged
CRS055,LRN0285,ENR00602,2024-01-11,2024-01-21,,Not Started,0,,,1,2,No,,,Sunita Sharma,sunita.sharma.285@outlook.com,9332309821,Chandigarh,2023-10-29,Premium,Motion UI Design,Design,INS009,Suresh Gupta,5,Intermediate,3026,,Disengaged
CRS011,LRN0471,ENR01545,2024-01-19,2024-01-29,,Not Started,0,,,1,,No,,,Varun Verma,varun.verma.471@yahoo.com,9340312772,Surat,2022-02-14,Free,Figma for Beginners,Design,INS012,Nisha Agarwal,5,Beginner,19,,Disengaged
CRS056,LRN0459,ENR01250,2024-02-16,2024-04-16,,Dropped,24,2024-02-22,,1,,No,,,Aarav Mukherjee,aarav.mukherjee.459@hotmail.com,9064256908,Ahmedabad,2023-03-23,Basic,NoSQL & MongoDB,Data Science,INS007,Vikas Mehta,30,Advanced,9660,878,Disengaged
CRS026,LRN0253,ENR00925,2024-03-10,2024-03-20,2024-03-18,Completed,100,2024-03-18,80.3,1,2,Yes,8,-2,Mohit Patel,mohit.patel.253@gmail.com,9513552157,Chennai,2022-08-03,Free,Full Stack Django,Web Development,INS008,Kavita Reddy,5,Advanced,10918,853,Disengaged
CRS001,LRN0057,ENR01970,2024-03-07,2024-04-06,2024-03-10,Completed,100,2024-03-10,83.36,1,5,Yes,3,-27,Kavya Chatterjee,kavya.chatterjee.57@yahoo.com,9711671902,Indore,2023-07-31,Enterprise,Python for Data Science,Data Science,INS009,Suresh Gupta,15,Intermediate,2986,861,Disengaged
CRS010,LRN0008,ENR00766,2024-01-05,2024-01-25,,Dropped,10,2024-01-08,,1,4,No,,,Divya Yadav,divya.yadav.8@yahoo.com,9884969653,Jaipur,2023-05-21,Free,UI/UX Design Principles,Design,INS005,Deepak Joshi,10,Beginner,133,923,Disengaged
CRS052,LRN0327,ENR00668,2024-01-13,2024-04-02,2024-03-31,Completed,100,2024-03-31,49.33,2,3,No,78,-2,Neha Pandey,neha.pandey.327@hotmail.com,9639427881,Kolkata,2023-05-30,Free,Svelte & SvelteKit,Web Development,INS005,Deepak Joshi,40,Intermediate,4129,840,Disengaged
CRS048,LRN0490,ENR00803,2024-02-07,2024-02-17,,In Progress,51,,,3,,No,,,Rahul Reddy,rahul.reddy.490@gmail.com,9410672752,Chandigarh,2023-07-14,Enterprise,OSINT & Threat Intelligence,Cybersecurity,INS009,Suresh Gupta,5,Beginner,440,,Disengaged
CRS029,LRN0126,ENR01812,2024-01-11,2024-03-31,,Not Started,0,,,1,1,No,,,Siddharth Chauhan,siddharth.chauhan.126@hotmail.com,9505415667,Kolkata,2022-07-11,Basic,Brand Identity Design,Design,INS010,Anjali Iyer,40,Intermediate,4998,,Disengaged
CRS049,LRN0067,ENR00867,2024-03-03,2024-04-12,2024-03-31,Completed,100,2024-03-31,78.68,1,1,Yes,28,-12,Rohan Mehta,rohan.mehta.67@yahoo.com,9482477109,Chandigarh,2022-06-12,Basic,Unity Game Development,Mobile Development,INS007,Vikas Mehta,20,Intermediate,2541,840,Disengaged
CRS009,LRN0168,ENR01314,2024-01-20,2024-02-09,,In Progress,26,2024-03-08,,1,,No,,,Vijay Patel,vijay.patel.168@gmail.com,9512868230,Chennai,2023-04-20,Premium,Digital Marketing Strategy,Business,INS004,Sunita Rao,10,Advanced,8712,863,Disengaged
CRS012,LRN0012,ENR00669,2024-02-02,2024-03-13,,Dropped,5,2024-02-13,,2,,No,,,Vivaan Kumar,vivaan.kumar.12@gmail.com,9543039117,Indore,2023-06-30,Premium,Motion Graphics & Animation,Design,INS013,Manish Verma,20,Beginner,201,887,Disengaged
CRS044,LRN0133,ENR01760,2024-02-04,2024-04-24,,In Progress,84,2024-03-08,,1,,No,,,Ravi Jain,ravi.jain.133@yahoo.com,9188442258,Delhi,2022-07-25,Premium,Adobe Illustrator Mastery,Design,INS010,Anjali Iyer,40,Intermediate,2240,863,Disengaged
CRS054,LRN0490,ENR01289,2024-01-04,2024-02-13,2024-01-10,Completed,100,2024-01-10,53.54,3,5,No,6,-34,Rahul Reddy,rahul.reddy.490@gmail.com,9410672752,Chandigarh,2023-07-14,Enterprise,Product Management,Business,INS010,Anjali Iyer,20,Intermediate,4499,921,Disengaged
CRS058,LRN0480,ENR00112,2024-02-09,2024-03-10,,Dropped,11,2024-02-12,,2,,No,,,Shalini Verma,shalini.verma.480@rediffmail.com,9262570165,Mumbai,2022-10-31,Basic,Zero Trust Security,Cybersecurity,INS014,Pooja Mishra,15,Intermediate,4039,888,Disengaged
CRS028,LRN0274,ENR01984,2024-02-09,2024-03-20,,In Progress,61,2024-02-19,,1,,No,,,Ritika Agarwal,ritika.agarwal.274@hotmail.com,9657437489,Lucknow,2022-04-15,Free,Entrepreneurship 101,Business,INS006,Priya Singh,20,Beginner,394,881,Disengaged
CRS008,LRN0449,ENR01062,2024-01-19,2024-04-08,2024-03-11,Completed,100,2024-03-11,51.94,1,3,No,52,-28,Kavya Sharma,kavya.sharma.449@yahoo.com,9192927524,Ahmedabad,2022-07-05,Premium,Project Management Professional,Business,INS003,Arjun Patel,40,Intermediate,4049,860,Disengaged
CRS035,LRN0172,ENR01237,2024-02-27,2024-05-17,,Not Started,0,,,1,,No,,,Ajay Yadav,ajay.yadav.172@hotmail.com,9644089268,Mumbai,2022-12-19,Enterprise,React Native Cross-Platform,Mobile Development,INS002,Meera Nair,40,Beginner,66,,Disengaged
CRS016,LRN0283,ENR01696,2024-03-17,2024-04-06,,Dropped,6,2024-03-21,,1,,No,,,Manish Sharma,manish.sharma.283@yahoo.com,9583003354,Delhi,2023-01-28,Basic,Ethical Hacking Basics,Cybersecurity,INS010,Unknown,10,Beginner,686,850,Disengaged
CRS049,LRN0012,ENR00680,2024-02-06,2024-03-17,,In Progress,40,2024-03-08,,1,,No,,,Vivaan Kumar,vivaan.kumar.12@gmail.com,9543039117,Indore,2023-06-30,Premium,Unity Game Development,Mobile Development,INS007,Vikas Mehta,20,Intermediate,2541,863,Disengaged
CRS033,LRN0112,ENR00936,2024-01-04,2024-02-13,2024-01-12,Completed,100,2024-01-12,90.63,2,2,Yes,8,-32,Shreya Shah,shreya.shah.112@rediffmail.com,9629148652,Delhi,2023-10-24,Premium,Penetration Testing,Cybersecurity,INS007,Vikas Mehta,20,Advanced,6392,919,Disengaged
CRS056,LRN0433,ENR01448,2024-02-16,2024-04-16,,In Progress,83,,,1,,No,,,Priya Das,priya.das.433@rediffmail.com,9717477332,Chennai,2023-01-08,Basic,NoSQL & MongoDB,Data Science,INS007,Vikas Mehta,30,Advanced,9660,,Disengaged
CRS004,LRN0492,ENR01032,2024-02-01,2024-04-01,,Not Started,0,,,2,,No,,,Ravi Singh,ravi.singh.492@gmail.com,9509398343,Delhi,2023-07-06,Premium,React.js Complete Guide,Web Development,INS014,Pooja Mishra,30,Advanced,6867,,Disengaged
CRS039,LRN0146,ENR00435,2024-01-28,2024-04-17,,In Progress,81,2024-02-10,,1,,No,,,Sunita Pandey,sunita.pandey.146@gmail.com,9585239868,Mumbai,2022-02-09,Free,Transformer Models & LLMs,AI & ML,INS008,Kavita Reddy,40,Advanced,12938,890,Disengaged
CRS023,LRN0496,ENR01699,2024-02-19,2024-05-09,2024-03-31,Completed,100,2024-03-31,59.36,1,4,No,41,-39,Arjun Das,arjun.das.496@rediffmail.com,9648704947,Chandigarh,2023-04-20,Free,NLP with Python,AI & ML,INS006,Priya Singh,40,Advanced,6758,840,Disengaged
CRS048,LRN0338,ENR01927,2024-03-09,2024-03-19,,Not Started,0,,,1,,No,,,Nikhil Bose,nikhil.bose.338@yahoo.com,9659916247,Bhopal,2022-03-27,Free,OSINT & Threat Intelligence,Cybersecurity,INS009,Suresh Gupta,5,Beginner,440,,Disengaged
CRS005,LRN0229,ENR00106,2024-02-17,2024-03-28,,In Progress,85,2024-03-13,,1,,No,,,Kavya Joshi,kavya.joshi.229@gmail.com,9524105648,Chennai,2023-12-31,Enterprise,Node.js Backend Development,Web Development,INS007,Vikas Mehta,20,Beginner,119,858,Disengaged
CRS002,LRN0077,ENR01814,2024-01-25,2024-02-14,,In Progress,18,2024-01-26,,1,,No,,,Kavya Verma,kavya.verma.77@rediffmail.com,9407482175,Chennai,2023-10-17,Enterprise,Machine Learning Fundamentals,AI & ML,INS006,Priya Singh,10,Beginner,223,905,Disengaged
CRS034,LRN0083,ENR00603,2024-01-16,2024-02-05,2024-02-08,Completed,100,2024-02-08,92.84,1,4,Yes,23,3,Kavya Rao,kavya.rao.83@rediffmail.com,9651370985,Hyderabad,2023-10-26,Free,Android Development Kotlin,Mobile Development,INS002,Meera Nair,10,Intermediate,3846,892,Disengaged
CRS024,LRN0344,ENR01329,2024-02-27,2024-03-28,2024-03-30,Completed,100,2024-03-30,46.68,1,3,No,32,2,Varun Pillai,varun.pillai.344@outlook.com,9205302146,Surat,2023-02-09,Basic,Computer Vision,AI & ML,INS003,Arjun Patel,15,Intermediate,1877,841,Disengaged
CRS044,LRN0139,ENR00467,2024-03-07,2024-05-26,,Dropped,9,2024-03-07,,3,,No,,,Kavya Shah,kavya.shah.139@hotmail.com,9396907844,Hyderabad,2023-12-03,Basic,Adobe Illustrator Mastery,Design,INS010,Anjali Iyer,40,Intermediate,2240,864,Disengaged
CRS054,LRN0403,ENR01631,2024-03-17,2024-04-26,,Not Started,0,,,1,,No,,,Divya Agarwal,divya.agarwal.403@outlook.com,9292518812,Bhopal,2022-05-30,Premium,Product Management,Business,INS010,Anjali Iyer,20,Intermediate,4499,,Disengaged
CRS022,LRN0448,ENR01963,2024-02-10,2024-03-01,,In Progress,32,2024-02-27,,1,,No,,,Megha Bose,megha.bose.448@outlook.com,9904712814,Bengaluru,2023-09-23,Free,Statistics for Data Science,Data Science,INS015,Kiran Desai,10,Advanced,12777,873,Disengaged
CRS059,LRN0133,ENR00367,2024-03-14,2024-06-02,,In Progress,64,2024-03-21,,2,,No,,,Ravi Jain,ravi.jain.133@yahoo.com,9188442258,Delhi,2022-07-25,Premium,Wearable App Development,Mobile Development,INS001,Rajiv Sharma,40,Intermediate,1398,850,Disengaged
CRS041,LRN0227,ENR00220,2024-01-01,2024-01-31,2024-01-27,Completed,100,2024-01-27,48.85,1,2,No,26,-4,Shreya Singh,shreya.singh.227@hotmail.com,9832856914,Chandigarh,2022-09-02,Free,GraphQL APIs,Web Development,INS002,Meera Nair,15,Intermediate,1945,904,Disengaged
CRS020,LRN0023,ENR00973,2024-01-24,2024-02-03,2024-02-09,Completed,100,2024-02-09,77.1,1,4,Yes,16,6,Shalini Tiwari,shalini.tiwari.23@rediffmail.com,9107991183,Chennai,2022-05-16,Enterprise,SQL & Database Design,Data Science,INS013,Unknown,5,Advanced,8138,891,Disengaged
CRS021,LRN0462,ENR01475,2024-03-13,2024-04-02,2024-03-16,Completed,100,,45.58,2,1,No,3,-17,Sneha Shah,sneha.shah.462@rediffmail.com,9571732030,Hyderabad,2023-05-16,Basic,Power BI & Tableau,Data Science,INS005,Deepak Joshi,10,Advanced,6616,,Disengaged
CRS033,LRN0232,ENR01363,2024-02-09,2024-03-20,2024-03-03,Completed,100,2024-03-03,45.64,1,1,No,23,-17,Geeta Yadav,geeta.yadav.232@rediffmail.com,9536541951,Surat,2022-02-23,Free,Penetration Testing,Cybersecurity,INS007,Vikas Mehta,20,Advanced,6392,868,Disengaged
CRS044,LRN0263,ENR00573,2024-01-10,2024-03-30,,Dropped,2,2024-01-15,,1,,No,,,Anita Joshi,anita.joshi.263@yahoo.com,9233206163,Bhopal,2023-09-02,Free,Adobe Illustrator Mastery,Design,INS010,Anjali Iyer,40,Intermediate,2240,916,Disengaged
CRS026,LRN0347,ENR00876,2024-01-20,2024-01-30,2024-02-09,Completed,100,2024-02-09,97.82,1,3,Yes,20,10,Nisha Nair,nisha.nair.347@gmail.com,9357790714,Pune,2023-10-11,Premium,Full Stack Django,Web Development,INS008,Kavita Reddy,5,Advanced,10918,891,Disengaged
CRS026,LRN0417,ENR01727,2024-01-18,2024-01-28,,In Progress,42,2024-03-31,,2,,No,,,Preeti Joshi,preeti.joshi.417@gmail.com,9795014556,Indore,2023-03-14,Premium,Full Stack Django,Web Development,INS008,Kavita Reddy,5,Advanced,10918,840,Disengaged
CRS010,LRN0417,ENR00236,2024-02-04,2024-02-24,,Dropped,25,2024-02-18,,1,2,No,,,Preeti Joshi,preeti.joshi.417@gmail.com,9795014556,Indore,2023-03-14,Premium,UI/UX Design Principles,Design,INS005,Deepak Joshi,10,Beginner,133,882,Disengaged
CRS055,LRN0487,ENR01259,2024-03-12,2024-03-22,2024-03-26,Completed,100,2024-03-26,62.62,1,3,Yes,14,4,Amit Nair,amit.nair.487@yahoo.com,9988774924,Indore,2022-09-24,Free,Motion UI Design,Design,INS009,Suresh Gupta,5,Intermediate,3026,845,Disengaged
CRS030,LRN0266,ENR00144,2024-03-04,2024-05-03,2024-03-07,Completed,100,2024-03-07,93.61,1,3,Yes,3,-57,Geeta Mishra,geeta.mishra.266@yahoo.com,9679970246,Lucknow,2023-09-16,Premium,3D Modelling with Blender,Design,INS004,Sunita Rao,30,Intermediate,4503,864,Disengaged
CRS021,LRN0373,ENR00115,2024-01-12,2024-02-01,,Dropped,26,2024-01-22,,1,,No,,,Preeti Iyer,preeti.iyer.373@yahoo.com,9147435031,Surat,2023-03-21,Basic,Power BI & Tableau,Data Science,INS005,Deepak Joshi,10,Advanced,6616,909,Disengaged
CRS005,LRN0308,ENR00256,2024-02-13,2024-03-24,2024-03-24,Completed,100,2024-03-24,85.86,1,5,Yes,40,0,Geeta Bose,geeta.bose.308@outlook.com,9580043973,Indore,2023-08-26,Basic,Node.js Backend Development,Web Development,INS007,Vikas Mehta,20,Beginner,119,847,Disengaged
CRS059,LRN0201,ENR01421,2024-01-21,2024-04-10,,Not Started,0,,,1,,No,,,Komal Jain,komal.jain.201@gmail.com,9825071461,Bhopal,2022-05-26,Basic,Wearable App Development,Mobile Development,INS001,Rajiv Sharma,40,Intermediate,1398,,Disengaged
CRS024,LRN0091,ENR00238,2024-01-24,2024-02-23,,Dropped,31,2024-01-27,,1,,No,,,Nikhil Chatterjee,nikhil.chatterjee.91@yahoo.com,9661771159,Delhi,2022-05-10,Free,Computer Vision,AI & ML,INS003,Arjun Patel,15,Intermediate,1877,904,Disengaged
CRS042,LRN0144,ENR00768,2024-03-06,2024-03-16,,Not Started,0,,,1,,No,,,Nikhil Chauhan,nikhil.chauhan.144@gmail.com,9801624565,Pune,2022-02-22,Basic,Operations Management,Business,INS001,Unknown,5,Advanced,6117,,Disengaged
CRS006,LRN0432,ENR01810,2024-03-11,2024-03-21,,In Progress,59,2024-03-19,,1,5,No,,,Arjun Jain,arjun.jain.432@gmail.com,9997954538,Indore,2023-04-22,Basic,HTML & CSS Mastery,Web Development,INS015,Unknown,5,Intermediate,2276,852,Disengaged
CRS056,LRN0065,ENR00557,2024-01-05,2024-03-05,,Dropped,10,2024-01-05,,3,,No,,,Amit Desai,amit.desai.65@hotmail.com,9125674680,Delhi,2022-11-19,Free,NoSQL & MongoDB,Data Science,INS007,Vikas Mehta,30,Advanced,9660,926,Disengaged
CRS057,LRN0114,ENR00700,2024-02-17,2024-02-27,,In Progress,49,2024-03-06,,2,,No,,,Sneha Iyer,sneha.iyer.114@yahoo.com,9880592962,Bengaluru,2023-12-11,Premium,Microservices Architecture,Cloud Computing,INS006,Priya Singh,5,Beginner,604,865,Disengaged
CRS032,LRN0266,ENR00905,2024-01-28,2024-02-07,,In Progress,49,2024-01-29,,1,,No,,,Geeta Mishra,geeta.mishra.266@yahoo.com,9679970246,Lucknow,2023-09-16,Premium,DevOps CI/CD Pipeline,Cloud Computing,INS003,Arjun Patel,5,Advanced,6723,902,Disengaged
CRS009,LRN0366,ENR00923,2024-03-04,2024-03-24,2024-03-07,Completed,100,2024-03-07,52.7,1,2,No,3,-17,Mohit Kapoor,mohit.kapoor.366@outlook.com,9740649308,Hyderabad,2023-02-26,Premium,Digital Marketing Strategy,Business,INS004,Sunita Rao,10,Advanced,8712,864,Disengaged
CRS055,LRN0133,ENR01161,2024-01-23,2024-02-02,,In Progress,73,2024-03-23,,2,,No,,,Ravi Jain,ravi.jain.133@yahoo.com,9188442258,Delhi,2022-07-25,Premium,Motion UI Design,Design,INS009,Suresh Gupta,5,Intermediate,3026,848,Disengaged
CRS053,LRN0378,ENR01104,2024-03-06,2024-05-25,2024-03-31,Completed,100,2024-03-31,45.29,1,3,No,25,-55,Megha Das,megha.das.378@rediffmail.com,9485708620,Bhopal,2023-01-08,Premium,Supply Chain Management,Business,INS010,Anjali Iyer,40,Intermediate,3268,840,Disengaged
CRS028,LRN0142,ENR00296,2024-03-07,2024-04-16,,Not Started,0,,,2,,No,,,Rohan Chauhan,rohan.chauhan.142@yahoo.com,9696325953,Ahmedabad,2023-06-12,Basic,Entrepreneurship 101,Business,INS006,Priya Singh,20,Beginner,394,,Disengaged
CRS012,LRN0089,ENR00755,2024-03-07,2024-04-16,,Not Started,0,,,1,,No,,,Ravi Bose,ravi.bose.89@rediffmail.com,9395024026,Delhi,2022-03-07,Basic,Motion Graphics & Animation,Design,INS013,Manish Verma,20,Beginner,201,,Disengaged
CRS060,LRN0325,ENR01775,2024-01-19,2024-02-18,2024-01-31,Completed,100,2024-01-31,74.92,1,5,Yes,12,-18,Anita Pandey,anita.pandey.325@rediffmail.com,9478129142,Hyderabad,2022-09-27,Premium,Bayesian Statistics,Data Science,INS006,Unknown,15,Intermediate,1231,900,Disengaged
CRS005,LRN0215,ENR01452,2024-02-19,2024-03-30,,Not Started,0,,,1,,No,,,Sunita Nair,sunita.nair.215@rediffmail.com,9294667116,Chandigarh,2022-10-12,Premium,Node.js Backend Development,Web Development,INS007,Vikas Mehta,20,Beginner,119,,Disengaged
CRS003,LRN0016,ENR01148,2024-01-02,2024-01-22,,Dropped,1,2024-01-14,,2,,No,,,Nisha Rao,nisha.rao.16@hotmail.com,9737631165,Pune,2023-04-24,Premium,Deep Learning with TensorFlow,AI & ML,INS004,Sunita Rao,10,Advanced,13612,917,Disengaged
CRS033,LRN0174,ENR01633,2024-01-09,2024-02-18,2024-01-24,Completed,100,2024-01-24,77.93,2,5,Yes,15,-25,Neha Bose,neha.bose.174@yahoo.com,9708668826,Chennai,2022-07-28,Basic,Penetration Testing,Cybersecurity,INS007,Vikas Mehta,20,Advanced,6392,907,Disengaged
CRS001,LRN0411,ENR00521,2024-02-01,2024-03-02,,Dropped,3,,,1,,No,,,Komal Banerjee,komal.banerjee.411@rediffmail.com,9826657027,Chandigarh,2022-07-26,Premium,Python for Data Science,Data Science,INS009,Suresh Gupta,15,Intermediate,2986,,Disengaged
CRS030,LRN0443,ENR01608,2024-02-12,2024-04-12,,Dropped,22,2024-02-25,,1,,No,,,Mohit Desai,mohit.desai.443@yahoo.com,9621267969,Ahmedabad,2023-06-06,Basic,3D Modelling with Blender,Design,INS004,Sunita Rao,30,Intermediate,4503,875,Disengaged
CRS001,LRN0418,ENR01910,2024-02-23,2024-03-24,,Dropped,26,2024-02-28,,2,1,No,,,Karan Chauhan,karan.chauhan.418@yahoo.com,9721458683,Lucknow,2022-03-01,Free,Python for Data Science,Data Science,INS009,Suresh Gupta,15,Intermediate,2986,872,Disengaged
CRS036,LRN0145,ENR00292,2024-02-04,2024-02-24,,In Progress,31,2024-02-07,,1,,No,,,Siddharth Pandey,siddharth.pandey.145@rediffmail.com,9841687849,Delhi,2022-05-12,Enterprise,Advanced Python OOP,Data Science,INS006,Priya Singh,10,Advanced,7011,893,Disengaged
CRS051,LRN0204,ENR00590,2024-03-03,2024-05-22,2024-03-31,Completed,100,,61.58,1,2,Yes,28,-52,Arjun Joshi,arjun.joshi.204@gmail.com,9660937966,Chandigarh,2022-08-08,Free,MLOps & Model Deployment,AI & ML,INS015,Kiran Desai,40,Beginner,503,,Disengaged
CRS030,LRN0473,ENR00739,2024-01-25,2024-03-25,,Dropped,27,2024-02-06,,2,,No,,,Pooja Malhotra,pooja.malhotra.473@outlook.com,9799563531,Hyderabad,2022-04-11,Free,3D Modelling with Blender,Design,INS004,Sunita Rao,30,Intermediate,4503,894,Disengaged
CRS059,LRN0319,ENR01769,2024-01-15,2024-04-04,,Not Started,0,,,1,,No,,,Anita Srivastava,anita.srivastava.319@outlook.com,9607283268,Surat,2022-05-28,Free,Wearable App Development,Mobile Development,INS001,Rajiv Sharma,40,Intermediate,1398,,Disengaged
CRS047,LRN0457,ENR01828,2024-02-03,2024-04-03,2024-02-06,Completed,100,2024-02-06,98.39,1,2,Yes,3,-57,Amit Mishra,amit.mishra.457@outlook.com,9214066504,Bengaluru,2023-03-28,Free,Cloud Security Best Practices,Cybersecurity,INS008,Kavita Reddy,30,Intermediate,2407,894,Disengaged
CRS060,LRN0378,ENR00765,2024-01-05,2024-02-04,,Dropped,24,2024-01-17,,1,,No,,,Megha Das,megha.das.378@rediffmail.com,9485708620,Bhopal,2023-01-08,Premium,Bayesian Statistics,Data Science,INS006,Unknown,15,Intermediate,1231,914,Disengaged
CRS011,LRN0201,ENR00902,2024-02-08,2024-02-18,,Dropped,35,2024-02-21,,1,,No,,,Komal Jain,komal.jain.201@gmail.com,9825071461,Bhopal,2022-05-26,Basic,Figma for Beginners,Design,INS012,Nisha Agarwal,5,Beginner,19,879,Disengaged
CRS021,LRN0437,ENR01595,2024-02-07,2024-02-27,,Not Started,0,,,1,,No,,,Nisha Das,nisha.das.437@yahoo.com,9719975817,Chennai,2023-02-20,Free,Power BI & Tableau,Data Science,INS005,Deepak Joshi,10,Advanced,6616,,Disengaged
CRS016,LRN0060,ENR01850,2024-01-14,2024-02-03,,Dropped,6,2024-01-21,,1,,No,,,Rahul Sharma,rahul.sharma.60@hotmail.com,9679740344,Delhi,2023-12-05,Free,Ethical Hacking Basics,Cybersecurity,INS010,Unknown,10,Beginner,686,910,Disengaged
CRS011,LRN0422,ENR00779,2024-02-01,2024-02-11,2024-02-04,Completed,100,2024-02-04,80.53,1,2,Yes,3,-7,Shreya Iyer,shreya.iyer.422@gmail.com,9850155699,Bhopal,2022-06-29,Free,Figma for Beginners,Design,INS012,Nisha Agarwal,5,Beginner,19,896,Disengaged
CRS040,LRN0004,ENR00306,2024-02-28,2024-03-29,2024-03-16,Completed,100,2024-03-16,50.89,1,2,No,17,-13,Vijay Kumar,vijay.kumar.4@gmail.com,9618495931,Surat,2022-08-22,Premium,TypeScript Advanced,Web Development,INS009,Suresh Gupta,15,Beginner,786,855,Disengaged
CRS002,LRN0442,ENR01892,2024-01-31,2024-02-20,,Dropped,16,2024-02-08,,1,,No,,,Divya Mehta,divya.mehta.442@gmail.com,9865624220,Surat,2022-01-17,Free,Machine Learning Fundamentals,AI & ML,INS006,Priya Singh,10,Beginner,223,892,Disengaged
CRS038,LRN0498,ENR01811,2024-03-06,2024-04-05,2024-03-15,Completed,100,2024-03-15,58.7,1,1,No,9,-21,Manish Rao,manish.rao.498@gmail.com,9796471589,Bhopal,2022-09-23,Free,Reinforcement Learning,AI & ML,INS010,Unknown,15,Advanced,10834,856,Disengaged
CRS014,LRN0471,ENR01555,2024-02-20,2024-03-21,,In Progress,21,,,1,,No,,,Varun Verma,varun.verma.471@yahoo.com,9340312772,Surat,2022-02-14,Free,Google Cloud Fundamentals,Cloud Computing,INS002,Meera Nair,15,Beginner,67,,Disengaged
CRS056,LRN0153,ENR00017,2024-01-09,2024-03-09,,Not Started,0,,,1,,No,,,Shreya Kapoor,shreya.kapoor.153@gmail.com,9437575844,Lucknow,2023-11-24,Basic,NoSQL & MongoDB,Data Science,INS007,Vikas Mehta,30,Advanced,9660,,Disengaged
CRS026,LRN0031,ENR01464,2024-02-04,2024-02-14,,Not Started,0,,,1,,No,,,Karan Kapoor,karan.kapoor.31@yahoo.com,9458685014,Lucknow,2022-09-29,Free,Full Stack Django,Web Development,INS008,Kavita Reddy,5,Advanced,10918,,Disengaged
CRS051,LRN0244,ENR00909,2024-02-05,2024-04-25,,In Progress,52,2024-03-12,,1,,No,,,Megha Nair,megha.nair.244@yahoo.com,9687014626,Surat,2023-06-23,Free,MLOps & Model Deployment,AI & ML,INS015,Kiran Desai,40,Beginner,503,859,Disengaged
CRS001,LRN0065,ENR01500,2024-02-26,2024-03-27,2024-03-14,Completed,100,,91.3,1,5,Yes,17,-13,Amit Desai,amit.desai.65@hotmail.com,9125674680,Delhi,2022-11-19,Free,Python for Data Science,Data Science,INS009,Suresh Gupta,15,Intermediate,2986,,Disengaged
CRS015,LRN0189,ENR01217,2024-02-05,2024-02-15,2024-02-15,Completed,100,2024-02-15,69.24,1,4,Yes,10,0,Anita Nair,anita.nair.189@rediffmail.com,9358662961,Chennai,2022-09-10,Premium,Azure Data Engineering,Cloud Computing,INS013,Manish Verma,5,Beginner,942,885,Disengaged
CRS021,LRN0233,ENR00382,2024-01-22,2024-02-11,,Not Started,0,,,1,,No,,,Ajay Gupta,ajay.gupta.233@gmail.com,9617445187,Kolkata,2022-07-25,Free,Power BI & Tableau,Data Science,INS005,Deepak Joshi,10,Advanced,6616,,Disengaged
CRS056,LRN0131,ENR01416,2024-03-09,2024-05-08,,Dropped,27,2024-03-21,,3,,No,,,Sunita Tiwari,sunita.tiwari.131@gmail.com,9431027868,Chennai,2022-09-24,Premium,NoSQL & MongoDB,Data Science,INS007,Vikas Mehta,30,Advanced,9660,850,Disengaged
CRS033,LRN0013,ENR01036,2024-01-28,2024-03-08,,In Progress,13,2024-03-15,,1,,No,,,Divya Desai,divya.desai.13@yahoo.com,9782489638,Chandigarh,2022-11-16,Basic,Penetration Testing,Cybersecurity,INS007,Vikas Mehta,20,Advanced,6392,856,Disengaged
CRS014,LRN0142,ENR01966,2024-02-28,2024-03-29,2024-03-18,Completed,100,2024-03-18,49.53,1,3,No,19,-11,Rohan Chauhan,rohan.chauhan.142@yahoo.com,9696325953,Ahmedabad,2023-06-12,Basic,Google Cloud Fundamentals,Cloud Computing,INS002,Meera Nair,15,Beginner,67,853,Disengaged
CRS055,LRN0223,ENR01739,2024-03-09,2024-03-19,2024-03-12,Completed,100,2024-03-12,76.8,1,4,Yes,3,-7,Ritika Shah,ritika.shah.223@yahoo.com,9138999404,Jaipur,2023-09-14,Basic,Motion UI Design,Design,INS009,Suresh Gupta,5,Intermediate,3026,859,Disengaged
CRS014,LRN0272,ENR01720,2024-02-23,2024-03-24,2024-02-26,Completed,100,2024-02-26,82.86,1,5,Yes,3,-27,Kavya Malhotra,kavya.malhotra.272@yahoo.com,9140602933,Surat,2022-07-31,Free,Google Cloud Fundamentals,Cloud Computing,INS002,Meera Nair,15,Beginner,67,874,Disengaged
CRS037,LRN0258,ENR01365,2024-01-29,2024-03-09,2024-02-18,Completed,100,,74.3,1,5,Yes,20,-20,Sunita Rao,sunita.rao.258@rediffmail.com,9872050614,Ahmedabad,2022-07-24,Free,Data Engineering with Spark,Data Science,INS004,Sunita Rao,20,Advanced,14534,,Disengaged
CRS048,LRN0247,ENR00162,2024-02-12,2024-02-22,,Dropped,13,,,1,,No,,,Rohan Kapoor,rohan.kapoor.247@outlook.com,9396522395,Lucknow,2022-01-29,Premium,OSINT & Threat Intelligence,Cybersecurity,INS009,Suresh Gupta,5,Beginner,440,,Disengaged
CRS039,LRN0323,ENR01215,2024-01-10,2024-03-30,,Dropped,3,2024-01-15,,1,,No,,,Pooja Kumar,pooja.kumar.323@outlook.com,9491357759,Chandigarh,2023-08-22,Free,Transformer Models & LLMs,AI & ML,INS008,Kavita Reddy,40,Advanced,12938,916,Disengaged
CRS054,LRN0121,ENR00490,2024-03-10,2024-04-19,2024-03-31,Completed,100,2024-03-31,82.47,2,5,Yes,21,-19,Ananya Gupta,ananya.gupta.121@gmail.com,9369711798,Surat,2023-06-12,Basic,Product Management,Business,INS010,Anjali Iyer,20,Intermediate,4499,840,Disengaged
CRS057,LRN0154,ENR00646,2024-03-17,2024-03-27,,Not Started,0,,,2,,No,,,Sunita Das,sunita.das.154@hotmail.com,9524041574,Hyderabad,2022-07-26,Premium,Microservices Architecture,Cloud Computing,INS006,Priya Singh,5,Beginner,604,,Disengaged
CRS039,LRN0240,ENR01680,2024-02-26,2024-05-16,,Not Started,0,,,1,,No,,,Pooja Pandey,pooja.pandey.240@rediffmail.com,9680442067,Chandigarh,2023-07-18,Free,Transformer Models & LLMs,AI & ML,INS008,Kavita Reddy,40,Advanced,12938,,Disengaged
CRS017,LRN0197,ENR01858,2024-03-02,2024-03-22,,In Progress,78,2024-03-05,,1,,No,,,Arjun Desai,arjun.desai.197@yahoo.com,9807374167,Surat,2022-11-07,Free,Network Security Essentials,Cybersecurity,INS002,Meera Nair,10,Advanced,14498,866,Disengaged
CRS060,LRN0173,ENR01210,2024-01-16,2024-02-15,2024-01-23,Completed,100,2024-01-23,87.75,1,2,Yes,7,-23,Deepak Bose,deepak.bose.173@hotmail.com,9856624628,Hyderabad,2022-08-19,Basic,Bayesian Statistics,Data Science,INS006,Unknown,15,Intermediate,1231,908,Disengaged
CRS022,LRN0194,ENR01179,2024-03-01,2024-03-21,,In Progress,43,2024-03-16,,1,,No,,,Manish Mishra,manish.mishra.194@gmail.com,9379937124,Pune,2022-12-07,Premium,Statistics for Data Science,Data Science,INS015,Kiran Desai,10,Advanced,12777,855,Disengaged
CRS029,LRN0321,ENR00717,2024-01-15,2024-04-04,,Not Started,0,,,2,,No,,,Ravi Mehta,ravi.mehta.321@gmail.com,9682223943,Bengaluru,2023-11-19,Premium,Brand Identity Design,Design,INS010,Anjali Iyer,40,Intermediate,4998,,Disengaged
CRS014,LRN0477,ENR01316,2024-03-13,2024-04-12,,In Progress,84,2024-03-17,,1,1,No,,,Shalini Mishra,shalini.mishra.477@yahoo.com,9063356939,Lucknow,2022-01-06,Basic,Google Cloud Fundamentals,Cloud Computing,INS002,Meera Nair,15,Beginner,67,854,Disengaged
CRS024,LRN0140,ENR01268,2024-01-17,2024-02-16,2024-02-13,Completed,100,2024-02-13,73.97,2,3,Yes,27,-3,Shalini Singh,shalini.singh.140@yahoo.com,9027677359,Kolkata,2022-11-23,Premium,Computer Vision,AI & ML,INS003,Arjun Patel,15,Intermediate,1877,887,Disengaged
CRS023,LRN0080,ENR00314,2024-03-05,2024-05-24,2024-03-31,Completed,100,2024-03-31,58.01,1,3,No,26,-54,Divya Shah,divya.shah.80@outlook.com,9104709521,Kolkata,2023-03-02,Free,NLP with Python,AI & ML,INS006,Priya Singh,40,Advanced,6758,840,Disengaged
CRS003,LRN0084,ENR00971,2024-02-07,2024-02-27,,In Progress,24,,,1,,No,,,Shalini Mukherjee,shalini.mukherjee.84@gmail.com,9461200471,Hyderabad,2023-07-05,Free,Deep Learning with TensorFlow,AI & ML,INS004,Sunita Rao,10,Advanced,13612,,Disengaged
CRS017,LRN0399,ENR01165,2024-01-11,2024-01-31,,In Progress,59,2024-01-16,,1,,No,,,Vijay Singh,vijay.singh.399@outlook.com,9238780038,Kolkata,2023-05-17,Basic,Network Security Essentials,Cybersecurity,INS002,Meera Nair,10,Advanced,14498,915,Disengaged
CRS037,LRN0399,ENR01807,2024-01-12,2024-02-21,2024-01-15,Completed,100,2024-01-15,67.34,1,5,Yes,3,-37,Vijay Singh,vijay.singh.399@outlook.com,9238780038,Kolkata,2023-05-17,Basic,Data Engineering with Spark,Data Science,INS004,Sunita Rao,20,Advanced,14534,916,Disengaged
CRS046,LRN0404,ENR01272,2024-02-06,2024-03-17,2024-02-09,Completed,100,2024-02-09,61.75,1,1,Yes,3,-37,Amit Banerjee,amit.banerjee.404@yahoo.com,9664742312,Mumbai,2023-09-19,Basic,Terraform Infrastructure,Cloud Computing,INS013,Manish Verma,20,Beginner,300,891,Disengaged
CRS010,LRN0081,ENR01650,2024-03-16,2024-04-05,2024-03-19,Completed,100,2024-03-19,62.74,2,4,Yes,3,-17,Divya Bose,divya.bose.81@outlook.com,9858842474,Indore,2022-04-28,Basic,UI/UX Design Principles,Design,INS005,Deepak Joshi,10,Beginner,133,852,Disengaged
CRS051,LRN0152,ENR01877,2024-02-07,2024-04-27,,In Progress,57,2024-03-25,,1,,No,,,Arjun Verma,arjun.verma.152@outlook.com,9858549733,Jaipur,2022-11-02,Free,MLOps & Model Deployment,AI & ML,INS015,Kiran Desai,40,Beginner,503,846,Disengaged
CRS020,LRN0168,ENR00616,2024-03-05,2024-03-15,,Dropped,35,2024-03-08,,1,,No,,,Vijay Patel,vijay.patel.168@gmail.com,9512868230,Chennai,2023-04-20,Premium,SQL & Database Design,Data Science,INS013,Unknown,5,Advanced,8138,863,Disengaged
CRS054,LRN0119,ENR01498,2024-01-31,2024-03-11,,In Progress,32,2024-03-22,,1,,No,,,Priya Pandey,priya.pandey.119@hotmail.com,9305152204,Chandigarh,2022-05-23,Premium,Product Management,Business,INS010,Anjali Iyer,20,Intermediate,4499,849,Disengaged
CRS039,LRN0253,ENR01528,2024-01-13,2024-04-02,,Dropped,26,2024-01-27,,1,,No,,,Mohit Patel,mohit.patel.253@gmail.com,9513552157,Chennai,2022-08-03,Free,Transformer Models & LLMs,AI & ML,INS008,Kavita Reddy,40,Advanced,12938,904,Disengaged
CRS024,LRN0046,ENR01155,2024-03-07,2024-04-06,2024-03-11,Completed,100,2024-03-11,67.29,1,2,Yes,4,-26,Pooja Patel,pooja.patel.46@rediffmail.com,9719374529,Chandigarh,2022-04-28,Premium,Computer Vision,AI & ML,INS003,Arjun Patel,15,Intermediate,1877,860,Disengaged
CRS027,LRN0440,ENR01459,2024-02-14,2024-03-15,2024-02-25,Completed,100,2024-02-25,60.35,1,1,Yes,11,-19,Komal Sharma,komal.sharma.440@gmail.com,9986240580,Chandigarh,2023-07-28,Premium,Financial Modelling,Business,INS012,Nisha Agarwal,15,Advanced,6347,875,Disengaged
CRS008,LRN0274,ENR01021,2024-02-29,2024-05-19,,In Progress,32,2024-03-23,,1,,No,,,Ritika Agarwal,ritika.agarwal.274@hotmail.com,9657437489,Lucknow,2022-04-15,Free,Project Management Professional,Business,INS003,Arjun Patel,40,Intermediate,4049,848,Disengaged
CRS049,LRN0126,ENR01120,2024-03-12,2024-04-21,,Dropped,33,2024-03-21,,2,,No,,,Siddharth Chauhan,siddharth.chauhan.126@hotmail.com,9505415667,Kolkata,2022-07-11,Basic,Unity Game Development,Mobile Development,INS007,Vikas Mehta,20,Intermediate,2541,850,Disengaged
CRS059,LRN0035,ENR00498,2024-03-02,2024-05-21,2024-03-31,Completed,100,2024-03-31,78.32,1,5,Yes,29,-51,Shreya Chauhan,shreya.chauhan.35@rediffmail.com,9369957773,Ahmedabad,2022-06-23,Premium,Wearable App Development,Mobile Development,INS001,Rajiv Sharma,40,Intermediate,1398,840,Disengaged
CRS016,LRN0434,ENR00753,2024-01-23,2024-02-12,,In Progress,76,2024-02-08,,1,,No,,,Amit Verma,amit.verma.434@outlook.com,9701715772,Indore,2022-12-23,Basic,Ethical Hacking Basics,Cybersecurity,INS010,Unknown,10,Beginner,686,892,Disengaged
CRS042,LRN0181,ENR00497,2024-03-13,2024-03-23,2024-03-30,Completed,100,2024-03-30,92.23,1,3,Yes,17,7,Karan Das,karan.das.181@rediffmail.com,9006231203,Ahmedabad,2023-01-18,Free,Operations Management,Business,INS001,Unknown,5,Advanced,6117,841,Disengaged
CRS031,LRN0472,ENR00830,2024-03-16,2024-03-26,2024-03-27,Completed,100,2024-03-27,50.0,1,5,No,11,1,Manish Chauhan,manish.chauhan.472@rediffmail.com,9364597010,Bengaluru,2022-06-11,Premium,Docker & Kubernetes,Cloud Computing,INS004,Sunita Rao,5,Intermediate,3781,844,Disengaged
CRS031,LRN0192,ENR00546,2024-02-07,2024-02-17,,In Progress,57,2024-02-17,,1,,No,,,Simran Pillai,simran.pillai.192@rediffmail.com,9560466183,Jaipur,2022-06-23,Premium,Docker & Kubernetes,Cloud Computing,INS004,Sunita Rao,5,Intermediate,3781,883,Disengaged
CRS053,LRN0251,ENR01130,2024-01-28,2024-04-17,,Dropped,21,2024-02-11,,1,,No,,,Rekha Bose,rekha.bose.251@hotmail.com,9752895392,Chennai,2023-12-07,Free,Supply Chain Management,Business,INS010,Anjali Iyer,40,Intermediate,3268,889,Disengaged
CRS046,LRN0421,ENR01529,2024-01-11,2024-02-20,,In Progress,58,2024-03-24,,1,,No,,,Ishaan Bose,ishaan.bose.421@yahoo.com,9966055830,Chandigarh,2022-10-16,Free,Terraform Infrastructure,Cloud Computing,INS013,Manish Verma,20,Beginner,300,847,Disengaged
CRS024,LRN0367,ENR00023,2024-02-09,2024-03-10,2024-03-13,Completed,100,2024-03-13,46.91,1,1,No,33,3,Rekha Srivastava,rekha.srivastava.367@rediffmail.com,9326634163,Indore,2023-09-20,Premium,Computer Vision,AI & ML,INS003,Arjun Patel,15,Intermediate,1877,858,Disengaged
CRS005,LRN0300,ENR01291,2024-02-08,2024-03-19,2024-03-09,Completed,100,2024-03-09,52.91,2,3,No,30,-10,Megha Reddy,megha.reddy.300@outlook.com,9851027261,Lucknow,2022-07-20,Free,Node.js Backend Development,Web Development,INS007,Vikas Mehta,20,Beginner,119,862,Disengaged
CRS015,LRN0483,ENR00575,2024-01-26,2024-02-05,2024-01-29,Completed,100,2024-01-29,71.65,1,4,Yes,3,-7,Komal Chatterjee,komal.chatterjee.483@gmail.com,9335548640,Kolkata,2022-12-20,Basic,Azure Data Engineering,Cloud Computing,INS013,Manish Verma,5,Beginner,942,902,Disengaged
CRS051,LRN0181,ENR01722,2024-01-23,2024-04-12,,In Progress,35,2024-03-23,,1,,No,,,Karan Das,karan.das.181@rediffmail.com,9006231203,Ahmedabad,2023-01-18,Free,MLOps & Model Deployment,AI & ML,INS015,Kiran Desai,40,Beginner,503,848,Disengaged
CRS050,LRN0372,ENR00695,2024-01-06,2024-01-16,2024-01-23,Completed,100,2024-01-23,96.01,1,4,Yes,17,7,Anita Yadav,anita.yadav.372@outlook.com,9037183764,Bengaluru,2023-10-07,Premium,Scala for Big Data,Data Science,INS008,Kavita Reddy,5,Beginner,181,908,Disengaged
CRS055,LRN0369,ENR00607,2024-01-18,2024-01-28,2024-02-04,Completed,100,2024-02-04,90.62,1,4,Yes,17,7,Reena Nair,reena.nair.369@outlook.com,9350208021,Chennai,2022-05-09,Premium,Motion UI Design,Design,INS009,Suresh Gupta,5,Intermediate,3026,896,Disengaged
CRS003,LRN0050,ENR01127,2024-02-02,2024-02-22,2024-02-23,Completed,100,2024-02-23,51.62,1,5,No,21,1,Shalini Agarwal,shalini.agarwal.50@rediffmail.com,9945314737,Lucknow,2023-11-16,Basic,Deep Learning with TensorFlow,AI & ML,INS004,Sunita Rao,10,Advanced,13612,877,Disengaged
CRS047,LRN0119,ENR00340,2024-02-25,2024-04-25,2024-03-31,Completed,100,2024-03-31,50.15,1,2,No,35,-25,Priya Pandey,priya.pandey.119@hotmail.com,9305152204,Chandigarh,2022-05-23,Premium,Cloud Security Best Practices,Cybersecurity,INS008,Kavita Reddy,30,Intermediate,2407,840,Disengaged
CRS048,LRN0369,ENR00099,2024-01-17,2024-01-27,,In Progress,46,2024-03-26,,1,,No,,,Reena Nair,reena.nair.369@outlook.com,9350208021,Chennai,2022-05-09,Premium,OSINT & Threat Intelligence,Cybersecurity,INS009,Suresh Gupta,5,Beginner,440,845,Disengaged
CRS026,LRN0211,ENR00191,2024-01-21,2024-01-31,,Not Started,0,,,1,,No,,,Ananya Rao,ananya.rao.211@hotmail.com,9148580783,Delhi,2023-11-01,Premium,Full Stack Django,Web Development,INS008,Kavita Reddy,5,Advanced,10918,,Disengaged
CRS020,LRN0303,ENR01047,2024-02-02,2024-02-12,2024-02-05,Completed,100,2024-02-05,75.53,2,2,Yes,3,-7,Simran Banerjee,simran.banerjee.303@outlook.com,9586693465,Ahmedabad,2022-05-17,Free,SQL & Database Design,Data Science,INS013,Unknown,5,Advanced,8138,895,Disengaged
CRS043,LRN0339,ENR01348,2024-01-04,2024-03-24,,In Progress,90,2024-03-28,,1,,No,,,Kavya Mehta,kavya.mehta.339@outlook.com,9009818063,Pune,2023-01-06,Free,Leadership & Communication,Business,INS008,Kavita Reddy,40,Beginner,995,843,Disengaged
CRS050,LRN0090,ENR01190,2024-01-28,2024-02-07,2024-02-02,Completed,100,2024-02-02,64.57,2,5,Yes,5,-5,Manish Iyer,manish.iyer.90@hotmail.com,9917839084,Surat,2022-02-01,Free,Scala for Big Data,Data Science,INS008,Kavita Reddy,5,Beginner,181,898,Disengaged
CRS035,LRN0259,ENR01743,2024-01-03,2024-03-23,,Dropped,0,2024-01-10,,1,,No,,,Ishaan Joshi,ishaan.joshi.259@gmail.com,9417146774,Surat,2023-07-12,Basic,React Native Cross-Platform,Mobile Development,INS002,Meera Nair,40,Beginner,66,921,Disengaged
CRS027,LRN0205,ENR01049,2024-03-13,2024-04-12,2024-03-16,Completed,100,2024-03-16,58.34,1,1,No,3,-27,Karan Rao,karan.rao.205@hotmail.com,9182553714,Jaipur,2023-10-17,Basic,Financial Modelling,Business,INS012,Nisha Agarwal,15,Advanced,6347,855,Disengaged
CRS022,LRN0214,ENR01514,2024-01-07,2024-01-27,,In Progress,35,,,1,,No,,,Ritika Chatterjee,ritika.chatterjee.214@yahoo.com,9812604223,Chandigarh,2022-11-26,Premium,Statistics for Data Science,Data Science,INS015,Kiran Desai,10,Advanced,12777,,Disengaged
CRS026,LRN0372,ENR01026,2024-03-08,2024-03-18,,In Progress,76,2024-03-28,,1,,No,,,Anita Yadav,anita.yadav.372@outlook.com,9037183764,Bengaluru,2023-10-07,Premium,Full Stack Django,Web Development,INS008,Kavita Reddy,5,Advanced,10918,843,Disengaged
CRS040,LRN0032,ENR00502,2024-02-02,2024-03-03,2024-02-05,Completed,100,2024-02-05,69.28,1,1,Yes,3,-27,Simran Agarwal,simran.agarwal.32@outlook.com,9556981693,Mumbai,2023-12-27,Basic,TypeScript Advanced,Web Development,INS009,Suresh Gupta,15,Beginner,786,895,Disengaged
CRS051,LRN0211,ENR01549,2024-02-13,2024-05-03,,Dropped,9,2024-02-26,,1,,No,,,Ananya Rao,ananya.rao.211@hotmail.com,9148580783,Delhi,2023-11-01,Premium,MLOps & Model Deployment,AI & ML,INS015,Kiran Desai,40,Beginner,503,874,Disengaged
CRS023,LRN0190,ENR01499,2024-03-07,2024-05-26,2024-03-31,Completed,100,2024-03-31,70.41,1,1,Yes,24,-56,Priya Mishra,priya.mishra.190@outlook.com,9262655110,Ahmedabad,2023-01-04,Premium,NLP with Python,AI & ML,INS006,Priya Singh,40,Advanced,6758,840,Disengaged
CRS020,LRN0184,ENR00642,2024-01-21,2024-01-31,,In Progress,12,2024-02-13,,1,,No,,,Ritika Bose,ritika.bose.184@gmail.com,9615679334,Surat,2023-10-28,Premium,SQL & Database Design,Data Science,INS013,Unknown,5,Advanced,8138,887,Disengaged
CRS052,LRN0330,ENR01266,2024-01-14,2024-04-03,2024-01-20,Completed,100,2024-01-20,46.94,1,4,No,6,-74,Ajay Shah,ajay.shah.330@rediffmail.com,9449892665,Surat,2022-03-21,Basic,Svelte & SvelteKit,Web Development,INS005,Deepak Joshi,40,Intermediate,4129,911,Disengaged
CRS042,LRN0004,ENR00894,2024-02-02,2024-02-12,2024-02-05,Completed,100,2024-02-05,48.56,1,3,No,3,-7,Vijay Kumar,vijay.kumar.4@gmail.com,9618495931,Surat,2022-08-22,Premium,Operations Management,Business,INS001,Unknown,5,Advanced,6117,895,Disengaged
CRS054,LRN0130,ENR01160,2024-03-08,2024-04-17,2024-03-31,Completed,100,2024-03-31,95.34,1,3,Yes,23,-17,Manish Pandey,manish.pandey.130@gmail.com,9690927557,Lucknow,2022-05-21,Basic,Product Management,Business,INS010,Anjali Iyer,20,Intermediate,4499,840,Disengaged
CRS052,LRN0307,ENR01976,2024-01-06,2024-03-26,2024-01-27,Completed,100,2024-01-27,76.5,1,2,Yes,21,-59,Vijay Gupta,vijay.gupta.307@rediffmail.com,9571983863,Indore,2023-12-14,Free,Svelte & SvelteKit,Web Development,INS005,Deepak Joshi,40,Intermediate,4129,904,Disengaged
CRS022,LRN0245,ENR01445,2024-03-06,2024-03-26,,In Progress,16,2024-03-20,,2,,No,,,Vijay Bose,vijay.bose.245@outlook.com,9065787598,Pune,2022-10-04,Free,Statistics for Data Science,Data Science,INS015,Kiran Desai,10,Advanced,12777,851,Disengaged
CRS008,LRN0057,ENR00771,2024-03-11,2024-05-30,,Dropped,22,2024-03-13,,1,,No,,,Kavya Chatterjee,kavya.chatterjee.57@yahoo.com,9711671902,Indore,2023-07-31,Enterprise,Project Management Professional,Business,INS003,Arjun Patel,40,Intermediate,4049,858,Disengaged
CRS011,LRN0431,ENR00233,2024-01-02,2024-01-12,2024-01-05,Completed,100,2024-01-05,80.44,2,4,Yes,3,-7,Shreya Pillai,shreya.pillai.431@hotmail.com,9587020701,Mumbai,2022-03-30,Basic,Figma for Beginners,Design,INS012,Nisha Agarwal,5,Beginner,19,926,Disengaged
CRS002,LRN0253,ENR00929,2024-02-23,2024-03-14,,In Progress,35,2024-02-25,,1,,No,,,Mohit Patel,mohit.patel.253@gmail.com,9513552157,Chennai,2022-08-03,Free,Machine Learning Fundamentals,AI & ML,INS006,Priya Singh,10,Beginner,223,875,Disengaged
CRS023,LRN0462,ENR00869,2024-01-26,2024-04-15,,Dropped,19,2024-01-29,,2,,No,,,Sneha Shah,sneha.shah.462@rediffmail.com,9571732030,Hyderabad,2023-05-16,Basic,NLP with Python,AI & ML,INS006,Priya Singh,40,Advanced,6758,902,Disengaged
CRS025,LRN0460,ENR00705,2024-01-02,2024-02-11,,In Progress,53,2024-01-10,,1,,No,,,Karan Reddy,karan.reddy.460@outlook.com,9306719855,Pune,2022-02-26,Basic,Vue.js & Nuxt Development,Web Development,INS004,Sunita Rao,20,Beginner,779,921,Disengaged
CRS003,LRN0135,ENR01487,2024-01-31,2024-02-20,,Not Started,0,,,1,,No,,,Nikhil Iyer,nikhil.iyer.135@rediffmail.com,9669125177,Kolkata,2022-05-12,Premium,Deep Learning with TensorFlow,AI & ML,INS004,Sunita Rao,10,Advanced,13612,,Disengaged
CRS026,LRN0340,ENR00802,2024-02-03,2024-02-13,2024-02-08,Completed,100,2024-02-08,74.31,1,4,Yes,5,-5,Rekha Shah,rekha.shah.340@hotmail.com,9944869594,Indore,2022-07-28,Basic,Full Stack Django,Web Development,INS008,Kavita Reddy,5,Advanced,10918,892,Disengaged
CRS030,LRN0072,ENR00725,2024-02-05,2024-04-05,2024-02-25,Completed,100,2024-02-25,56.47,1,3,No,20,-40,Deepak Srivastava,deepak.srivastava.72@gmail.com,9270289517,Jaipur,2023-04-13,Free,3D Modelling with Blender,Design,INS004,Sunita Rao,30,Intermediate,4503,875,Disengaged
CRS015,LRN0276,ENR01516,2024-01-17,2024-01-27,,Dropped,1,2024-01-27,,1,,No,,,Neha Iyer,neha.iyer.276@outlook.com,9309652074,Pune,2023-02-19,Basic,Azure Data Engineering,Cloud Computing,INS013,Manish Verma,5,Beginner,942,904,Disengaged
CRS035,LRN0186,ENR00774,2024-01-30,2024-04-19,,In Progress,31,2024-03-03,,1,,No,,,Aditya Yadav,aditya.yadav.186@gmail.com,9397401489,Bengaluru,2022-11-19,Free,React Native Cross-Platform,Mobile Development,INS002,Meera Nair,40,Beginner,66,868,Disengaged
CRS059,LRN0440,ENR01411,2024-01-14,2024-04-03,,In Progress,66,2024-03-04,,1,,No,,,Komal Sharma,komal.sharma.440@gmail.com,9986240580,Chandigarh,2023-07-28,Premium,Wearable App Development,Mobile Development,INS001,Rajiv Sharma,40,Intermediate,1398,867,Disengaged
CRS049,LRN0423,ENR00629,2024-03-05,2024-04-14,2024-03-17,Completed,100,2024-03-17,49.62,1,3,No,12,-28,Suresh Mukherjee,suresh.mukherjee.423@hotmail.com,9770272785,Indore,2023-02-28,Enterprise,Unity Game Development,Mobile Development,INS007,Vikas Mehta,20,Intermediate,2541,854,Disengaged
CRS058,LRN0021,ENR00380,2024-02-19,2024-03-20,2024-03-24,Completed,100,2024-03-24,78.38,3,5,Yes,34,4,Sachin Singh,sachin.singh.21@rediffmail.com,9219136193,Lucknow,2022-02-10,Basic,Zero Trust Security,Cybersecurity,INS014,Pooja Mishra,15,Intermediate,4039,847,Disengaged
CRS046,LRN0327,ENR00626,2024-01-08,2024-02-17,2024-02-26,Completed,100,2024-02-26,74.92,3,2,Yes,49,9,Neha Pandey,neha.pandey.327@hotmail.com,9639427881,Kolkata,2023-05-30,Free,Terraform Infrastructure,Cloud Computing,INS013,Manish Verma,20,Beginner,300,874,Disengaged
CRS053,LRN0281,ENR00513,2024-02-12,2024-05-02,,Not Started,0,,,1,,No,,,Arjun Kapoor,arjun.kapoor.281@yahoo.com,9175250074,Indore,2022-06-22,Basic,Supply Chain Management,Business,INS010,Anjali Iyer,40,Intermediate,3268,,Disengaged
CRS054,LRN0100,ENR00551,2024-03-14,2024-04-23,2024-03-24,Completed,100,2024-03-24,63.08,1,3,Yes,10,-30,Ritika Mehta,ritika.mehta.100@outlook.com,9815614978,Mumbai,2022-08-14,Basic,Product Management,Business,INS010,Anjali Iyer,20,Intermediate,4499,847,Disengaged
CRS002,LRN0020,ENR01251,2024-01-16,2024-02-05,2024-02-14,Completed,100,2024-02-14,54.67,1,3,No,29,9,Megha Mehta,megha.mehta.20@rediffmail.com,9098050097,Bhopal,2023-06-28,Free,Machine Learning Fundamentals,AI & ML,INS006,Priya Singh,10,Beginner,223,886,Disengaged
CRS031,LRN0056,ENR01396,2024-03-16,2024-03-26,,In Progress,71,2024-03-28,,1,,No,,,Rohan Reddy,rohan.reddy.56@hotmail.com,9427109477,Kolkata,2022-07-08,Enterprise,Docker & Kubernetes,Cloud Computing,INS004,Sunita Rao,5,Intermediate,3781,843,Disengaged
CRS037,LRN0349,ENR00866,2024-01-20,2024-02-29,,In Progress,29,2024-02-14,,1,,No,,,Suresh Singh,suresh.singh.349@yahoo.com,9827553942,Ahmedabad,2022-07-24,Free,Data Engineering with Spark,Data Science,INS004,Sunita Rao,20,Advanced,14534,886,Disengaged
CRS047,LRN0391,ENR00592,2024-02-23,2024-04-23,2024-03-31,Completed,100,2024-03-31,78.27,1,5,Yes,37,-23,Sachin Jain,sachin.jain.391@yahoo.com,9320679981,Pune,2022-10-24,Premium,Cloud Security Best Practices,Cybersecurity,INS008,Kavita Reddy,30,Intermediate,2407,840,Disengaged
CRS042,LRN0282,ENR01428,2024-01-18,2024-01-28,2024-01-22,Completed,100,2024-01-22,67.48,3,3,Yes,4,-6,Rahul Nair,rahul.nair.282@gmail.com,9129666676,Mumbai,2023-07-01,Free,Operations Management,Business,INS001,Unknown,5,Advanced,6117,909,Disengaged
CRS032,LRN0187,ENR01387,2024-02-26,2024-03-07,2024-02-29,Completed,100,2024-02-29,76.42,1,3,Yes,3,-7,Ishaan Rao,ishaan.rao.187@rediffmail.com,9261429396,Kolkata,2023-01-29,Premium,DevOps CI/CD Pipeline,Cloud Computing,INS003,Arjun Patel,5,Advanced,6723,871,Disengaged
CRS032,LRN0311,ENR01562,2024-01-16,2024-01-26,,Dropped,10,,,2,,No,,,Reena Das,reena.das.311@yahoo.com,9479851583,Jaipur,2022-03-11,Premium,DevOps CI/CD Pipeline,Cloud Computing,INS003,Arjun Patel,5,Advanced,6723,,Disengaged
CRS017,LRN0386,ENR01597,2024-02-07,2024-02-27,,Dropped,16,2024-02-11,,1,,No,,,Deepak Kapoor,deepak.kapoor.386@rediffmail.com,9845776004,Mumbai,2023-06-15,Free,Network Security Essentials,Cybersecurity,INS002,Meera Nair,10,Advanced,14498,889,Disengaged
CRS058,LRN0299,ENR00870,2024-02-27,2024-03-28,,In Progress,47,2024-03-09,,1,,No,,,Rohan Das,rohan.das.299@gmail.com,9375899757,Delhi,2023-11-06,Free,Zero Trust Security,Cybersecurity,INS014,Pooja Mishra,15,Intermediate,4039,862,Disengaged
CRS035,LRN0391,ENR00596,2024-01-14,2024-04-03,,In Progress,13,2024-03-27,,1,,No,,,Sachin Jain,sachin.jain.391@yahoo.com,9320679981,Pune,2022-10-24,Premium,React Native Cross-Platform,Mobile Development,INS002,Meera Nair,40,Beginner,66,844,Disengaged
CRS001,LRN0312,ENR00537,2024-01-16,2024-02-15,2024-02-22,Completed,100,2024-02-22,62.65,1,2,Yes,37,7,Rahul Agarwal,rahul.agarwal.312@outlook.com,9886153355,Chennai,2022-08-12,Enterprise,Python for Data Science,Data Science,INS009,Suresh Gupta,15,Intermediate,2986,878,Disengaged
CRS046,LRN0376,ENR01962,2024-02-04,2024-03-15,2024-02-07,Completed,100,2024-02-07,98.86,1,3,Yes,3,-37,Preeti Bose,preeti.bose.376@hotmail.com,9573065240,Chandigarh,2023-03-25,Basic,Terraform Infrastructure,Cloud Computing,INS013,Manish Verma,20,Beginner,300,893,Disengaged
CRS040,LRN0248,ENR00833,2024-02-19,2024-03-20,2024-03-03,Completed,100,2024-03-03,87.4,1,5,Yes,13,-17,Ravi Rao,ravi.rao.248@gmail.com,9929378427,Delhi,2022-02-27,Free,TypeScript Advanced,Web Development,INS009,Suresh Gupta,15,Beginner,786,868,Disengaged
CRS002,LRN0483,ENR01294,2024-03-14,2024-04-03,2024-03-25,Completed,100,2024-03-25,76.77,3,4,Yes,11,-9,Komal Chatterjee,komal.chatterjee.483@gmail.com,9335548640,Kolkata,2022-12-20,Basic,Machine Learning Fundamentals,AI & ML,INS006,Priya Singh,10,Beginner,223,846,Disengaged
CRS048,LRN0029,ENR01865,2024-01-15,2024-01-25,,Dropped,19,,,2,,No,,,Pooja Chatterjee,pooja.chatterjee.29@yahoo.com,9226025634,Indore,2023-12-20,Free,OSINT & Threat Intelligence,Cybersecurity,INS009,Suresh Gupta,5,Beginner,440,,Disengaged
CRS044,LRN0190,ENR00562,2024-02-28,2024-05-18,2024-03-31,Completed,100,2024-03-31,54.72,1,3,No,32,-48,Priya Mishra,priya.mishra.190@outlook.com,9262655110,Ahmedabad,2023-01-04,Premium,Adobe Illustrator Mastery,Design,INS010,Anjali Iyer,40,Intermediate,2240,840,Disengaged
CRS048,LRN0360,ENR00391,2024-03-01,2024-03-11,2024-03-10,Completed,100,2024-03-10,47.11,1,4,No,9,-1,Ritika Pillai,ritika.pillai.360@yahoo.com,9647598762,Bhopal,2022-01-24,Free,OSINT & Threat Intelligence,Cybersecurity,INS009,Suresh Gupta,5,Beginner,440,861,Disengaged
CRS027,LRN0281,ENR00289,2024-01-09,2024-02-08,2024-01-12,Completed,100,2024-01-12,64.96,1,3,Yes,3,-27,Arjun Kapoor,arjun.kapoor.281@yahoo.com,9175250074,Indore,2022-06-22,Basic,Financial Modelling,Business,INS012,Nisha Agarwal,15,Advanced,6347,919,Disengaged
CRS042,LRN0226,ENR00805,2024-01-28,2024-02-07,2024-02-01,Completed,100,2024-02-01,58.4,1,5,No,4,-6,Rohan Bose,rohan.bose.226@rediffmail.com,9684866618,Lucknow,2022-06-06,Free,Operations Management,Business,INS001,Unknown,5,Advanced,6117,899,Disengaged
CRS032,LRN0280,ENR00601,2024-02-10,2024-02-20,,Not Started,0,,,1,,No,,,Sachin Kumar,sachin.kumar.280@hotmail.com,9684602235,Lucknow,2023-04-14,Free,DevOps CI/CD Pipeline,Cloud Computing,INS003,Arjun Patel,5,Advanced,6723,,Disengaged
CRS011,LRN0102,ENR00588,2024-03-09,2024-03-19,2024-03-26,Completed,100,2024-03-26,57.61,2,3,No,17,7,Deepak Reddy,deepak.reddy.102@hotmail.com,9388516060,Delhi,2022-11-17,Basic,Figma for Beginners,Design,INS012,Nisha Agarwal,5,Beginner,19,845,Disengaged
CRS013,LRN0364,ENR01511,2024-01-02,2024-03-22,,In Progress,11,2024-03-22,,1,,No,,,Komal Pillai,komal.pillai.364@yahoo.com,9796884578,Indore,2022-04-02,Basic,AWS Solutions Architect,Cloud Computing,INS013,Manish Verma,40,Advanced,12685,849,Disengaged
CRS023,LRN0151,ENR01034,2024-03-06,2024-05-25,,In Progress,71,2024-03-07,,1,,No,,,Ishaan Agarwal,ishaan.agarwal.151@hotmail.com,9897028385,Jaipur,2023-01-21,Basic,NLP with Python,AI & ML,INS006,Priya Singh,40,Advanced,6758,864,Disengaged
CRS057,LRN0395,ENR01602,2024-03-07,2024-03-17,,In Progress,22,,,1,,No,,,Manish Patel,manish.patel.395@gmail.com,9110392405,Chennai,2023-04-06,Basic,Microservices Architecture,Cloud Computing,INS006,Priya Singh,5,Beginner,604,,Disengaged
CRS019,LRN0277,ENR01627,2024-02-28,2024-04-28,2024-03-31,Completed,100,2024-03-31,89.52,1,1,Yes,32,-28,Aditya Rao,aditya.rao.277@yahoo.com,9935387584,Bhopal,2023-11-05,Premium,iOS Development with Swift,Mobile Development,INS009,Suresh Gupta,30,Beginner,101,840,Disengaged
CRS025,LRN0369,ENR01698,2024-02-21,2024-04-01,2024-03-31,Completed,100,,87.82,1,2,Yes,39,-1,Reena Nair,reena.nair.369@outlook.com,9350208021,Chennai,2022-05-09,Premium,Vue.js & Nuxt Development,Web Development,INS004,Sunita Rao,20,Beginner,779,,Disengaged
CRS032,LRN0400,ENR01089,2024-03-12,2024-03-22,,Dropped,20,,,1,,No,,,Ravi Desai,ravi.desai.400@gmail.com,9554384046,Jaipur,2022-10-14,Free,DevOps CI/CD Pipeline,Cloud Computing,INS003,Arjun Patel,5,Advanced,6723,,Disengaged
CRS005,LRN0349,ENR00461,2024-01-22,2024-03-02,2024-02-15,Completed,100,2024-02-15,52.8,1,4,No,24,-16,Suresh Singh,suresh.singh.349@yahoo.com,9827553942,Ahmedabad,2022-07-24,Free,Node.js Backend Development,Web Development,INS007,Vikas Mehta,20,Beginner,119,885,Disengaged
CRS045,LRN0290,ENR01220,2024-01-09,2024-01-19,,Dropped,1,2024-01-13,,1,,No,,,Karan Malhotra,karan.malhotra.290@yahoo.com,9143744701,Bhopal,2022-02-10,Premium,Photography & Lightroom,Design,INS013,Manish Verma,5,Advanced,13064,918,Disengaged
CRS012,LRN0110,ENR00734,2024-02-11,2024-03-22,,In Progress,56,2024-03-11,,1,,No,,,Anita Iyer,anita.iyer.110@rediffmail.com,9892554665,Mumbai,2023-10-09,Basic,Motion Graphics & Animation,Design,INS013,Manish Verma,20,Beginner,201,860,Disengaged
CRS002,LRN0216,ENR00207,2024-01-02,2024-01-22,2024-01-09,Completed,100,2024-01-09,82.4,1,1,Yes,7,-13,Mohit Tiwari,mohit.tiwari.216@hotmail.com,9901751863,Bhopal,2022-08-05,Basic,Machine Learning Fundamentals,AI & ML,INS006,Priya Singh,10,Beginner,223,922,Disengaged
CRS010,LRN0167,ENR01286,2024-01-12,2024-02-01,,In Progress,58,2024-03-10,,2,,No,,,Rohan Mukherjee,rohan.mukherjee.167@hotmail.com,9170462265,Ahmedabad,2023-01-22,Basic,UI/UX Design Principles,Design,INS005,Deepak Joshi,10,Beginner,133,861,Disengaged
CRS002,LRN0064,ENR00347,2024-01-06,2024-01-26,2024-01-19,Completed,100,2024-01-19,50.64,2,4,No,13,-7,Nisha Gupta,nisha.gupta.64@gmail.com,9278742967,Ahmedabad,2022-12-23,Basic,Machine Learning Fundamentals,AI & ML,INS006,Priya Singh,10,Beginner,223,912,Disengaged
CRS048,LRN0006,ENR00881,2024-03-14,2024-03-24,2024-03-21,Completed,100,,55.98,1,4,No,7,-3,Karan Pillai,karan.pillai.6@outlook.com,9283276483,Bhopal,2022-02-27,Free,OSINT & Threat Intelligence,Cybersecurity,INS009,Suresh Gupta,5,Beginner,440,,Disengaged
CRS044,LRN0428,ENR01135,2024-02-25,2024-05-15,2024-02-28,Completed,100,,90.85,1,4,Yes,3,-77,Shreya Mukherjee,shreya.mukherjee.428@gmail.com,9091570184,Lucknow,2022-11-16,Basic,Adobe Illustrator Mastery,Design,INS010,Anjali Iyer,40,Intermediate,2240,,Disengaged
CRS050,LRN0239,ENR00918,2024-01-19,2024-01-29,,In Progress,81,2024-03-07,,1,,No,,,Ishaan Verma,ishaan.verma.239@yahoo.com,9474112490,Bhopal,2022-12-02,Free,Scala for Big Data,Data Science,INS008,Kavita Reddy,5,Beginner,181,864,Disengaged
CRS051,LRN0458,ENR01867,2024-01-21,2024-04-10,2024-02-12,Completed,100,2024-02-12,83.65,1,5,Yes,22,-58,Siddharth Pillai,siddharth.pillai.458@gmail.com,9627128639,Ahmedabad,2022-09-23,Free,MLOps & Model Deployment,AI & ML,INS015,Kiran Desai,40,Beginner,503,888,Disengaged
CRS007,LRN0379,ENR01132,2024-03-14,2024-04-23,2024-03-26,Completed,100,2024-03-26,55.59,2,2,No,12,-28,Pooja Tiwari,pooja.tiwari.379@outlook.com,9186387829,Kolkata,2023-02-24,Basic,Business Analytics Essentials,Business,INS003,Arjun Patel,20,Advanced,10604,845,Disengaged
CRS017,LRN0049,ENR01097,2024-02-12,2024-03-03,2024-02-15,Completed,100,2024-02-15,55.04,1,1,No,3,-17,Geeta Das,geeta.das.49@outlook.com,9716572628,Lucknow,2023-07-06,Premium,Network Security Essentials,Cybersecurity,INS002,Meera Nair,10,Advanced,14498,885,Disengaged
CRS007,LRN0127,ENR00148,2024-03-01,2024-04-10,2024-03-17,Completed,100,2024-03-17,90.79,2,5,Yes,16,-24,Mohit Pandey,mohit.pandey.127@outlook.com,9841616928,Kolkata,2022-04-16,Free,Business Analytics Essentials,Business,INS003,Arjun Patel,20,Advanced,10604,854,Disengaged
CRS043,LRN0243,ENR01574,2024-02-16,2024-05-06,2024-03-22,Completed,100,2024-03-22,85.18,1,1,Yes,35,-45,Vivaan Srivastava,vivaan.srivastava.243@gmail.com,9625324472,Lucknow,2023-09-27,Basic,Leadership & Communication,Business,INS008,Kavita Reddy,40,Beginner,995,849,Disengaged
CRS036,LRN0055,ENR01258,2024-02-20,2024-03-11,2024-02-23,Completed,100,2024-02-23,97.34,1,3,Yes,3,-17,Ajay Pillai,ajay.pillai.55@rediffmail.com,9413435240,Bengaluru,2022-10-08,Free,Advanced Python OOP,Data Science,INS006,Priya Singh,10,Advanced,7011,877,Disengaged
CRS055,LRN0024,ENR01124,2024-02-13,2024-02-23,2024-03-03,Completed,100,2024-03-03,58.26,1,2,No,19,9,Karan Banerjee,karan.banerjee.24@gmail.com,9354278498,Surat,2023-07-22,Free,Motion UI Design,Design,INS009,Suresh Gupta,5,Intermediate,3026,868,Disengaged
CRS039,LRN0359,ENR01506,2024-01-28,2024-04-17,2024-03-11,Completed,100,2024-03-11,78.48,1,5,Yes,43,-37,Rahul Shah,rahul.shah.359@yahoo.com,9569961125,Kolkata,2022-11-21,Premium,Transformer Models & LLMs,AI & ML,INS008,Kavita Reddy,40,Advanced,12938,860,Disengaged
CRS017,LRN0380,ENR01931,2024-01-17,2024-02-06,2024-01-20,Completed,100,2024-01-20,72.59,1,3,Yes,3,-17,Ananya Kumar,ananya.kumar.380@yahoo.com,9810220317,Delhi,2022-02-02,Basic,Network Security Essentials,Cybersecurity,INS002,Meera Nair,10,Advanced,14498,911,Disengaged
CRS034,LRN0084,ENR01420,2024-01-31,2024-02-20,2024-02-03,Completed,100,2024-02-03,53.3,1,5,No,3,-17,Shalini Mukherjee,shalini.mukherjee.84@gmail.com,9461200471,Hyderabad,2023-07-05,Free,Android Development Kotlin,Mobile Development,INS002,Meera Nair,10,Intermediate,3846,897,Disengaged
CRS024,LRN0126,ENR01946,2024-01-26,2024-02-25,,In Progress,27,2024-02-17,,1,,No,,,Siddharth Chauhan,siddharth.chauhan.126@hotmail.com,9505415667,Kolkata,2022-07-11,Basic,Computer Vision,AI & ML,INS003,Arjun Patel,15,Intermediate,1877,883,Disengaged
CRS039,LRN0281,ENR00056,2024-02-18,2024-05-08,2024-03-16,Completed,100,2024-03-16,54.79,3,4,No,27,-53,Arjun Kapoor,arjun.kapoor.281@yahoo.com,9175250074,Indore,2022-06-22,Basic,Transformer Models & LLMs,AI & ML,INS008,Kavita Reddy,40,Advanced,12938,855,Disengaged
CRS023,LRN0028,ENR01033,2024-02-29,2024-05-19,,Not Started,0,,,2,,No,,,Aditya Chauhan,aditya.chauhan.28@rediffmail.com,9505331586,Chandigarh,2022-06-08,Enterprise,NLP with Python,AI & ML,INS006,Priya Singh,40,Advanced,6758,,Disengaged
CRS050,LRN0490,ENR00864,2024-02-22,2024-03-03,2024-02-25,Completed,100,2024-02-25,63.57,2,4,Yes,3,-7,Rahul Reddy,rahul.reddy.490@gmail.com,9410672752,Chandigarh,2023-07-14,Enterprise,Scala for Big Data,Data Science,INS008,Kavita Reddy,5,Beginner,181,875,Disengaged
CRS053,LRN0468,ENR01451,2024-03-07,2024-05-26,2024-03-31,Completed,100,2024-03-31,59.4,1,1,No,24,-56,Reena Srivastava,reena.srivastava.468@outlook.com,9207100219,Pune,2023-12-12,Premium,Supply Chain Management,Business,INS010,Anjali Iyer,40,Intermediate,3268,840,Disengaged
CRS003,LRN0420,ENR00585,2024-02-09,2024-02-29,,In Progress,83,2024-02-23,,2,,No,,,Mohit Iyer,mohit.iyer.420@gmail.com,9772934301,Ahmedabad,2023-10-03,Premium,Deep Learning with TensorFlow,AI & ML,INS004,Sunita Rao,10,Advanced,13612,877,Disengaged
CRS017,LRN0001,ENR00715,2024-02-22,2024-03-13,,In Progress,90,2024-03-24,,1,,No,,,Ananya Sharma,ananya.sharma.1@gmail.com,9433218196,Mumbai,2022-04-06,Free,Network Security Essentials,Cybersecurity,INS002,Meera Nair,10,Advanced,14498,847,Disengaged
CRS036,LRN0402,ENR01208,2024-02-18,2024-03-09,,In Progress,62,2024-03-11,,1,,No,,,Simran Tiwari,simran.tiwari.402@outlook.com,9782329832,Chandigarh,2023-12-24,Premium,Advanced Python OOP,Data Science,INS006,Priya Singh,10,Advanced,7011,860,Disengaged
CRS045,LRN0382,ENR00338,2024-02-18,2024-02-28,,Not Started,0,,,1,,No,,,Priya Verma,priya.verma.382@gmail.com,9058650948,Chandigarh,2022-03-14,Premium,Photography & Lightroom,Design,INS013,Manish Verma,5,Advanced,13064,,Disengaged
CRS017,LRN0216,ENR01873,2024-01-20,2024-02-09,,In Progress,25,2024-03-14,,1,,No,,,Mohit Tiwari,mohit.tiwari.216@hotmail.com,9901751863,Bhopal,2022-08-05,Basic,Network Security Essentials,Cybersecurity,INS002,Meera Nair,10,Advanced,14498,857,Disengaged
CRS013,LRN0232,ENR01090,2024-01-01,2024-03-21,,In Progress,57,2024-01-03,,1,,No,,,Geeta Yadav,geeta.yadav.232@rediffmail.com,9536541951,Surat,2022-02-23,Free,AWS Solutions Architect,Cloud Computing,INS013,Manish Verma,40,Advanced,12685,928,Disengaged
CRS038,LRN0006,ENR00494,2024-02-08,2024-03-09,2024-03-15,Completed,100,2024-03-15,94.13,1,1,Yes,36,6,Karan Pillai,karan.pillai.6@outlook.com,9283276483,Bhopal,2022-02-27,Free,Reinforcement Learning,AI & ML,INS010,Unknown,15,Advanced,10834,856,Disengaged
CRS037,LRN0085,ENR00298,2024-01-08,2024-02-17,2024-01-21,Completed,100,2024-01-21,75.48,1,1,Yes,13,-27,Shalini Pandey,shalini.pandey.85@outlook.com,9869261796,Mumbai,2023-12-08,Basic,Data Engineering with Spark,Data Science,INS004,Sunita Rao,20,Advanced,14534,910,Disengaged
CRS045,LRN0323,ENR01470,2024-02-09,2024-02-19,,Dropped,6,2024-02-19,,2,1,No,,,Pooja Kumar,pooja.kumar.323@outlook.com,9491357759,Chandigarh,2023-08-22,Free,Photography & Lightroom,Design,INS013,Manish Verma,5,Advanced,13064,881,Disengaged
CRS034,LRN0495,ENR01803,2024-02-22,2024-03-13,2024-03-15,Completed,100,2024-03-15,55.31,1,1,No,22,2,Ajay Tiwari,ajay.tiwari.495@rediffmail.com,9196106462,Ahmedabad,2023-12-29,Basic,Android Development Kotlin,Mobile Development,INS002,Meera Nair,10,Intermediate,3846,856,Disengaged
CRS004,LRN0338,ENR01379,2024-01-15,2024-03-15,2024-01-27,Completed,100,2024-01-27,84.73,1,1,Yes,12,-48,Nikhil Bose,nikhil.bose.338@yahoo.com,9659916247,Bhopal,2022-03-27,Free,React.js Complete Guide,Web Development,INS014,Pooja Mishra,30,Advanced,6867,904,Disengaged
CRS022,LRN0331,ENR01908,2024-01-22,2024-02-11,,In Progress,80,2024-02-12,,1,,No,,,Varun Iyer,varun.iyer.331@hotmail.com,9655779082,Bengaluru,2022-08-24,Free,Statistics for Data Science,Data Science,INS015,Kiran Desai,10,Advanced,12777,888,Disengaged
CRS001,LRN0422,ENR00654,2024-03-17,2024-04-16,,Dropped,4,2024-03-31,,1,,No,,,Shreya Iyer,shreya.iyer.422@gmail.com,9850155699,Bhopal,2022-06-29,Free,Python for Data Science,Data Science,INS009,Suresh Gupta,15,Intermediate,2986,840,Disengaged
CRS055,LRN0231,ENR00184,2024-03-12,2024-03-22,2024-03-15,Completed,100,2024-03-15,76.76,1,1,Yes,3,-7,Ananya Yadav,ananya.yadav.231@yahoo.com,9800030756,Bengaluru,2022-02-06,Basic,Motion UI Design,Design,INS009,Suresh Gupta,5,Intermediate,3026,856,Disengaged
CRS049,LRN0458,ENR01603,2024-03-14,2024-04-23,,In Progress,32,,,1,,No,,,Siddharth Pillai,siddharth.pillai.458@gmail.com,9627128639,Ahmedabad,2022-09-23,Free,Unity Game Development,Mobile Development,INS007,Vikas Mehta,20,Intermediate,2541,,Disengaged
CRS010,LRN0083,ENR00852,2024-03-11,2024-03-31,,Not Started,0,,,1,,No,,,Kavya Rao,kavya.rao.83@rediffmail.com,9651370985,Hyderabad,2023-10-26,Free,UI/UX Design Principles,Design,INS005,Deepak Joshi,10,Beginner,133,,Disengaged
CRS021,LRN0429,ENR00053,2024-01-20,2024-02-09,2024-02-13,Completed,100,2024-02-13,90.69,1,4,Yes,24,4,Ishaan Tiwari,ishaan.tiwari.429@yahoo.com,9334485714,Bengaluru,2022-10-08,Free,Power BI & Tableau,Data Science,INS005,Deepak Joshi,10,Advanced,6616,887,Disengaged
CRS006,LRN0061,ENR00555,2024-02-22,2024-03-03,,In Progress,83,2024-03-02,,1,,No,,,Kavya Bose,kavya.bose.61@gmail.com,9936183242,Mumbai,2022-06-19,Premium,HTML & CSS Mastery,Web Development,INS015,Unknown,5,Intermediate,2276,869,Disengaged
CRS003,LRN0021,ENR01274,2024-01-20,2024-02-09,,Dropped,14,,,1,,No,,,Sachin Singh,sachin.singh.21@rediffmail.com,9219136193,Lucknow,2022-02-10,Basic,Deep Learning with TensorFlow,AI & ML,INS004,Sunita Rao,10,Advanced,13612,,Disengaged
CRS017,LRN0395,ENR01626,2024-03-03,2024-03-23,2024-03-06,Completed,100,,56.92,1,2,No,3,-17,Manish Patel,manish.patel.395@gmail.com,9110392405,Chennai,2023-04-06,Basic,Network Security Essentials,Cybersecurity,INS002,Meera Nair,10,Advanced,14498,,Disengaged
CRS006,LRN0082,ENR01017,2024-03-11,2024-03-21,2024-03-14,Completed,100,2024-03-14,73.89,1,2,Yes,3,-7,Karan Patel,karan.patel.82@gmail.com,9368516048,Ahmedabad,2023-01-13,Premium,HTML & CSS Mastery,Web Development,INS015,Unknown,5,Intermediate,2276,857,Disengaged
CRS024,LRN0127,ENR00829,2024-01-19,2024-02-18,2024-02-14,Completed,100,,55.36,1,3,No,26,-4,Mohit Pandey,mohit.pandey.127@outlook.com,9841616928,Kolkata,2022-04-16,Free,Computer Vision,AI & ML,INS003,Arjun Patel,15,Intermediate,1877,,Disengaged
CRS055,LRN0128,ENR01745,2024-03-09,2024-03-19,2024-03-22,Completed,100,2024-03-22,99.16,1,3,Yes,13,3,Megha Chauhan,megha.chauhan.128@rediffmail.com,9796275705,Pune,2022-10-09,Basic,Motion UI Design,Design,INS009,Suresh Gupta,5,Intermediate,3026,849,Disengaged
CRS038,LRN0218,ENR01897,2024-01-02,2024-02-01,2024-01-08,Completed,100,2024-01-08,55.29,2,4,No,6,-24,Shalini Sharma,shalini.sharma.218@yahoo.com,9127706324,Bhopal,2022-10-08,Free,Reinforcement Learning,AI & ML,INS010,Unknown,15,Advanced,10834,923,Disengaged
CRS005,LRN0241,ENR00608,2024-01-01,2024-02-10,2024-01-08,Completed,100,2024-01-08,55.96,1,4,No,7,-33,Shalini Kumar,shalini.kumar.241@gmail.com,9210032365,Lucknow,2023-08-24,Free,Node.js Backend Development,Web Development,INS007,Vikas Mehta,20,Beginner,119,923,Disengaged
CRS038,LRN0051,ENR01923,2024-01-17,2024-02-16,2024-02-09,Completed,100,2024-02-09,49.18,1,4,No,23,-7,Vivaan Nair,vivaan.nair.51@outlook.com,9527354549,Jaipur,2022-01-11,Basic,Reinforcement Learning,AI & ML,INS010,Unknown,15,Advanced,10834,891,Disengaged
CRS010,LRN0207,ENR01883,2024-02-27,2024-03-18,2024-03-26,Completed,100,2024-03-26,90.86,3,4,Yes,28,8,Amit Kumar,amit.kumar.207@rediffmail.com,9341252866,Bengaluru,2023-08-12,Basic,UI/UX Design Principles,Design,INS005,Deepak Joshi,10,Beginner,133,845,Disengaged
CRS010,LRN0442,ENR00446,2024-03-15,2024-04-04,,Dropped,26,2024-03-29,,1,,No,,,Divya Mehta,divya.mehta.442@gmail.com,9865624220,Surat,2022-01-17,Free,UI/UX Design Principles,Design,INS005,Deepak Joshi,10,Beginner,133,842,Disengaged
CRS029,LRN0273,ENR00145,2024-02-10,2024-04-30,2024-02-29,Completed,100,2024-02-29,63.41,2,1,Yes,19,-61,Geeta Iyer,geeta.iyer.273@rediffmail.com,9007229034,Indore,2022-11-09,Premium,Brand Identity Design,Design,INS010,Anjali Iyer,40,Intermediate,4998,871,Disengaged
CRS027,LRN0401,ENR00583,2024-01-08,2024-02-07,,In Progress,43,2024-02-18,,1,,No,,,Suresh Banerjee,suresh.banerjee.401@rediffmail.com,9621689363,Bengaluru,2023-03-13,Enterprise,Financial Modelling,Business,INS012,Nisha Agarwal,15,Advanced,6347,882,Disengaged
CRS048,LRN0252,ENR00465,2024-02-14,2024-02-24,,Not Started,0,,,1,,No,,,Arjun Malhotra,arjun.malhotra.252@yahoo.com,9096902959,Surat,2023-08-03,Free,OSINT & Threat Intelligence,Cybersecurity,INS009,Suresh Gupta,5,Beginner,440,,Disengaged
CRS056,LRN0145,ENR01661,2024-02-21,2024-04-21,,Dropped,7,2024-03-04,,1,,No,,,Siddharth Pandey,siddharth.pandey.145@rediffmail.com,9841687849,Delhi,2022-05-12,Enterprise,NoSQL & MongoDB,Data Science,INS007,Vikas Mehta,30,Advanced,9660,867,Disengaged
CRS002,LRN0136,ENR01600,2024-03-08,2024-03-28,,Dropped,35,2024-03-21,,1,,No,,,Preeti Shah,preeti.shah.136@outlook.com,9922680182,Bengaluru,2022-06-15,Basic,Machine Learning Fundamentals,AI & ML,INS006,Priya Singh,10,Beginner,223,850,Disengaged
CRS057,LRN0145,ENR00763,2024-01-14,2024-01-24,2024-01-17,Completed,100,2024-01-17,55.15,1,3,No,3,-7,Siddharth Pandey,siddharth.pandey.145@rediffmail.com,9841687849,Delhi,2022-05-12,Enterprise,Microservices Architecture,Cloud Computing,INS006,Priya Singh,5,Beginner,604,914,Disengaged
CRS012,LRN0376,ENR01133,2024-01-26,2024-03-06,,Dropped,8,2024-01-29,,1,4,No,,,Preeti Bose,preeti.bose.376@hotmail.com,9573065240,Chandigarh,2023-03-25,Basic,Motion Graphics & Animation,Design,INS013,Manish Verma,20,Beginner,201,902,Disengaged
CRS053,LRN0075,ENR00261,2024-02-07,2024-04-27,,Dropped,29,2024-02-14,,1,,No,,,Sneha Verma,sneha.verma.75@hotmail.com,9240050455,Bengaluru,2022-09-08,Basic,Supply Chain Management,Business,INS010,Anjali Iyer,40,Intermediate,3268,886,Disengaged
CRS047,LRN0330,ENR01817,2024-01-03,2024-03-03,,Dropped,34,2024-01-14,,2,,No,,,Ajay Shah,ajay.shah.330@rediffmail.com,9449892665,Surat,2022-03-21,Basic,Cloud Security Best Practices,Cybersecurity,INS008,Kavita Reddy,30,Intermediate,2407,917,Disengaged
CRS012,LRN0485,ENR00901,2024-01-28,2024-03-08,2024-02-17,Completed,100,,70.98,1,2,Yes,20,-20,Karan Kumar,karan.kumar.485@outlook.com,9241272380,Pune,2023-11-30,Basic,Motion Graphics & Animation,Design,INS013,Manish Verma,20,Beginner,201,,Disengaged
CRS044,LRN0465,ENR01544,2024-01-03,2024-03-23,2024-03-20,Completed,100,2024-03-20,82.74,1,5,Yes,77,-3,Shreya Das,shreya.das.465@rediffmail.com,9179291117,Indore,2023-09-23,Free,Adobe Illustrator Mastery,Design,INS010,Anjali Iyer,40,Intermediate,2240,851,Disengaged
CRS017,LRN0185,ENR01413,2024-02-03,2024-02-23,,In Progress,78,2024-03-26,,1,,No,,,Priya Srivastava,priya.srivastava.185@hotmail.com,9668700217,Surat,2022-12-06,Basic,Network Security Essentials,Cybersecurity,INS002,Meera Nair,10,Advanced,14498,845,Disengaged
CRS056,LRN0337,ENR00002,2024-02-24,2024-04-24,,In Progress,44,,,1,,No,,,Ananya Singh,ananya.singh.337@gmail.com,9729806865,Chandigarh,2023-06-27,Basic,NoSQL & MongoDB,Data Science,INS007,Vikas Mehta,30,Advanced,9660,,Disengaged
CRS052,LRN0089,ENR01507,2024-03-06,2024-05-25,2024-03-31,Completed,100,2024-03-31,92.64,1,5,Yes,25,-55,Ravi Bose,ravi.bose.89@rediffmail.com,9395024026,Delhi,2022-03-07,Basic,Svelte & SvelteKit,Web Development,INS005,Deepak Joshi,40,Intermediate,4129,840,Disengaged
CRS002,LRN0275,ENR01844,2024-02-21,2024-03-12,,In Progress,54,2024-02-22,,2,,No,,,Manish Reddy,manish.reddy.275@outlook.com,9994417154,Bhopal,2022-10-11,Free,Machine Learning Fundamentals,AI & ML,INS006,Priya Singh,10,Beginner,223,878,Disengaged
CRS045,LRN0189,ENR01683,2024-02-21,2024-03-02,,In Progress,88,2024-03-02,,2,,No,,,Anita Nair,anita.nair.189@rediffmail.com,9358662961,Chennai,2022-09-10,Premium,Photography & Lightroom,Design,INS013,Manish Verma,5,Advanced,13064,869,Disengaged
CRS025,LRN0473,ENR01302,2024-01-11,2024-02-20,,Dropped,20,2024-01-24,,1,2,No,,,Pooja Malhotra,pooja.malhotra.473@outlook.com,9799563531,Hyderabad,2022-04-11,Free,Vue.js & Nuxt Development,Web Development,INS004,Sunita Rao,20,Beginner,779,907,Disengaged
CRS050,LRN0408,ENR00117,2024-02-09,2024-02-19,,In Progress,81,2024-02-16,,1,,No,,,Deepak Malhotra,deepak.malhotra.408@gmail.com,9569998808,Ahmedabad,2023-04-13,Premium,Scala for Big Data,Data Science,INS008,Kavita Reddy,5,Beginner,181,884,Disengaged
CRS011,LRN0263,ENR01229,2024-01-24,2024-02-03,2024-01-27,Completed,100,2024-01-27,80.15,2,5,Yes,3,-7,Anita Joshi,anita.joshi.263@yahoo.com,9233206163,Bhopal,2023-09-02,Free,Figma for Beginners,Design,INS012,Nisha Agarwal,5,Beginner,19,904,Disengaged
CRS053,LRN0497,ENR01214,2024-01-04,2024-03-24,2024-01-07,Completed,100,2024-01-07,65.64,1,3,Yes,3,-77,Aarav Patel,aarav.patel.497@gmail.com,9447146273,Delhi,2022-10-11,Basic,Supply Chain Management,Business,INS010,Anjali Iyer,40,Intermediate,3268,924,Disengaged
CRS052,LRN0490,ENR01783,2024-03-13,2024-06-01,,Not Started,0,,,1,,No,,,Rahul Reddy,rahul.reddy.490@gmail.com,9410672752,Chandigarh,2023-07-14,Enterprise,Svelte & SvelteKit,Web Development,INS005,Deepak Joshi,40,Intermediate,4129,,Disengaged
CRS030,LRN0092,ENR01312,2024-02-08,2024-04-08,,Dropped,9,2024-02-09,,1,,No,,,Komal Reddy,komal.reddy.92@gmail.com,9569847896,Indore,2023-12-20,Free,3D Modelling with Blender,Design,INS004,Sunita Rao,30,Intermediate,4503,891,Disengaged
CRS053,LRN0023,ENR01227,2024-01-13,2024-04-02,,In Progress,16,2024-02-18,,1,,No,,,Shalini Tiwari,shalini.tiwari.23@rediffmail.com,9107991183,Chennai,2022-05-16,Enterprise,Supply Chain Management,Business,INS010,Anjali Iyer,40,Intermediate,3268,882,Disengaged
CRS002,LRN0490,ENR00920,2024-01-16,2024-02-05,2024-01-31,Completed,100,2024-01-31,75.39,1,3,Yes,15,-5,Rahul Reddy,rahul.reddy.490@gmail.com,9410672752,Chandigarh,2023-07-14,Enterprise,Machine Learning Fundamentals,AI & ML,INS006,Priya Singh,10,Beginner,223,900,Disengaged
CRS016,LRN0345,ENR00410,2024-01-01,2024-01-21,,Not Started,0,,,1,2,No,,,Siddharth Iyer,siddharth.iyer.345@outlook.com,9011848955,Hyderabad,2023-09-13,Enterprise,Ethical Hacking Basics,Cybersecurity,INS010,Unknown,10,Beginner,686,,Disengaged
CRS012,LRN0457,ENR00309,2024-03-09,2024-04-18,,Dropped,28,2024-03-10,,1,,No,,,Amit Mishra,amit.mishra.457@outlook.com,9214066504,Bengaluru,2023-03-28,Free,Motion Graphics & Animation,Design,INS013,Manish Verma,20,Beginner,201,861,Disengaged
CRS008,LRN0423,ENR01862,2024-02-20,2024-05-10,,In Progress,87,2024-03-15,,1,,No,,,Suresh Mukherjee,suresh.mukherjee.423@hotmail.com,9770272785,Indore,2023-02-28,Enterprise,Project Management Professional,Business,INS003,Arjun Patel,40,Intermediate,4049,856,Disengaged
CRS049,LRN0317,ENR00152,2024-02-22,2024-04-02,2024-03-26,Completed,100,2024-03-26,88.31,1,4,Yes,33,-7,Preeti Singh,preeti.singh.317@gmail.com,9934667665,Pune,2023-11-21,Free,Unity Game Development,Mobile Development,INS007,Vikas Mehta,20,Intermediate,2541,845,Disengaged
CRS019,LRN0358,ENR01871,2024-02-21,2024-04-21,,Dropped,14,2024-02-24,,1,,No,,,Vijay Joshi,vijay.joshi.358@outlook.com,9455877169,Ahmedabad,2023-10-09,Enterprise,iOS Development with Swift,Mobile Development,INS009,Suresh Gupta,30,Beginner,101,876,Disengaged
CRS038,LRN0357,ENR01985,2024-03-09,2024-04-08,,In Progress,40,2024-03-30,,3,2,No,,,Nikhil Das,nikhil.das.357@outlook.com,9175455884,Mumbai,2023-02-26,Free,Reinforcement Learning,AI & ML,INS010,Unknown,15,Advanced,10834,841,Disengaged
CRS040,LRN0391,ENR00169,2024-03-16,2024-04-15,2024-03-31,Completed,100,,61.18,1,2,Yes,15,-15,Sachin Jain,sachin.jain.391@yahoo.com,9320679981,Pune,2022-10-24,Premium,TypeScript Advanced,Web Development,INS009,Suresh Gupta,15,Beginner,786,,Disengaged
CRS006,LRN0065,ENR00221,2024-01-23,2024-02-02,,In Progress,40,2024-02-18,,1,,No,,,Amit Desai,amit.desai.65@hotmail.com,9125674680,Delhi,2022-11-19,Free,HTML & CSS Mastery,Web Development,INS015,Unknown,5,Intermediate,2276,882,Disengaged
CRS030,LRN0076,ENR00453,2024-01-14,2024-03-14,,Dropped,1,,,2,,No,,,Nisha Desai,nisha.desai.76@rediffmail.com,9222196937,Bengaluru,2022-08-26,Basic,3D Modelling with Blender,Design,INS004,Sunita Rao,30,Intermediate,4503,,Disengaged
CRS049,LRN0241,ENR01373,2024-03-02,2024-04-11,,Dropped,4,2024-03-16,,1,,No,,,Shalini Kumar,shalini.kumar.241@gmail.com,9210032365,Lucknow,2023-08-24,Free,Unity Game Development,Mobile Development,INS007,Vikas Mehta,20,Intermediate,2541,855,Disengaged
CRS007,LRN0289,ENR00597,2024-02-09,2024-03-20,2024-03-26,Completed,100,2024-03-26,79.65,1,5,Yes,46,6,Preeti Nair,preeti.nair.289@hotmail.com,9375300119,Bengaluru,2022-04-03,Premium,Business Analytics Essentials,Business,INS003,Arjun Patel,20,Advanced,10604,845,Disengaged
CRS045,LRN0061,ENR00109,2024-01-28,2024-02-07,,In Progress,30,2024-02-01,,2,,No,,,Kavya Bose,kavya.bose.61@gmail.com,9936183242,Mumbai,2022-06-19,Premium,Photography & Lightroom,Design,INS013,Manish Verma,5,Advanced,13064,899,Disengaged
CRS052,LRN0169,ENR01472,2024-02-07,2024-04-27,,Dropped,24,2024-02-14,,1,,No,,,Vijay Agarwal,vijay.agarwal.169@gmail.com,9863375243,Mumbai,2023-11-08,Basic,Svelte & SvelteKit,Web Development,INS005,Deepak Joshi,40,Intermediate,4129,886,Disengaged
CRS044,LRN0202,ENR00342,2024-01-25,2024-04-14,2024-01-29,Completed,100,2024-01-29,68.45,1,4,Yes,4,-76,Ishaan Iyer,ishaan.iyer.202@gmail.com,9757177514,Indore,2023-12-29,Free,Adobe Illustrator Mastery,Design,INS010,Anjali Iyer,40,Intermediate,2240,902,Disengaged
CRS006,LRN0290,ENR00738,2024-03-12,2024-03-22,,Dropped,10,2024-03-20,,1,,No,,,Karan Malhotra,karan.malhotra.290@yahoo.com,9143744701,Bhopal,2022-02-10,Premium,HTML & CSS Mastery,Web Development,INS015,Unknown,5,Intermediate,2276,851,Disengaged
CRS022,LRN0393,ENR01764,2024-03-09,2024-03-29,,Dropped,8,2024-03-16,,2,,No,,,Preeti Pillai,preeti.pillai.393@gmail.com,9833146591,Surat,2023-02-28,Basic,Statistics for Data Science,Data Science,INS015,Kiran Desai,10,Advanced,12777,855,Disengaged
CRS023,LRN0500,ENR01225,2024-02-18,2024-05-08,2024-03-11,Completed,100,2024-03-11,69.61,2,5,Yes,22,-58,Sneha Pillai,sneha.pillai.500@rediffmail.com,9285544518,Kolkata,2022-05-28,Free,NLP with Python,AI & ML,INS006,Priya Singh,40,Advanced,6758,860,Disengaged
CRS016,LRN0139,ENR01669,2024-03-08,2024-03-28,,Dropped,0,2024-03-16,,2,,No,,,Kavya Shah,kavya.shah.139@hotmail.com,9396907844,Hyderabad,2023-12-03,Basic,Ethical Hacking Basics,Cybersecurity,INS010,Unknown,10,Beginner,686,855,Disengaged
CRS055,LRN0059,ENR01232,2024-03-06,2024-03-16,2024-03-22,Completed,100,2024-03-22,99.78,1,3,Yes,16,6,Rekha Chauhan,rekha.chauhan.59@yahoo.com,9990913341,Hyderabad,2022-06-27,Basic,Motion UI Design,Design,INS009,Suresh Gupta,5,Intermediate,3026,849,Disengaged
CRS036,LRN0286,ENR01437,2024-03-07,2024-03-27,,Dropped,7,2024-03-16,,1,,No,,,Deepak Banerjee,deepak.banerjee.286@gmail.com,9489090100,Pune,2023-03-31,Basic,Advanced Python OOP,Data Science,INS006,Priya Singh,10,Advanced,7011,855,Disengaged
CRS046,LRN0359,ENR00733,2024-02-10,2024-03-21,,Not Started,0,,,1,,No,,,Rahul Shah,rahul.shah.359@yahoo.com,9569961125,Kolkata,2022-11-21,Premium,Terraform Infrastructure,Cloud Computing,INS013,Manish Verma,20,Beginner,300,,Disengaged
CRS046,LRN0099,ENR00287,2024-02-17,2024-03-28,,In Progress,75,2024-03-29,,1,,No,,,Nisha Pillai,nisha.pillai.99@hotmail.com,9102290147,Ahmedabad,2023-09-14,Basic,Terraform Infrastructure,Cloud Computing,INS013,Manish Verma,20,Beginner,300,842,Disengaged
CRS040,LRN0313,ENR01624,2024-02-14,2024-03-15,,Dropped,15,2024-02-19,,2,3,No,,,Reena Iyer,reena.iyer.313@yahoo.com,9780157399,Mumbai,2023-11-30,Premium,TypeScript Advanced,Web Development,INS009,Suresh Gupta,15,Beginner,786,881,Disengaged
CRS006,LRN0235,ENR01825,2024-01-04,2024-01-14,2024-01-22,Completed,100,2024-01-22,94.91,1,2,Yes,18,8,Vijay Pandey,vijay.pandey.235@hotmail.com,9050641383,Ahmedabad,2022-03-03,Enterprise,HTML & CSS Mastery,Web Development,INS015,Unknown,5,Intermediate,2276,909,Disengaged
CRS031,LRN0056,ENR01001,2024-02-25,2024-03-06,2024-02-28,Completed,100,,52.69,1,1,No,3,-7,Rohan Reddy,rohan.reddy.56@hotmail.com,9427109477,Kolkata,2022-07-08,Enterprise,Docker & Kubernetes,Cloud Computing,INS004,Sunita Rao,5,Intermediate,3781,,Disengaged
CRS044,LRN0162,ENR01723,2024-01-09,2024-03-29,2024-01-19,Completed,100,2024-01-19,69.48,1,3,Yes,10,-70,Ananya Verma,ananya.verma.162@yahoo.com,9426841459,Hyderabad,2022-05-17,Basic,Adobe Illustrator Mastery,Design,INS010,Anjali Iyer,40,Intermediate,2240,912,Disengaged
CRS010,LRN0057,ENR01839,2024-01-12,2024-02-01,2024-02-03,Completed,100,2024-02-03,91.39,1,3,Yes,22,2,Kavya Chatterjee,kavya.chatterjee.57@yahoo.com,9711671902,Indore,2023-07-31,Enterprise,UI/UX Design Principles,Design,INS005,Deepak Joshi,10,Beginner,133,897,Disengaged
CRS014,LRN0115,ENR00530,2024-02-18,2024-03-19,2024-03-11,Completed,100,2024-03-11,74.29,1,1,Yes,22,-8,Rahul Malhotra,rahul.malhotra.115@yahoo.com,9706537947,Jaipur,2022-09-02,Basic,Google Cloud Fundamentals,Cloud Computing,INS002,Meera Nair,15,Beginner,67,860,Disengaged
CRS010,LRN0325,ENR01307,2024-01-20,2024-02-09,2024-01-25,Completed,100,2024-01-25,51.49,1,4,No,5,-15,Anita Pandey,anita.pandey.325@rediffmail.com,9478129142,Hyderabad,2022-09-27,Premium,UI/UX Design Principles,Design,INS005,Deepak Joshi,10,Beginner,133,906,Disengaged
CRS018,LRN0006,ENR00939,2024-01-01,2024-01-31,2024-01-20,Completed,100,,85.08,3,1,Yes,19,-11,Karan Pillai,karan.pillai.6@outlook.com,9283276483,Bhopal,2022-02-27,Free,Flutter App Development,Mobile Development,INS006,Priya Singh,15,Beginner,875,,Disengaged
CRS031,LRN0286,ENR01776,2024-01-20,2024-01-30,,Dropped,26,,,1,,No,,,Deepak Banerjee,deepak.banerjee.286@gmail.com,9489090100,Pune,2023-03-31,Basic,Docker & Kubernetes,Cloud Computing,INS004,Sunita Rao,5,Intermediate,3781,,Disengaged
CRS036,LRN0078,ENR00047,2024-02-26,2024-03-17,2024-03-01,Completed,100,2024-03-01,48.0,1,4,No,4,-16,Shreya Mehta,shreya.mehta.78@outlook.com,9671369594,Mumbai,2023-11-06,Basic,Advanced Python OOP,Data Science,INS006,Priya Singh,10,Advanced,7011,870,Disengaged
CRS034,LRN0426,ENR00736,2024-01-08,2024-01-28,,Not Started,0,,,1,4,No,,,Anita Das,anita.das.426@gmail.com,9438421503,Ahmedabad,2023-06-03,Free,Android Development Kotlin,Mobile Development,INS002,Meera Nair,10,Intermediate,3846,,Disengaged
CRS060,LRN0264,ENR01422,2024-01-07,2024-02-06,,Dropped,13,2024-01-15,,1,,No,,,Karan Singh,karan.singh.264@rediffmail.com,9686854870,Lucknow,2023-06-20,Premium,Bayesian Statistics,Data Science,INS006,Unknown,15,Intermediate,1231,916,Disengaged
CRS053,LRN0228,ENR00346,2024-01-21,2024-04-10,2024-03-17,Completed,100,2024-03-17,53.5,1,3,No,56,-24,Shalini Pillai,shalini.pillai.228@hotmail.com,9904210202,Kolkata,2023-06-20,Basic,Supply Chain Management,Business,INS010,Anjali Iyer,40,Intermediate,3268,854,Disengaged
CRS022,LRN0114,ENR01257,2024-03-08,2024-03-28,,In Progress,57,2024-03-29,,1,,No,,,Sneha Iyer,sneha.iyer.114@yahoo.com,9880592962,Bengaluru,2023-12-11,Premium,Statistics for Data Science,Data Science,INS015,Kiran Desai,10,Advanced,12777,842,Disengaged
CRS025,LRN0055,ENR01691,2024-02-07,2024-03-18,,Dropped,1,2024-02-15,,1,,No,,,Ajay Pillai,ajay.pillai.55@rediffmail.com,9413435240,Bengaluru,2022-10-08,Free,Vue.js & Nuxt Development,Web Development,INS004,Sunita Rao,20,Beginner,779,885,Disengaged
CRS050,LRN0305,ENR01922,2024-02-04,2024-02-14,,In Progress,36,2024-03-11,,2,,No,,,Vijay Jain,vijay.jain.305@outlook.com,9515879968,Bhopal,2023-03-09,Premium,Scala for Big Data,Data Science,INS008,Kavita Reddy,5,Beginner,181,860,Disengaged
CRS050,LRN0082,ENR00682,2024-02-21,2024-03-02,,In Progress,37,2024-03-14,,1,,No,,,Karan Patel,karan.patel.82@gmail.com,9368516048,Ahmedabad,2023-01-13,Premium,Scala for Big Data,Data Science,INS008,Kavita Reddy,5,Beginner,181,857,Disengaged
CRS024,LRN0002,ENR01430,2024-02-05,2024-03-06,,Not Started,0,,,3,,No,,,Sachin Pillai,sachin.pillai.2@gmail.com,9083863794,Indore,2022-06-13,Premium,Computer Vision,AI & ML,INS003,Arjun Patel,15,Intermediate,1877,,Disengaged
CRS011,LRN0260,ENR01035,2024-01-02,2024-01-12,,Not Started,0,,,1,,No,,,Deepak Pandey,deepak.pandey.260@rediffmail.com,9270477434,Mumbai,2022-06-04,Premium,Figma for Beginners,Design,INS012,Nisha Agarwal,5,Beginner,19,,Disengaged
CRS020,LRN0008,ENR01441,2024-01-11,2024-01-21,,In Progress,83,,,1,,No,,,Divya Yadav,divya.yadav.8@yahoo.com,9884969653,Jaipur,2023-05-21,Free,SQL & Database Design,Data Science,INS013,Unknown,5,Advanced,8138,,Disengaged
CRS058,LRN0132,ENR01967,2024-02-23,2024-03-24,,Dropped,24,2024-02-25,,1,,No,,,Ishaan Pillai,ishaan.pillai.132@gmail.com,9473121727,Indore,2023-11-30,Enterprise,Zero Trust Security,Cybersecurity,INS014,Pooja Mishra,15,Intermediate,4039,875,Disengaged
CRS011,LRN0108,ENR00614,2024-01-01,2024-01-11,,Dropped,5,2024-01-04,,2,,No,,,Karan Shah,karan.shah.108@hotmail.com,9199867980,Indore,2023-08-09,Premium,Figma for Beginners,Design,INS012,Nisha Agarwal,5,Beginner,19,927,Disengaged
CRS045,LRN0254,ENR01773,2024-03-16,2024-03-26,,Dropped,6,2024-03-20,,1,,No,,,Karan Pandey,karan.pandey.254@hotmail.com,9410067626,Pune,2022-12-26,Basic,Photography & Lightroom,Design,INS013,Manish Verma,5,Advanced,13064,851,Disengaged
CRS005,LRN0106,ENR01028,2024-03-17,2024-04-26,,Not Started,0,,,2,,No,,,Karan Joshi,karan.joshi.106@yahoo.com,9779979955,Ahmedabad,2022-03-11,Basic,Node.js Backend Development,Web Development,INS007,Vikas Mehta,20,Beginner,119,,Disengaged
CRS059,LRN0189,ENR01870,2024-01-10,2024-03-30,2024-03-31,Completed,100,2024-03-31,65.06,2,5,Yes,81,1,Anita Nair,anita.nair.189@rediffmail.com,9358662961,Chennai,2022-09-10,Premium,Wearable App Development,Mobile Development,INS001,Rajiv Sharma,40,Intermediate,1398,840,Disengaged
CRS030,LRN0467,ENR00439,2024-02-06,2024-04-06,2024-03-23,Completed,100,,47.04,1,5,No,46,-14,Ananya Mishra,ananya.mishra.467@gmail.com,9262582739,Bengaluru,2022-04-13,Premium,3D Modelling with Blender,Design,INS004,Sunita Rao,30,Intermediate,4503,,Disengaged
CRS043,LRN0470,ENR01762,2024-01-01,2024-03-21,,In Progress,74,2024-01-23,,1,,No,,,Priya Shah,priya.shah.470@gmail.com,9456083318,Lucknow,2023-01-06,Premium,Leadership & Communication,Business,INS008,Kavita Reddy,40,Beginner,995,908,Disengaged
CRS006,LRN0412,ENR00572,2024-01-29,2024-02-08,,Dropped,10,2024-02-03,,1,,No,,,Amit Jain,amit.jain.412@rediffmail.com,9211175186,Lucknow,2022-06-13,Basic,HTML & CSS Mastery,Web Development,INS015,Unknown,5,Intermediate,2276,897,Disengaged
CRS003,LRN0088,ENR00898,2024-02-15,2024-03-06,,In Progress,51,2024-03-15,,2,,No,,,Varun Tiwari,varun.tiwari.88@gmail.com,9290422842,Surat,2022-01-27,Free,Deep Learning with TensorFlow,AI & ML,INS004,Sunita Rao,10,Advanced,13612,856,Disengaged
CRS020,LRN0487,ENR01572,2024-01-16,2024-01-26,,In Progress,29,2024-02-26,,1,,No,,,Amit Nair,amit.nair.487@yahoo.com,9988774924,Indore,2022-09-24,Free,SQL & Database Design,Data Science,INS013,Unknown,5,Advanced,8138,874,Disengaged
CRS034,LRN0128,ENR00031,2024-01-17,2024-02-06,,Dropped,26,2024-01-27,,1,,No,,,Megha Chauhan,megha.chauhan.128@rediffmail.com,9796275705,Pune,2022-10-09,Basic,Android Development Kotlin,Mobile Development,INS002,Meera Nair,10,Intermediate,3846,904,Disengaged
CRS035,LRN0345,ENR01676,2024-03-06,2024-05-25,,Dropped,22,2024-03-09,,2,,No,,,Siddharth Iyer,siddharth.iyer.345@outlook.com,9011848955,Hyderabad,2023-09-13,Enterprise,React Native Cross-Platform,Mobile Development,INS002,Meera Nair,40,Beginner,66,862,Disengaged
CRS028,LRN0408,ENR00153,2024-01-13,2024-02-22,2024-02-20,Completed,100,2024-02-20,88.06,1,3,Yes,38,-2,Deepak Malhotra,deepak.malhotra.408@gmail.com,9569998808,Ahmedabad,2023-04-13,Premium,Entrepreneurship 101,Business,INS006,Priya Singh,20,Beginner,394,880,Disengaged
CRS006,LRN0376,ENR01460,2024-03-06,2024-03-16,,Not Started,0,,,3,,No,,,Preeti Bose,preeti.bose.376@hotmail.com,9573065240,Chandigarh,2023-03-25,Basic,HTML & CSS Mastery,Web Development,INS015,Unknown,5,Intermediate,2276,,Disengaged
CRS034,LRN0108,ENR01192,2024-02-03,2024-02-23,2024-02-06,Completed,100,,51.37,1,5,No,3,-17,Karan Shah,karan.shah.108@hotmail.com,9199867980,Indore,2023-08-09,Premium,Android Development Kotlin,Mobile Development,INS002,Meera Nair,10,Intermediate,3846,,Disengaged
CRS014,LRN0175,ENR00450,2024-03-16,2024-04-15,,Dropped,20,2024-03-24,,1,,No,,,Priya Mukherjee,priya.mukherjee.175@rediffmail.com,9751830469,Mumbai,2022-03-16,Free,Google Cloud Fundamentals,Cloud Computing,INS002,Meera Nair,15,Beginner,67,847,Disengaged
CRS032,LRN0127,ENR01635,2024-02-01,2024-02-11,,In Progress,83,2024-02-29,,1,2,No,,,Mohit Pandey,mohit.pandey.127@outlook.com,9841616928,Kolkata,2022-04-16,Free,DevOps CI/CD Pipeline,Cloud Computing,INS003,Arjun Patel,5,Advanced,6723,871,Disengaged
CRS001,LRN0383,ENR01279,2024-01-17,2024-02-16,2024-02-13,Completed,100,2024-02-13,99.16,1,3,Yes,27,-3,Karan Mehta,karan.mehta.383@yahoo.com,9811386338,Lucknow,2023-10-03,Enterprise,Python for Data Science,Data Science,INS009,Suresh Gupta,15,Intermediate,2986,887,Disengaged
CRS045,LRN0383,ENR00980,2024-02-20,2024-03-01,2024-02-23,Completed,100,2024-02-23,73.06,1,5,Yes,3,-7,Karan Mehta,karan.mehta.383@yahoo.com,9811386338,Lucknow,2023-10-03,Enterprise,Photography & Lightroom,Design,INS013,Manish Verma,5,Advanced,13064,877,Disengaged
CRS056,LRN0197,ENR00661,2024-01-11,2024-03-11,2024-02-18,Completed,100,2024-02-18,97.15,1,3,Yes,38,-22,Arjun Desai,arjun.desai.197@yahoo.com,9807374167,Surat,2022-11-07,Free,NoSQL & MongoDB,Data Science,INS007,Vikas Mehta,30,Advanced,9660,882,Disengaged
CRS035,LRN0093,ENR01906,2024-01-12,2024-04-01,2024-03-20,Completed,100,2024-03-20,51.48,1,3,No,68,-12,Preeti Malhotra,preeti.malhotra.93@gmail.com,9367365766,Kolkata,2023-03-14,Basic,React Native Cross-Platform,Mobile Development,INS002,Meera Nair,40,Beginner,66,851,Disengaged
CRS027,LRN0291,ENR01524,2024-02-14,2024-03-15,2024-03-21,Completed,100,2024-03-21,78.25,1,2,Yes,36,6,Manish Bose,manish.bose.291@outlook.com,9561100225,Ahmedabad,2023-09-29,Free,Financial Modelling,Business,INS012,Nisha Agarwal,15,Advanced,6347,850,Disengaged
CRS049,LRN0088,ENR00253,2024-01-12,2024-02-21,2024-02-21,Completed,100,2024-02-21,46.61,2,3,No,40,0,Varun Tiwari,varun.tiwari.88@gmail.com,9290422842,Surat,2022-01-27,Free,Unity Game Development,Mobile Development,INS007,Vikas Mehta,20,Intermediate,2541,879,Disengaged
CRS044,LRN0088,ENR00677,2024-02-19,2024-05-09,2024-02-22,Completed,100,2024-02-22,81.34,1,1,Yes,3,-77,Varun Tiwari,varun.tiwari.88@gmail.com,9290422842,Surat,2022-01-27,Free,Adobe Illustrator Mastery,Design,INS010,Anjali Iyer,40,Intermediate,2240,878,Disengaged
CRS032,LRN0345,ENR01010,2024-02-25,2024-03-06,,Dropped,21,2024-03-04,,1,,No,,,Siddharth Iyer,siddharth.iyer.345@outlook.com,9011848955,Hyderabad,2023-09-13,Enterprise,DevOps CI/CD Pipeline,Cloud Computing,INS003,Arjun Patel,5,Advanced,6723,867,Disengaged
CRS042,LRN0079,ENR00089,2024-02-16,2024-02-26,2024-02-19,Completed,100,2024-02-19,51.76,1,4,No,3,-7,Aarav Rao,aarav.rao.79@rediffmail.com,9097439533,Chennai,2023-11-26,Premium,Operations Management,Business,INS001,Unknown,5,Advanced,6117,881,Disengaged
CRS035,LRN0328,ENR01632,2024-01-30,2024-04-19,,In Progress,66,2024-03-28,,1,,No,,,Reena Desai,reena.desai.328@hotmail.com,9282722992,Kolkata,2022-02-11,Free,React Native Cross-Platform,Mobile Development,INS002,Meera Nair,40,Beginner,66,843,Disengaged
CRS005,LRN0046,ENR00383,2024-01-23,2024-03-03,,Dropped,16,2024-01-30,,3,,No,,,Pooja Patel,pooja.patel.46@rediffmail.com,9719374529,Chandigarh,2022-04-28,Premium,Node.js Backend Development,Web Development,INS007,Vikas Mehta,20,Beginner,119,901,Disengaged
CRS014,LRN0021,ENR00474,2024-02-06,2024-03-07,,Dropped,3,2024-02-07,,1,3,No,,,Sachin Singh,sachin.singh.21@rediffmail.com,9219136193,Lucknow,2022-02-10,Basic,Google Cloud Fundamentals,Cloud Computing,INS002,Meera Nair,15,Beginner,67,893,Disengaged
CRS007,LRN0440,ENR00751,2024-02-15,2024-03-26,2024-02-29,Completed,100,2024-02-29,91.01,1,3,Yes,14,-26,Komal Sharma,komal.sharma.440@gmail.com,9986240580,Chandigarh,2023-07-28,Premium,Business Analytics Essentials,Business,INS003,Arjun Patel,20,Advanced,10604,871,Disengaged
CRS049,LRN0423,ENR01665,2024-02-22,2024-04-02,,In Progress,88,2024-03-31,,1,,No,,,Suresh Mukherjee,suresh.mukherjee.423@hotmail.com,9770272785,Indore,2023-02-28,Enterprise,Unity Game Development,Mobile Development,INS007,Vikas Mehta,20,Intermediate,2541,840,Disengaged
CRS023,LRN0288,ENR00678,2024-01-11,2024-03-31,2024-03-13,Completed,100,2024-03-13,65.31,1,3,Yes,62,-18,Reena Kumar,reena.kumar.288@yahoo.com,9411739348,Kolkata,2023-12-22,Basic,NLP with Python,AI & ML,INS006,Priya Singh,40,Advanced,6758,858,Disengaged
CRS049,LRN0175,ENR00100,2024-01-21,2024-03-01,2024-03-06,Completed,100,2024-03-06,74.7,1,3,Yes,45,5,Priya Mukherjee,priya.mukherjee.175@rediffmail.com,9751830469,Mumbai,2022-03-16,Free,Unity Game Development,Mobile Development,INS007,Vikas Mehta,20,Intermediate,2541,865,Disengaged
CRS011,LRN0407,ENR00796,2024-01-27,2024-02-06,,In Progress,61,2024-03-08,,1,,No,,,Siddharth Kapoor,siddharth.kapoor.407@hotmail.com,9312797573,Pune,2022-02-12,Basic,Figma for Beginners,Design,INS012,Nisha Agarwal,5,Beginner,19,863,Disengaged
CRS045,LRN0032,ENR01848,2024-01-26,2024-02-05,2024-02-04,Completed,100,2024-02-04,75.29,1,5,Yes,9,-1,Simran Agarwal,simran.agarwal.32@outlook.com,9556981693,Mumbai,2023-12-27,Basic,Photography & Lightroom,Design,INS013,Manish Verma,5,Advanced,13064,896,Disengaged
CRS006,LRN0332,ENR01243,2024-02-06,2024-02-16,2024-02-21,Completed,100,2024-02-21,75.01,1,1,Yes,15,5,Neha Joshi,neha.joshi.332@hotmail.com,9259136517,Ahmedabad,2022-08-04,Basic,HTML & CSS Mastery,Web Development,INS015,Unknown,5,Intermediate,2276,879,Disengaged
CRS051,LRN0033,ENR00770,2024-02-16,2024-05-06,,In Progress,79,2024-02-17,,1,,No,,,Ajay Mukherjee,ajay.mukherjee.33@outlook.com,9835615951,Jaipur,2022-11-13,Premium,MLOps & Model Deployment,AI & ML,INS015,Kiran Desai,40,Beginner,503,883,Disengaged
CRS011,LRN0017,ENR01693,2024-02-21,2024-03-02,2024-03-01,Completed,100,2024-03-01,47.15,1,5,No,9,-1,Rohan Desai,rohan.desai.17@hotmail.com,9106513338,Bengaluru,2023-03-09,Free,Figma for Beginners,Design,INS012,Nisha Agarwal,5,Beginner,19,870,Disengaged
CRS052,LRN0320,ENR00067,2024-02-03,2024-04-23,2024-02-21,Completed,100,2024-02-21,56.61,1,5,No,18,-62,Preeti Chatterjee,preeti.chatterjee.320@rediffmail.com,9821009968,Delhi,2022-11-09,Free,Svelte & SvelteKit,Web Development,INS005,Deepak Joshi,40,Intermediate,4129,879,Disengaged
CRS009,LRN0027,ENR01101,2024-01-09,2024-01-29,2024-01-12,Completed,100,2024-01-12,50.88,1,4,No,3,-17,Anita Reddy,anita.reddy.27@rediffmail.com,9680112805,Jaipur,2022-06-01,Basic,Digital Marketing Strategy,Business,INS004,Sunita Rao,10,Advanced,8712,919,Disengaged
CRS056,LRN0241,ENR00693,2024-02-19,2024-04-19,2024-03-31,Completed,100,2024-03-31,97.67,2,5,Yes,41,-19,Shalini Kumar,shalini.kumar.241@gmail.com,9210032365,Lucknow,2023-08-24,Free,NoSQL & MongoDB,Data Science,INS007,Vikas Mehta,30,Advanced,9660,840,Disengaged
CRS020,LRN0070,ENR01384,2024-03-08,2024-03-18,,Not Started,0,,,1,4,No,,,Sachin Mishra,sachin.mishra.70@hotmail.com,9044997278,Kolkata,2022-12-07,Basic,SQL & Database Design,Data Science,INS013,Unknown,5,Advanced,8138,,Disengaged
CRS013,LRN0299,ENR01542,2024-02-01,2024-04-21,,Dropped,26,2024-02-03,,2,,No,,,Rohan Das,rohan.das.299@gmail.com,9375899757,Delhi,2023-11-06,Free,AWS Solutions Architect,Cloud Computing,INS013,Manish Verma,40,Advanced,12685,897,Disengaged
CRS002,LRN0176,ENR00241,2024-03-15,2024-04-04,2024-03-31,Completed,100,2024-03-31,82.0,1,1,Yes,16,-4,Komal Malhotra,komal.malhotra.176@gmail.com,9837354033,Chandigarh,2023-05-06,Enterprise,Machine Learning Fundamentals,AI & ML,INS006,Priya Singh,10,Beginner,223,840,Disengaged
CRS008,LRN0031,ENR01915,2024-01-29,2024-04-18,,Not Started,0,,,1,,No,,,Karan Kapoor,karan.kapoor.31@yahoo.com,9458685014,Lucknow,2022-09-29,Free,Project Management Professional,Business,INS003,Arjun Patel,40,Intermediate,4049,,Disengaged
CRS008,LRN0065,ENR01705,2024-02-11,2024-05-01,,Not Started,0,,,1,,No,,,Amit Desai,amit.desai.65@hotmail.com,9125674680,Delhi,2022-11-19,Free,Project Management Professional,Business,INS003,Arjun Patel,40,Intermediate,4049,,Disengaged
CRS008,LRN0253,ENR01043,2024-01-11,2024-03-31,,In Progress,88,2024-02-23,,1,,No,,,Mohit Patel,mohit.patel.253@gmail.com,9513552157,Chennai,2022-08-03,Free,Project Management Professional,Business,INS003,Arjun Patel,40,Intermediate,4049,877,Disengaged
CRS043,LRN0086,ENR01692,2024-03-06,2024-05-25,,Dropped,0,2024-03-20,,1,,No,,,Anita Verma,anita.verma.86@yahoo.com,9351585064,Delhi,2023-04-11,Free,Leadership & Communication,Business,INS008,Kavita Reddy,40,Beginner,995,851,Disengaged
CRS036,LRN0134,ENR00732,2024-03-08,2024-03-28,,Dropped,1,2024-03-19,,1,,No,,,Pooja Bose,pooja.bose.134@rediffmail.com,9705895782,Delhi,2022-03-09,Basic,Advanced Python OOP,Data Science,INS006,Priya Singh,10,Advanced,7011,852,Disengaged
CRS058,LRN0498,ENR01728,2024-02-13,2024-03-14,2024-03-16,Completed,100,2024-03-16,76.63,1,1,Yes,32,2,Manish Rao,manish.rao.498@gmail.com,9796471589,Bhopal,2022-09-23,Free,Zero Trust Security,Cybersecurity,INS014,Pooja Mishra,15,Intermediate,4039,855,Disengaged
CRS046,LRN0298,ENR01196,2024-01-09,2024-02-18,,Dropped,11,2024-01-13,,2,,No,,,Sunita Agarwal,sunita.agarwal.298@rediffmail.com,9088019948,Hyderabad,2023-11-02,Premium,Terraform Infrastructure,Cloud Computing,INS013,Manish Verma,20,Beginner,300,918,Disengaged
CRS008,LRN0195,ENR01424,2024-01-06,2024-03-26,,Not Started,0,,,1,,No,,,Suresh Verma,suresh.verma.195@outlook.com,9569245937,Bengaluru,2023-02-12,Enterprise,Project Management Professional,Business,INS003,Arjun Patel,40,Intermediate,4049,,Disengaged
CRS015,LRN0124,ENR01004,2024-01-29,2024-02-08,,In Progress,44,2024-03-05,,2,,No,,,Sneha Kapoor,sneha.kapoor.124@hotmail.com,9952058527,Surat,2022-07-06,Premium,Azure Data Engineering,Cloud Computing,INS013,Manish Verma,5,Beginner,942,866,Disengaged
CRS030,LRN0017,ENR01456,2024-01-10,2024-03-10,,Dropped,20,2024-01-19,,1,4,No,,,Rohan Desai,rohan.desai.17@hotmail.com,9106513338,Bengaluru,2023-03-09,Free,3D Modelling with Blender,Design,INS004,Sunita Rao,30,Intermediate,4503,912,Disengaged
CRS028,LRN0097,ENR01501,2024-01-22,2024-03-02,2024-03-07,Completed,100,2024-03-07,78.44,1,1,Yes,45,5,Reena Pillai,reena.pillai.97@outlook.com,9809402445,Mumbai,2022-07-05,Premium,Entrepreneurship 101,Business,INS006,Priya Singh,20,Beginner,394,864,Disengaged
CRS019,LRN0348,ENR00504,2024-01-29,2024-03-29,2024-02-13,Completed,100,2024-02-13,68.87,1,2,Yes,15,-45,Varun Bose,varun.bose.348@gmail.com,9565880434,Pune,2023-11-21,Premium,iOS Development with Swift,Mobile Development,INS009,Suresh Gupta,30,Beginner,101,887,Disengaged
CRS031,LRN0004,ENR01453,2024-01-09,2024-01-19,2024-01-15,Completed,100,2024-01-15,96.86,1,1,Yes,6,-4,Vijay Kumar,vijay.kumar.4@gmail.com,9618495931,Surat,2022-08-22,Premium,Docker & Kubernetes,Cloud Computing,INS004,Sunita Rao,5,Intermediate,3781,916,Disengaged
CRS037,LRN0054,ENR00956,2024-01-01,2024-02-10,2024-01-31,Completed,100,2024-01-31,81.56,1,2,Yes,30,-10,Kavya Yadav,kavya.yadav.54@outlook.com,9135182337,Chandigarh,2023-08-27,Enterprise,Data Engineering with Spark,Data Science,INS004,Sunita Rao,20,Advanced,14534,900,Disengaged
CRS015,LRN0005,ENR00137,2024-01-03,2024-01-13,,Dropped,22,2024-01-13,,1,,No,,,Priya Chatterjee,priya.chatterjee.5@yahoo.com,9316475255,Surat,2022-10-01,Premium,Azure Data Engineering,Cloud Computing,INS013,Manish Verma,5,Beginner,942,918,Disengaged
CRS006,LRN0368,ENR00889,2024-02-19,2024-02-29,2024-03-01,Completed,100,2024-03-01,55.6,2,4,No,11,1,Ritika Chauhan,ritika.chauhan.368@hotmail.com,9846312241,Lucknow,2023-04-09,Free,HTML & CSS Mastery,Web Development,INS015,Unknown,5,Intermediate,2276,870,Disengaged
CRS043,LRN0206,ENR01123,2024-03-13,2024-06-01,,In Progress,58,2024-03-16,,1,,No,,,Deepak Pillai,deepak.pillai.206@rediffmail.com,9691557924,Lucknow,2022-03-28,Premium,Leadership & Communication,Business,INS008,Kavita Reddy,40,Beginner,995,855,Disengaged
CRS005,LRN0484,ENR00149,2024-03-17,2024-04-26,,In Progress,22,2024-03-29,,1,,No,,,Sachin Iyer,sachin.iyer.484@yahoo.com,9178847951,Ahmedabad,2022-03-31,Free,Node.js Backend Development,Web Development,INS007,Vikas Mehta,20,Beginner,119,842,Disengaged
CRS037,LRN0206,ENR01750,2024-02-01,2024-03-12,2024-02-11,Completed,100,2024-02-11,88.92,1,1,Yes,10,-30,Deepak Pillai,deepak.pillai.206@rediffmail.com,9691557924,Lucknow,2022-03-28,Premium,Data Engineering with Spark,Data Science,INS004,Sunita Rao,20,Advanced,14534,889,Disengaged
CRS045,LRN0417,ENR00277,2024-01-03,2024-01-13,2024-01-15,Completed,100,2024-01-15,88.09,1,1,Yes,12,2,Preeti Joshi,preeti.joshi.417@gmail.com,9795014556,Indore,2023-03-14,Premium,Photography & Lightroom,Design,INS013,Manish Verma,5,Advanced,13064,916,Disengaged
CRS041,LRN0313,ENR00151,2024-02-25,2024-03-26,2024-03-31,Completed,100,2024-03-31,48.07,1,4,No,35,5,Reena Iyer,reena.iyer.313@yahoo.com,9780157399,Mumbai,2023-11-30,Premium,GraphQL APIs,Web Development,INS002,Meera Nair,15,Intermediate,1945,840,Disengaged
CRS016,LRN0133,ENR01831,2024-02-14,2024-03-05,,In Progress,20,2024-03-11,,1,,No,,,Ravi Jain,ravi.jain.133@yahoo.com,9188442258,Delhi,2022-07-25,Premium,Ethical Hacking Basics,Cybersecurity,INS010,Unknown,10,Beginner,686,860,Disengaged
CRS051,LRN0249,ENR01438,2024-01-10,2024-03-30,2024-02-21,Completed,100,2024-02-21,89.16,1,3,Yes,42,-38,Ajay Nair,ajay.nair.249@gmail.com,9059325250,Bengaluru,2023-08-24,Premium,MLOps & Model Deployment,AI & ML,INS015,Kiran Desai,40,Beginner,503,879,Disengaged
CRS012,LRN0182,ENR00820,2024-02-25,2024-04-05,,Dropped,5,2024-03-03,,1,,No,,,Reena Mukherjee,reena.mukherjee.182@rediffmail.com,9770088600,Chandigarh,2022-10-09,Basic,Motion Graphics & Animation,Design,INS013,Manish Verma,20,Beginner,201,868,Disengaged
CRS012,LRN0047,ENR00632,2024-01-12,2024-02-21,2024-02-13,Completed,100,2024-02-13,79.46,1,2,Yes,32,-8,Rahul Chauhan,rahul.chauhan.47@rediffmail.com,9190496631,Chandigarh,2023-10-05,Free,Motion Graphics & Animation,Design,INS013,Manish Verma,20,Beginner,201,887,Disengaged
CRS048,LRN0335,ENR00273,2024-02-18,2024-02-28,,Dropped,5,2024-03-01,,1,,No,,,Komal Das,komal.das.335@gmail.com,9298425799,Hyderabad,2023-01-23,Basic,OSINT & Threat Intelligence,Cybersecurity,INS009,Suresh Gupta,5,Beginner,440,870,Disengaged
CRS025,LRN0163,ENR00121,2024-02-02,2024-03-13,2024-02-05,Completed,100,2024-02-05,74.8,1,2,Yes,3,-37,Shalini Malhotra,shalini.malhotra.163@gmail.com,9956878339,Jaipur,2023-04-03,Basic,Vue.js & Nuxt Development,Web Development,INS004,Sunita Rao,20,Beginner,779,895,Disengaged
CRS044,LRN0056,ENR00457,2024-01-07,2024-03-27,,In Progress,38,2024-01-21,,1,,No,,,Rohan Reddy,rohan.reddy.56@hotmail.com,9427109477,Kolkata,2022-07-08,Enterprise,Adobe Illustrator Mastery,Design,INS010,Anjali Iyer,40,Intermediate,2240,910,Disengaged
CRS011,LRN0477,ENR01222,2024-01-26,2024-02-05,2024-02-02,Completed,100,2024-02-02,50.98,1,1,No,7,-3,Shalini Mishra,shalini.mishra.477@yahoo.com,9063356939,Lucknow,2022-01-06,Basic,Figma for Beginners,Design,INS012,Nisha Agarwal,5,Beginner,19,898,Disengaged
CRS011,LRN0258,ENR00366,2024-01-02,2024-01-12,2024-01-10,Completed,100,2024-01-10,82.39,2,5,Yes,8,-2,Sunita Rao,sunita.rao.258@rediffmail.com,9872050614,Ahmedabad,2022-07-24,Free,Figma for Beginners,Design,INS012,Nisha Agarwal,5,Beginner,19,921,Disengaged
CRS054,LRN0273,ENR00685,2024-02-12,2024-03-23,,Dropped,11,2024-02-22,,1,5,No,,,Geeta Iyer,geeta.iyer.273@rediffmail.com,9007229034,Indore,2022-11-09,Premium,Product Management,Business,INS010,Anjali Iyer,20,Intermediate,4499,878,Disengaged
CRS019,LRN0393,ENR00448,2024-01-11,2024-03-11,2024-02-06,Completed,100,2024-02-06,81.27,1,2,Yes,26,-34,Preeti Pillai,preeti.pillai.393@gmail.com,9833146591,Surat,2023-02-28,Basic,iOS Development with Swift,Mobile Development,INS009,Suresh Gupta,30,Beginner,101,894,Disengaged
CRS007,LRN0345,ENR00068,2024-02-25,2024-04-05,,In Progress,60,2024-02-25,,1,,No,,,Siddharth Iyer,siddharth.iyer.345@outlook.com,9011848955,Hyderabad,2023-09-13,Enterprise,Business Analytics Essentials,Business,INS003,Arjun Patel,20,Advanced,10604,875,Disengaged
CRS059,LRN0139,ENR00352,2024-03-04,2024-05-23,,In Progress,19,2024-03-12,,1,,No,,,Kavya Shah,kavya.shah.139@hotmail.com,9396907844,Hyderabad,2023-12-03,Basic,Wearable App Development,Mobile Development,INS001,Rajiv Sharma,40,Intermediate,1398,859,Disengaged
CRS056,LRN0077,ENR00182,2024-02-20,2024-04-20,2024-03-12,Completed,100,2024-03-12,71.09,1,5,Yes,21,-39,Kavya Verma,kavya.verma.77@rediffmail.com,9407482175,Chennai,2023-10-17,Enterprise,NoSQL & MongoDB,Data Science,INS007,Vikas Mehta,30,Advanced,9660,859,Disengaged
CRS039,LRN0352,ENR01231,2024-02-26,2024-05-16,2024-03-31,Completed,100,2024-03-31,92.66,1,5,Yes,34,-46,Ajay Bose,ajay.bose.352@gmail.com,9678085627,Chandigarh,2023-06-15,Basic,Transformer Models & LLMs,AI & ML,INS008,Kavita Reddy,40,Advanced,12938,840,Disengaged
CRS027,LRN0003,ENR00673,2024-01-27,2024-02-26,2024-02-17,Completed,100,2024-02-17,81.15,1,4,Yes,21,-9,Suresh Mishra,suresh.mishra.3@rediffmail.com,9235116155,Chennai,2022-02-14,Premium,Financial Modelling,Business,INS012,Nisha Agarwal,15,Advanced,6347,883,Disengaged
CRS025,LRN0441,ENR00518,2024-01-03,2024-02-12,,In Progress,59,2024-01-09,,1,,No,,,Ravi Kumar,ravi.kumar.441@hotmail.com,9403696566,Pune,2023-07-13,Free,Vue.js & Nuxt Development,Web Development,INS004,Sunita Rao,20,Beginner,779,922,Disengaged
CRS014,LRN0450,ENR01482,2024-02-24,2024-03-25,2024-03-29,Completed,100,,83.43,1,1,Yes,34,4,Aditya Tiwari,aditya.tiwari.450@yahoo.com,9129276637,Hyderabad,2023-08-15,Premium,Google Cloud Fundamentals,Cloud Computing,INS002,Meera Nair,15,Beginner,67,,Disengaged
CRS051,LRN0124,ENR00691,2024-01-23,2024-04-12,,Not Started,0,,,1,,No,,,Sneha Kapoor,sneha.kapoor.124@hotmail.com,9952058527,Surat,2022-07-06,Premium,MLOps & Model Deployment,AI & ML,INS015,Kiran Desai,40,Beginner,503,,Disengaged
CRS017,LRN0449,ENR00046,2024-02-03,2024-02-23,,In Progress,31,2024-03-01,,1,,No,,,Kavya Sharma,kavya.sharma.449@yahoo.com,9192927524,Ahmedabad,2022-07-05,Premium,Network Security Essentials,Cybersecurity,INS002,Meera Nair,10,Advanced,14498,870,Disengaged
CRS005,LRN0260,ENR00708,2024-02-04,2024-03-15,,In Progress,78,,,2,,No,,,Deepak Pandey,deepak.pandey.260@rediffmail.com,9270477434,Mumbai,2022-06-04,Premium,Node.js Backend Development,Web Development,INS007,Vikas Mehta,20,Beginner,119,,Disengaged
CRS033,LRN0071,ENR00928,2024-02-10,2024-03-21,2024-03-24,Completed,100,2024-03-24,79.89,1,5,Yes,43,3,Vijay Srivastava,vijay.srivastava.71@outlook.com,9753396360,Chandigarh,2023-04-30,Premium,Penetration Testing,Cybersecurity,INS007,Vikas Mehta,20,Advanced,6392,847,Disengaged
CRS007,LRN0473,ENR00967,2024-02-28,2024-04-08,2024-03-15,Completed,100,2024-03-15,58.28,3,1,No,16,-24,Pooja Malhotra,pooja.malhotra.473@outlook.com,9799563531,Hyderabad,2022-04-11,Free,Business Analytics Essentials,Business,INS003,Arjun Patel,20,Advanced,10604,856,Disengaged
CRS012,LRN0338,ENR01662,2024-01-15,2024-02-24,,In Progress,28,,,1,,No,,,Nikhil Bose,nikhil.bose.338@yahoo.com,9659916247,Bhopal,2022-03-27,Free,Motion Graphics & Animation,Design,INS013,Manish Verma,20,Beginner,201,,Disengaged
CRS013,LRN0039,ENR00892,2024-01-24,2024-04-13,,Dropped,14,2024-02-05,,1,,No,,,Sachin Agarwal,sachin.agarwal.39@hotmail.com,9872774348,Surat,2022-09-02,Free,AWS Solutions Architect,Cloud Computing,INS013,Manish Verma,40,Advanced,12685,895,Disengaged
CRS037,LRN0012,ENR01761,2024-02-22,2024-04-02,,In Progress,63,2024-02-24,,1,,No,,,Vivaan Kumar,vivaan.kumar.12@gmail.com,9543039117,Indore,2023-06-30,Premium,Data Engineering with Spark,Data Science,INS004,Sunita Rao,20,Advanced,14534,876,Disengaged
CRS004,LRN0023,ENR00156,2024-01-17,2024-03-17,2024-03-07,Completed,100,2024-03-07,73.22,1,3,Yes,50,-10,Shalini Tiwari,shalini.tiwari.23@rediffmail.com,9107991183,Chennai,2022-05-16,Enterprise,React.js Complete Guide,Web Development,INS014,Pooja Mishra,30,Advanced,6867,864,Disengaged
CRS018,LRN0383,ENR00430,2024-02-10,2024-03-11,,In Progress,59,2024-03-19,,1,,No,,,Karan Mehta,karan.mehta.383@yahoo.com,9811386338,Lucknow,2023-10-03,Enterprise,Flutter App Development,Mobile Development,INS006,Priya Singh,15,Beginner,875,852,Disengaged
CRS037,LRN0276,ENR01374,2024-03-10,2024-04-19,,In Progress,79,2024-03-27,,3,,No,,,Neha Iyer,neha.iyer.276@outlook.com,9309652074,Pune,2023-02-19,Basic,Data Engineering with Spark,Data Science,INS004,Sunita Rao,20,Advanced,14534,844,Disengaged
CRS010,LRN0046,ENR00122,2024-02-09,2024-02-29,,Not Started,0,,,1,3,No,,,Pooja Patel,pooja.patel.46@rediffmail.com,9719374529,Chandigarh,2022-04-28,Premium,UI/UX Design Principles,Design,INS005,Deepak Joshi,10,Beginner,133,,Disengaged
CRS060,LRN0451,ENR00756,2024-01-15,2024-02-14,,Dropped,31,2024-01-15,,1,,No,,,Kavya Kapoor,kavya.kapoor.451@yahoo.com,9102767478,Pune,2023-12-01,Premium,Bayesian Statistics,Data Science,INS006,Unknown,15,Intermediate,1231,916,Disengaged
CRS043,LRN0426,ENR00208,2024-01-22,2024-04-11,,Dropped,26,2024-01-22,,1,,No,,,Anita Das,anita.das.426@gmail.com,9438421503,Ahmedabad,2023-06-03,Free,Leadership & Communication,Business,INS008,Kavita Reddy,40,Beginner,995,909,Disengaged
CRS057,LRN0014,ENR01926,2024-02-24,2024-03-05,2024-03-15,Completed,100,2024-03-15,87.15,1,5,Yes,20,10,Manish Verma,manish.verma.14@rediffmail.com,9871331509,Hyderabad,2023-08-26,Free,Microservices Architecture,Cloud Computing,INS006,Priya Singh,5,Beginner,604,856,Disengaged
CRS018,LRN0359,ENR00872,2024-02-01,2024-03-02,,Not Started,0,,,1,,No,,,Rahul Shah,rahul.shah.359@yahoo.com,9569961125,Kolkata,2022-11-21,Premium,Flutter App Development,Mobile Development,INS006,Priya Singh,15,Beginner,875,,Disengaged
CRS016,LRN0149,ENR01971,2024-02-16,2024-03-07,,In Progress,14,2024-03-14,,1,2,No,,,Geeta Rao,geeta.rao.149@rediffmail.com,9409749930,Ahmedabad,2022-06-24,Basic,Ethical Hacking Basics,Cybersecurity,INS010,Unknown,10,Beginner,686,857,Disengaged
CRS006,LRN0213,ENR01067,2024-03-03,2024-03-13,,Dropped,9,2024-03-08,,1,,No,,,Ishaan Das,ishaan.das.213@outlook.com,9309584982,Chandigarh,2022-10-27,Free,HTML & CSS Mastery,Web Development,INS015,Unknown,5,Intermediate,2276,863,Disengaged
CRS016,LRN0495,ENR00795,2024-02-05,2024-02-25,,In Progress,51,2024-02-08,,1,,No,,,Ajay Tiwari,ajay.tiwari.495@rediffmail.com,9196106462,Ahmedabad,2023-12-29,Basic,Ethical Hacking Basics,Cybersecurity,INS010,Unknown,10,Beginner,686,892,Disengaged
CRS004,LRN0234,ENR01979,2024-02-03,2024-04-03,,In Progress,64,2024-03-09,,1,,No,,,Shreya Malhotra,shreya.malhotra.234@yahoo.com,9937597383,Mumbai,2023-02-24,Free,React.js Complete Guide,Web Development,INS014,Pooja Mishra,30,Advanced,6867,862,Disengaged
CRS013,LRN0086,ENR01804,2024-03-03,2024-05-22,,In Progress,28,2024-03-26,,2,,No,,,Anita Verma,anita.verma.86@yahoo.com,9351585064,Delhi,2023-04-11,Free,AWS Solutions Architect,Cloud Computing,INS013,Manish Verma,40,Advanced,12685,845,Disengaged
CRS015,LRN0494,ENR01388,2024-01-25,2024-02-04,,Dropped,1,2024-02-06,,1,,No,,,Ishaan Malhotra,ishaan.malhotra.494@rediffmail.com,9767426629,Delhi,2022-05-28,Free,Azure Data Engineering,Cloud Computing,INS013,Manish Verma,5,Beginner,942,894,Disengaged
CRS025,LRN0369,ENR00937,2024-02-11,2024-03-22,,In Progress,87,2024-03-07,,1,,No,,,Reena Nair,reena.nair.369@outlook.com,9350208021,Chennai,2022-05-09,Premium,Vue.js & Nuxt Development,Web Development,INS004,Sunita Rao,20,Beginner,779,864,Disengaged
CRS032,LRN0456,ENR01733,2024-02-12,2024-02-22,,In Progress,54,2024-03-19,,1,,No,,,Simran Patel,simran.patel.456@hotmail.com,9692124471,Chennai,2023-03-14,Premium,DevOps CI/CD Pipeline,Cloud Computing,INS003,Arjun Patel,5,Advanced,6723,852,Disengaged
CRS005,LRN0022,ENR01025,2024-02-18,2024-03-29,2024-03-02,Completed,100,2024-03-02,70.34,1,4,Yes,13,-27,Geeta Desai,geeta.desai.22@hotmail.com,9998543534,Bengaluru,2023-11-19,Basic,Node.js Backend Development,Web Development,INS007,Vikas Mehta,20,Beginner,119,869,Disengaged
CRS040,LRN0011,ENR00215,2024-01-16,2024-02-15,2024-02-07,Completed,100,2024-02-07,86.65,1,1,Yes,22,-8,Arjun Iyer,arjun.iyer.11@rediffmail.com,9148932528,Mumbai,2023-09-06,Basic,TypeScript Advanced,Web Development,INS009,Suresh Gupta,15,Beginner,786,893,Disengaged
CRS017,LRN0497,ENR01703,2024-01-17,2024-02-06,,In Progress,60,2024-01-22,,1,,No,,,Aarav Patel,aarav.patel.497@gmail.com,9447146273,Delhi,2022-10-11,Basic,Network Security Essentials,Cybersecurity,INS002,Meera Nair,10,Advanced,14498,909,Disengaged
CRS054,LRN0269,ENR01889,2024-01-19,2024-02-28,,In Progress,20,2024-03-12,,3,,No,,,Geeta Malhotra,geeta.malhotra.269@hotmail.com,9785082148,Bengaluru,2023-06-21,Premium,Product Management,Business,INS010,Anjali Iyer,20,Intermediate,4499,859,Disengaged
CRS058,LRN0217,ENR01324,2024-02-09,2024-03-10,,In Progress,66,2024-03-03,,1,,No,,,Amit Das,amit.das.217@gmail.com,9458929750,Delhi,2023-10-04,Premium,Zero Trust Security,Cybersecurity,INS014,Pooja Mishra,15,Intermediate,4039,868,Disengaged
CRS039,LRN0075,ENR00954,2024-02-13,2024-05-03,,In Progress,30,2024-03-31,,2,,No,,,Sneha Verma,sneha.verma.75@hotmail.com,9240050455,Bengaluru,2022-09-08,Basic,Transformer Models & LLMs,AI & ML,INS008,Kavita Reddy,40,Advanced,12938,840,Disengaged
CRS055,LRN0121,ENR00649,2024-01-27,2024-02-06,,In Progress,29,2024-02-27,,1,,No,,,Ananya Gupta,ananya.gupta.121@gmail.com,9369711798,Surat,2023-06-12,Basic,Motion UI Design,Design,INS009,Suresh Gupta,5,Intermediate,3026,873,Disengaged
CRS044,LRN0218,ENR00299,2024-03-06,2024-05-25,,Not Started,0,,,1,,No,,,Shalini Sharma,shalini.sharma.218@yahoo.com,9127706324,Bhopal,2022-10-08,Free,Adobe Illustrator Mastery,Design,INS010,Anjali Iyer,40,Intermediate,2240,,Disengaged
CRS060,LRN0092,ENR00621,2024-01-02,2024-02-01,2024-01-20,Completed,100,2024-01-20,73.93,1,3,Yes,18,-12,Komal Reddy,komal.reddy.92@gmail.com,9569847896,Indore,2023-12-20,Free,Bayesian Statistics,Data Science,INS006,Unknown,15,Intermediate,1231,911,Disengaged
CRS004,LRN0357,ENR00205,2024-03-07,2024-05-06,,In Progress,23,,,1,,No,,,Nikhil Das,nikhil.das.357@outlook.com,9175455884,Mumbai,2023-02-26,Free,React.js Complete Guide,Web Development,INS014,Pooja Mishra,30,Advanced,6867,,Disengaged
CRS021,LRN0257,ENR00704,2024-03-07,2024-03-27,2024-03-31,Completed,100,2024-03-31,80.66,2,4,Yes,24,4,Rekha Joshi,rekha.joshi.257@outlook.com,9015336884,Chennai,2022-09-01,Free,Power BI & Tableau,Data Science,INS005,Deepak Joshi,10,Advanced,6616,840,Disengaged
CRS019,LRN0134,ENR01719,2024-01-27,2024-03-27,2024-02-20,Completed,100,2024-02-20,71.86,1,2,Yes,24,-36,Pooja Bose,pooja.bose.134@rediffmail.com,9705895782,Delhi,2022-03-09,Basic,iOS Development with Swift,Mobile Development,INS009,Suresh Gupta,30,Beginner,101,880,Disengaged
CRS027,LRN0212,ENR01815,2024-01-04,2024-02-03,,In Progress,83,2024-02-21,,1,,No,,,Aditya Verma,aditya.verma.212@rediffmail.com,9451713395,Surat,2023-03-15,Free,Financial Modelling,Business,INS012,Nisha Agarwal,15,Advanced,6347,879,Disengaged
CRS019,LRN0284,ENR00075,2024-01-05,2024-03-05,,In Progress,75,2024-03-07,,1,,No,,,Shreya Joshi,shreya.joshi.284@hotmail.com,9104478985,Surat,2022-05-18,Basic,iOS Development with Swift,Mobile Development,INS009,Suresh Gupta,30,Beginner,101,864,Disengaged
CRS041,LRN0102,ENR00576,2024-01-12,2024-02-11,,Not Started,0,,,2,,No,,,Deepak Reddy,deepak.reddy.102@hotmail.com,9388516060,Delhi,2022-11-17,Basic,GraphQL APIs,Web Development,INS002,Meera Nair,15,Intermediate,1945,,Disengaged
CRS012,LRN0008,ENR01423,2024-01-30,2024-03-10,2024-02-02,Completed,100,2024-02-02,45.9,1,4,No,3,-37,Divya Yadav,divya.yadav.8@yahoo.com,9884969653,Jaipur,2023-05-21,Free,Motion Graphics & Animation,Design,INS013,Manish Verma,20,Beginner,201,898,Disengaged
CRS055,LRN0325,ENR00775,2024-01-29,2024-02-08,,Dropped,9,2024-02-10,,1,,No,,,Anita Pandey,anita.pandey.325@rediffmail.com,9478129142,Hyderabad,2022-09-27,Premium,Motion UI Design,Design,INS009,Suresh Gupta,5,Intermediate,3026,890,Disengaged
CRS016,LRN0451,ENR01934,2024-01-22,2024-02-11,,In Progress,55,2024-03-17,,1,,No,,,Kavya Kapoor,kavya.kapoor.451@yahoo.com,9102767478,Pune,2023-12-01,Premium,Ethical Hacking Basics,Cybersecurity,INS010,Unknown,10,Beginner,686,854,Disengaged
CRS021,LRN0279,ENR01751,2024-02-25,2024-03-16,2024-03-09,Completed,100,2024-03-09,69.77,1,3,Yes,13,-7,Suresh Pandey,suresh.pandey.279@rediffmail.com,9494717099,Delhi,2023-04-29,Premium,Power BI & Tableau,Data Science,INS005,Deepak Joshi,10,Advanced,6616,862,Disengaged
CRS025,LRN0421,ENR01752,2024-01-31,2024-03-11,,In Progress,33,2024-03-07,,1,,No,,,Ishaan Bose,ishaan.bose.421@yahoo.com,9966055830,Chandigarh,2022-10-16,Free,Vue.js & Nuxt Development,Web Development,INS004,Sunita Rao,20,Beginner,779,864,Disengaged
CRS035,LRN0429,ENR01351,2024-03-05,2024-05-24,,In Progress,75,,,1,,No,,,Ishaan Tiwari,ishaan.tiwari.429@yahoo.com,9334485714,Bengaluru,2022-10-08,Free,React Native Cross-Platform,Mobile Development,INS002,Meera Nair,40,Beginner,66,,Disengaged
CRS025,LRN0196,ENR01029,2024-02-08,2024-03-19,2024-02-23,Completed,100,2024-02-23,71.8,1,2,Yes,15,-25,Megha Malhotra,megha.malhotra.196@rediffmail.com,9793564651,Hyderabad,2023-08-30,Enterprise,Vue.js & Nuxt Development,Web Development,INS004,Sunita Rao,20,Beginner,779,877,Disengaged
CRS054,LRN0330,ENR00927,2024-01-29,2024-03-09,,In Progress,38,2024-01-31,,1,,No,,,Ajay Shah,ajay.shah.330@rediffmail.com,9449892665,Surat,2022-03-21,Basic,Product Management,Business,INS010,Anjali Iyer,20,Intermediate,4499,900,Disengaged
CRS058,LRN0471,ENR00857,2024-01-20,2024-02-19,,In Progress,38,2024-03-06,,1,,No,,,Varun Verma,varun.verma.471@yahoo.com,9340312772,Surat,2022-02-14,Free,Zero Trust Security,Cybersecurity,INS014,Pooja Mishra,15,Intermediate,4039,865,Disengaged
CRS059,LRN0376,ENR00055,2024-03-13,2024-06-01,2024-03-16,Completed,100,2024-03-16,89.09,1,1,Yes,3,-77,Preeti Bose,preeti.bose.376@hotmail.com,9573065240,Chandigarh,2023-03-25,Basic,Wearable App Development,Mobile Development,INS001,Rajiv Sharma,40,Intermediate,1398,855,Disengaged
CRS055,LRN0362,ENR01599,2024-02-03,2024-02-13,2024-02-12,Completed,100,2024-02-12,60.68,1,3,Yes,9,-1,Ajay Kapoor,ajay.kapoor.362@yahoo.com,9114921643,Chandigarh,2022-10-18,Basic,Motion UI Design,Design,INS009,Suresh Gupta,5,Intermediate,3026,888,Disengaged
CRS027,LRN0181,ENR00029,2024-03-11,2024-04-10,,Dropped,1,2024-03-18,,1,,No,,,Karan Das,karan.das.181@rediffmail.com,9006231203,Ahmedabad,2023-01-18,Free,Financial Modelling,Business,INS012,Nisha Agarwal,15,Advanced,6347,853,Disengaged
CRS015,LRN0367,ENR01856,2024-02-29,2024-03-10,2024-03-08,Completed,100,2024-03-08,50.82,1,5,No,8,-2,Rekha Srivastava,rekha.srivastava.367@rediffmail.com,9326634163,Indore,2023-09-20,Premium,Azure Data Engineering,Cloud Computing,INS013,Manish Verma,5,Beginner,942,863,Disengaged
CRS002,LRN0224,ENR00078,2024-01-21,2024-02-10,2024-01-28,Completed,100,2024-01-28,70.81,1,5,Yes,7,-13,Sunita Chauhan,sunita.chauhan.224@rediffmail.com,9037613791,Mumbai,2023-01-05,Enterprise,Machine Learning Fundamentals,AI & ML,INS006,Priya Singh,10,Beginner,223,903,Disengaged
CRS035,LRN0208,ENR01102,2024-01-14,2024-04-03,2024-03-24,Completed,100,2024-03-24,96.68,2,2,Yes,70,-10,Arjun Nair,arjun.nair.208@hotmail.com,9828274225,Lucknow,2022-02-24,Premium,React Native Cross-Platform,Mobile Development,INS002,Meera Nair,40,Beginner,66,847,Disengaged
CRS027,LRN0498,ENR00777,2024-03-01,2024-03-31,,In Progress,48,2024-03-05,,1,,No,,,Manish Rao,manish.rao.498@gmail.com,9796471589,Bhopal,2022-09-23,Free,Financial Modelling,Business,INS012,Nisha Agarwal,15,Advanced,6347,866,Disengaged
CRS043,LRN0470,ENR00219,2024-02-01,2024-04-21,,Dropped,14,2024-02-12,,1,,No,,,Priya Shah,priya.shah.470@gmail.com,9456083318,Lucknow,2023-01-06,Premium,Leadership & Communication,Business,INS008,Kavita Reddy,40,Beginner,995,888,Disengaged
CRS028,LRN0256,ENR00903,2024-02-25,2024-04-05,,Not Started,0,,,1,,No,,,Rahul Banerjee,rahul.banerjee.256@gmail.com,9621815997,Pune,2023-11-01,Free,Entrepreneurship 101,Business,INS006,Priya Singh,20,Beginner,394,,Disengaged
CRS034,LRN0339,ENR00454,2024-02-27,2024-03-18,2024-03-01,Completed,100,2024-03-01,95.98,1,4,Yes,3,-17,Kavya Mehta,kavya.mehta.339@outlook.com,9009818063,Pune,2023-01-06,Free,Android Development Kotlin,Mobile Development,INS002,Meera Nair,10,Intermediate,3846,870,Disengaged
CRS006,LRN0226,ENR01244,2024-02-15,2024-02-25,,Not Started,0,,,1,,No,,,Rohan Bose,rohan.bose.226@rediffmail.com,9684866618,Lucknow,2022-06-06,Free,HTML & CSS Mastery,Web Development,INS015,Unknown,5,Intermediate,2276,,Disengaged
CRS023,LRN0321,ENR01792,2024-02-10,2024-04-30,2024-02-21,Completed,100,2024-02-21,70.87,1,4,Yes,11,-69,Ravi Mehta,ravi.mehta.321@gmail.com,9682223943,Bengaluru,2023-11-19,Premium,NLP with Python,AI & ML,INS006,Priya Singh,40,Advanced,6758,879,Disengaged
CRS010,LRN0023,ENR00840,2024-01-19,2024-02-08,,In Progress,64,2024-02-21,,1,,No,,,Shalini Tiwari,shalini.tiwari.23@rediffmail.com,9107991183,Chennai,2022-05-16,Enterprise,UI/UX Design Principles,Design,INS005,Deepak Joshi,10,Beginner,133,879,Disengaged
CRS009,LRN0182,ENR00495,2024-02-29,2024-03-20,,Dropped,17,2024-03-07,,1,,No,,,Reena Mukherjee,reena.mukherjee.182@rediffmail.com,9770088600,Chandigarh,2022-10-09,Basic,Digital Marketing Strategy,Business,INS004,Sunita Rao,10,Advanced,8712,864,Disengaged
CRS054,LRN0092,ENR01170,2024-02-05,2024-03-16,2024-02-08,Completed,100,2024-02-08,70.61,2,1,Yes,3,-37,Komal Reddy,komal.reddy.92@gmail.com,9569847896,Indore,2023-12-20,Free,Product Management,Business,INS010,Anjali Iyer,20,Intermediate,4499,892,Disengaged
CRS002,LRN0335,ENR00941,2024-02-08,2024-02-28,,Dropped,7,2024-02-22,,1,,No,,,Komal Das,komal.das.335@gmail.com,9298425799,Hyderabad,2023-01-23,Basic,Machine Learning Fundamentals,AI & ML,INS006,Priya Singh,10,Beginner,223,878,Disengaged
CRS021,LRN0418,ENR01066,2024-02-24,2024-03-15,,In Progress,33,2024-03-31,,1,,No,,,Karan Chauhan,karan.chauhan.418@yahoo.com,9721458683,Lucknow,2022-03-01,Free,Power BI & Tableau,Data Science,INS005,Deepak Joshi,10,Advanced,6616,840,Disengaged
CRS024,LRN0161,ENR00386,2024-01-11,2024-02-10,,In Progress,67,2024-03-15,,1,,No,,,Aarav Mishra,aarav.mishra.161@outlook.com,9637454990,Surat,2023-01-04,Premium,Computer Vision,AI & ML,INS003,Arjun Patel,15,Intermediate,1877,856,Disengaged
CRS049,LRN0215,ENR01164,2024-01-17,2024-02-26,2024-02-27,Completed,100,2024-02-27,91.48,1,1,Yes,41,1,Sunita Nair,sunita.nair.215@rediffmail.com,9294667116,Chandigarh,2022-10-12,Premium,Unity Game Development,Mobile Development,INS007,Vikas Mehta,20,Intermediate,2541,873,Disengaged
CRS002,LRN0116,ENR01489,2024-01-01,2024-01-21,2024-01-25,Completed,100,2024-01-25,65.73,2,2,Yes,24,4,Nikhil Banerjee,nikhil.banerjee.116@hotmail.com,9359774688,Bengaluru,2022-07-24,Premium,Machine Learning Fundamentals,AI & ML,INS006,Priya Singh,10,Beginner,223,906,Disengaged
CRS018,LRN0427,ENR00618,2024-01-19,2024-02-18,,Dropped,28,2024-01-27,,1,,No,,,Nikhil Malhotra,nikhil.malhotra.427@hotmail.com,9845218230,Pune,2024-01-01,Premium,Flutter App Development,Mobile Development,INS006,Priya Singh,15,Beginner,875,904,Disengaged
CRS055,LRN0402,ENR00251,2024-03-05,2024-03-15,2024-03-15,Completed,100,2024-03-15,88.83,1,5,Yes,10,0,Simran Tiwari,simran.tiwari.402@outlook.com,9782329832,Chandigarh,2023-12-24,Premium,Motion UI Design,Design,INS009,Suresh Gupta,5,Intermediate,3026,856,Disengaged
CRS013,LRN0268,ENR01216,2024-03-15,2024-06-03,,Not Started,0,,,1,,No,,,Sneha Chatterjee,sneha.chatterjee.268@yahoo.com,9324754691,Ahmedabad,2022-08-05,Enterprise,AWS Solutions Architect,Cloud Computing,INS013,Manish Verma,40,Advanced,12685,,Disengaged
CRS020,LRN0295,ENR00193,2024-03-16,2024-03-26,2024-03-31,Completed,100,2024-03-31,82.67,1,1,Yes,15,5,Varun Desai,varun.desai.295@hotmail.com,9588916375,Bengaluru,2023-07-26,Premium,SQL & Database Design,Data Science,INS013,Unknown,5,Advanced,8138,840,Disengaged
CRS035,LRN0012,ENR01538,2024-01-02,2024-03-22,,In Progress,49,2024-03-21,,1,,No,,,Vivaan Kumar,vivaan.kumar.12@gmail.com,9543039117,Indore,2023-06-30,Premium,React Native Cross-Platform,Mobile Development,INS002,Meera Nair,40,Beginner,66,850,Disengaged
CRS042,LRN0416,ENR01458,2024-01-19,2024-01-29,,Dropped,29,2024-01-27,,1,,No,,,Ravi Gupta,ravi.gupta.416@hotmail.com,9209945101,Bengaluru,2022-06-15,Premium,Operations Management,Business,INS001,Unknown,5,Advanced,6117,904,Disengaged
CRS018,LRN0242,ENR00322,2024-01-13,2024-02-12,,In Progress,72,2024-02-14,,1,,No,,,Karan Sharma,karan.sharma.242@gmail.com,9137215107,Bengaluru,2023-08-11,Basic,Flutter App Development,Mobile Development,INS006,Priya Singh,15,Beginner,875,886,Disengaged
CRS021,LRN0490,ENR00581,2024-01-15,2024-02-04,2024-02-04,Completed,100,2024-02-04,83.77,1,4,Yes,20,0,Rahul Reddy,rahul.reddy.490@gmail.com,9410672752,Chandigarh,2023-07-14,Enterprise,Power BI & Tableau,Data Science,INS005,Deepak Joshi,10,Advanced,6616,896,Disengaged
CRS035,LRN0473,ENR00255,2024-03-03,2024-05-22,2024-03-31,Completed,100,2024-03-31,63.3,1,5,Yes,28,-52,Pooja Malhotra,pooja.malhotra.473@outlook.com,9799563531,Hyderabad,2022-04-11,Free,React Native Cross-Platform,Mobile Development,INS002,Meera Nair,40,Beginner,66,840,Disengaged
CRS018,LRN0041,ENR01740,2024-02-13,2024-03-14,,In Progress,89,2024-02-14,,1,,No,,,Geeta Tiwari,geeta.tiwari.41@rediffmail.com,9876036690,Pune,2023-05-04,Free,Flutter App Development,Mobile Development,INS006,Priya Singh,15,Beginner,875,886,Disengaged
CRS026,LRN0233,ENR01534,2024-03-16,2024-03-26,,Dropped,17,2024-03-27,,1,,No,,,Ajay Gupta,ajay.gupta.233@gmail.com,9617445187,Kolkata,2022-07-25,Free,Full Stack Django,Web Development,INS008,Kavita Reddy,5,Advanced,10918,844,Disengaged
CRS030,LRN0362,ENR00048,2024-02-25,2024-04-25,2024-03-31,Completed,100,2024-03-31,47.24,1,5,No,35,-25,Ajay Kapoor,ajay.kapoor.362@yahoo.com,9114921643,Chandigarh,2022-10-18,Basic,3D Modelling with Blender,Design,INS004,Sunita Rao,30,Intermediate,4503,840,Disengaged
CRS037,LRN0357,ENR01583,2024-03-08,2024-04-17,,In Progress,79,2024-03-23,,1,,No,,,Nikhil Das,nikhil.das.357@outlook.com,9175455884,Mumbai,2023-02-26,Free,Data Engineering with Spark,Data Science,INS004,Sunita Rao,20,Advanced,14534,848,Disengaged
CRS037,LRN0099,ENR00670,2024-02-03,2024-03-14,,Not Started,0,,,1,,No,,,Nisha Pillai,nisha.pillai.99@hotmail.com,9102290147,Ahmedabad,2023-09-14,Basic,Data Engineering with Spark,Data Science,INS004,Sunita Rao,20,Advanced,14534,,Disengaged
CRS041,LRN0171,ENR01936,2024-03-05,2024-04-04,,Dropped,33,2024-03-10,,1,,No,,,Ishaan Kapoor,ishaan.kapoor.171@outlook.com,9028439599,Hyderabad,2022-11-06,Premium,GraphQL APIs,Web Development,INS002,Meera Nair,15,Intermediate,1945,861,Disengaged
CRS003,LRN0464,ENR00015,2024-01-26,2024-02-15,2024-01-29,Completed,100,2024-01-29,46.6,1,3,No,3,-17,Komal Yadav,komal.yadav.464@yahoo.com,9102707903,Mumbai,2022-06-26,Basic,Deep Learning with TensorFlow,AI & ML,INS004,Sunita Rao,10,Advanced,13612,902,Disengaged
CRS058,LRN0287,ENR01357,2024-03-05,2024-04-04,2024-03-25,Completed,100,2024-03-25,76.82,3,4,Yes,20,-10,Preeti Mishra,preeti.mishra.287@rediffmail.com,9723046184,Lucknow,2023-12-19,Free,Zero Trust Security,Cybersecurity,INS014,Pooja Mishra,15,Intermediate,4039,846,Disengaged
CRS003,LRN0069,ENR01134,2024-01-16,2024-02-05,,Dropped,13,2024-01-27,,1,,No,,,Nikhil Nair,nikhil.nair.69@gmail.com,9378263982,Chennai,2023-03-01,Basic,Deep Learning with TensorFlow,AI & ML,INS004,Sunita Rao,10,Advanced,13612,904,Disengaged
CRS019,LRN0104,ENR01643,2024-02-07,2024-04-07,2024-02-10,Completed,100,2024-02-10,61.76,2,4,Yes,3,-57,Pooja Agarwal,pooja.agarwal.104@yahoo.com,9968164535,Delhi,2023-06-07,Basic,iOS Development with Swift,Mobile Development,INS009,Suresh Gupta,30,Beginner,101,890,Disengaged
CRS043,LRN0203,ENR00043,2024-02-17,2024-05-07,2024-03-31,Completed,100,2024-03-31,47.26,1,2,No,43,-37,Suresh Shah,suresh.shah.203@hotmail.com,9123828258,Ahmedabad,2022-08-26,Premium,Leadership & Communication,Business,INS008,Kavita Reddy,40,Beginner,995,840,Disengaged
CRS056,LRN0244,ENR00615,2024-01-01,2024-03-01,2024-01-04,Completed,100,2024-01-04,52.53,2,4,No,3,-57,Megha Nair,megha.nair.244@yahoo.com,9687014626,Surat,2023-06-23,Free,NoSQL & MongoDB,Data Science,INS007,Vikas Mehta,30,Advanced,9660,927,Disengaged
CRS039,LRN0315,ENR00424,2024-03-10,2024-05-29,2024-03-31,Completed,100,2024-03-31,85.79,2,2,Yes,21,-59,Siddharth Tiwari,siddharth.tiwari.315@yahoo.com,9811288013,Bhopal,2023-12-03,Basic,Transformer Models & LLMs,AI & ML,INS008,Kavita Reddy,40,Advanced,12938,840,Disengaged
CRS035,LRN0064,ENR00783,2024-02-28,2024-05-18,2024-03-31,Completed,100,2024-03-31,63.78,1,1,Yes,32,-48,Nisha Gupta,nisha.gupta.64@gmail.com,9278742967,Ahmedabad,2022-12-23,Basic,React Native Cross-Platform,Mobile Development,INS002,Meera Nair,40,Beginner,66,840,Disengaged
CRS028,LRN0296,ENR01550,2024-02-21,2024-04-01,,In Progress,34,2024-03-18,,1,3,No,,,Reena Gupta,reena.gupta.296@yahoo.com,9028772175,Kolkata,2022-10-12,Free,Entrepreneurship 101,Business,INS006,Priya Singh,20,Beginner,394,853,Disengaged
CRS022,LRN0477,ENR00044,2024-02-29,2024-03-20,2024-03-15,Completed,100,2024-03-15,84.06,1,3,Yes,15,-5,Shalini Mishra,shalini.mishra.477@yahoo.com,9063356939,Lucknow,2022-01-06,Basic,Statistics for Data Science,Data Science,INS015,Kiran Desai,10,Advanced,12777,856,Disengaged
CRS008,LRN0494,ENR01758,2024-01-05,2024-03-25,2024-03-11,Completed,100,,75.08,1,2,Yes,66,-14,Ishaan Malhotra,ishaan.malhotra.494@rediffmail.com,9767426629,Delhi,2022-05-28,Free,Project Management Professional,Business,INS003,Arjun Patel,40,Intermediate,4049,,Disengaged
CRS012,LRN0441,ENR01497,2024-01-12,2024-02-21,2024-02-23,Completed,100,2024-02-23,77.65,1,2,Yes,42,2,Ravi Kumar,ravi.kumar.441@hotmail.com,9403696566,Pune,2023-07-13,Free,Motion Graphics & Animation,Design,INS013,Manish Verma,20,Beginner,201,877,Disengaged
CRS057,LRN0211,ENR01290,2024-01-22,2024-02-01,,Not Started,0,,,1,,No,,,Ananya Rao,ananya.rao.211@hotmail.com,9148580783,Delhi,2023-11-01,Premium,Microservices Architecture,Cloud Computing,INS006,Priya Singh,5,Beginner,604,,Disengaged
CRS032,LRN0493,ENR00966,2024-01-12,2024-01-22,,In Progress,21,2024-03-21,,1,,No,,,Sachin Gupta,sachin.gupta.493@outlook.com,9562656504,Kolkata,2022-11-12,Enterprise,DevOps CI/CD Pipeline,Cloud Computing,INS003,Arjun Patel,5,Advanced,6723,850,Disengaged
CRS034,LRN0500,ENR01095,2024-02-16,2024-03-07,2024-03-01,Completed,100,2024-03-01,85.62,1,1,Yes,14,-6,Sneha Pillai,sneha.pillai.500@rediffmail.com,9285544518,Kolkata,2022-05-28,Free,Android Development Kotlin,Mobile Development,INS002,Meera Nair,10,Intermediate,3846,870,Disengaged
CRS017,LRN0234,ENR01863,2024-02-20,2024-03-11,,In Progress,59,2024-02-21,,2,,No,,,Shreya Malhotra,shreya.malhotra.234@yahoo.com,9937597383,Mumbai,2023-02-24,Free,Network Security Essentials,Cybersecurity,INS002,Meera Nair,10,Advanced,14498,879,Disengaged
CRS052,LRN0455,ENR00942,2024-01-27,2024-04-16,2024-03-31,Completed,100,2024-03-31,85.93,1,1,Yes,64,-16,Varun Malhotra,varun.malhotra.455@yahoo.com,9443009109,Lucknow,2023-10-16,Free,Svelte & SvelteKit,Web Development,INS005,Deepak Joshi,40,Intermediate,4129,840,Disengaged
CRS038,LRN0137,ENR01057,2024-02-07,2024-03-08,,In Progress,19,,,2,,No,,,Varun Pandey,varun.pandey.137@rediffmail.com,9841438424,Jaipur,2022-04-06,Basic,Reinforcement Learning,AI & ML,INS010,Unknown,15,Advanced,10834,,Disengaged
CRS020,LRN0168,ENR01604,2024-03-07,2024-03-17,2024-03-11,Completed,100,2024-03-11,79.67,1,3,Yes,4,-6,Vijay Patel,vijay.patel.168@gmail.com,9512868230,Chennai,2023-04-20,Premium,SQL & Database Design,Data Science,INS013,Unknown,5,Advanced,8138,860,Disengaged
CRS024,LRN0063,ENR00199,2024-01-10,2024-02-09,,Dropped,20,2024-01-18,,1,,No,,,Aditya Banerjee,aditya.banerjee.63@gmail.com,9659401399,Indore,2023-11-20,Premium,Computer Vision,AI & ML,INS003,Arjun Patel,15,Intermediate,1877,913,Disengaged
CRS043,LRN0166,ENR00398,2024-02-10,2024-04-30,2024-03-31,Completed,100,2024-03-31,96.36,1,3,Yes,50,-30,Shalini Desai,shalini.desai.166@hotmail.com,9406403910,Kolkata,2023-12-19,Free,Leadership & Communication,Business,INS008,Kavita Reddy,40,Beginner,995,840,Disengaged
CRS055,LRN0381,ENR00747,2024-01-27,2024-02-06,2024-02-05,Completed,100,2024-02-05,69.12,1,4,Yes,9,-1,Deepak Desai,deepak.desai.381@gmail.com,9789940539,Mumbai,2022-08-02,Premium,Motion UI Design,Design,INS009,Suresh Gupta,5,Intermediate,3026,895,Disengaged
CRS009,LRN0122,ENR00535,2024-01-02,2024-01-22,2024-01-14,Completed,100,2024-01-14,49.7,1,5,No,12,-8,Neha Chauhan,neha.chauhan.122@rediffmail.com,9609539621,Kolkata,2022-03-11,Enterprise,Digital Marketing Strategy,Business,INS004,Sunita Rao,10,Advanced,8712,917,Disengaged
CRS059,LRN0431,ENR01521,2024-02-20,2024-05-10,,In Progress,59,2024-02-22,,1,,No,,,Shreya Pillai,shreya.pillai.431@hotmail.com,9587020701,Mumbai,2022-03-30,Basic,Wearable App Development,Mobile Development,INS001,Rajiv Sharma,40,Intermediate,1398,878,Disengaged
CRS040,LRN0128,ENR01107,2024-01-16,2024-02-15,,Dropped,31,2024-01-20,,1,,No,,,Megha Chauhan,megha.chauhan.128@rediffmail.com,9796275705,Pune,2022-10-09,Basic,TypeScript Advanced,Web Development,INS009,Suresh Gupta,15,Beginner,786,911,Disengaged
CRS034,LRN0307,ENR01016,2024-01-26,2024-02-15,,Dropped,23,2024-02-01,,1,,No,,,Vijay Gupta,vijay.gupta.307@rediffmail.com,9571983863,Indore,2023-12-14,Free,Android Development Kotlin,Mobile Development,INS002,Meera Nair,10,Intermediate,3846,899,Disengaged
CRS004,LRN0338,ENR00419,2024-02-05,2024-04-05,2024-02-18,Completed,100,2024-02-18,79.51,1,5,Yes,13,-47,Nikhil Bose,nikhil.bose.338@yahoo.com,9659916247,Bhopal,2022-03-27,Free,React.js Complete Guide,Web Development,INS014,Pooja Mishra,30,Advanced,6867,882,Disengaged
CRS034,LRN0490,ENR01518,2024-01-28,2024-02-17,2024-01-31,Completed,100,2024-01-31,59.5,2,5,No,3,-17,Rahul Reddy,rahul.reddy.490@gmail.com,9410672752,Chandigarh,2023-07-14,Enterprise,Android Development Kotlin,Mobile Development,INS002,Meera Nair,10,Intermediate,3846,900,Disengaged
CRS060,LRN0008,ENR00610,2024-01-25,2024-02-24,2024-02-16,Completed,100,2024-02-16,77.15,1,5,Yes,22,-8,Divya Yadav,divya.yadav.8@yahoo.com,9884969653,Jaipur,2023-05-21,Free,Bayesian Statistics,Data Science,INS006,Unknown,15,Intermediate,1231,884,Disengaged
CRS005,LRN0400,ENR01246,2024-01-09,2024-02-18,,Dropped,29,2024-01-19,,1,,No,,,Ravi Desai,ravi.desai.400@gmail.com,9554384046,Jaipur,2022-10-14,Free,Node.js Backend Development,Web Development,INS007,Vikas Mehta,20,Beginner,119,912,Disengaged
CRS006,LRN0219,ENR01455,2024-01-06,2024-01-16,,Dropped,28,2024-01-09,,1,,No,,,Rahul Gupta,rahul.gupta.219@gmail.com,9643611037,Bengaluru,2023-08-31,Free,HTML & CSS Mastery,Web Development,INS015,Unknown,5,Intermediate,2276,922,Disengaged
CRS060,LRN0437,ENR01540,2024-01-31,2024-03-01,2024-02-12,Completed,100,2024-02-12,52.52,1,5,No,12,-18,Nisha Das,nisha.das.437@yahoo.com,9719975817,Chennai,2023-02-20,Free,Bayesian Statistics,Data Science,INS006,Unknown,15,Intermediate,1231,888,Disengaged
CRS054,LRN0471,ENR01944,2024-02-13,2024-03-24,,Dropped,23,2024-02-13,,1,,No,,,Varun Verma,varun.verma.471@yahoo.com,9340312772,Surat,2022-02-14,Free,Product Management,Business,INS010,Anjali Iyer,20,Intermediate,4499,887,Disengaged
CRS050,LRN0382,ENR00793,2024-02-25,2024-03-06,,In Progress,37,2024-02-26,,1,3,No,,,Priya Verma,priya.verma.382@gmail.com,9058650948,Chandigarh,2022-03-14,Premium,Scala for Big Data,Data Science,INS008,Kavita Reddy,5,Beginner,181,874,Disengaged
CRS025,LRN0366,ENR00104,2024-03-07,2024-04-16,,Dropped,20,2024-03-08,,1,,No,,,Mohit Kapoor,mohit.kapoor.366@outlook.com,9740649308,Hyderabad,2023-02-26,Premium,Vue.js & Nuxt Development,Web Development,INS004,Sunita Rao,20,Beginner,779,863,Disengaged
CRS008,LRN0407,ENR00826,2024-02-09,2024-04-29,,Not Started,0,,,1,,No,,,Siddharth Kapoor,siddharth.kapoor.407@hotmail.com,9312797573,Pune,2022-02-12,Basic,Project Management Professional,Business,INS003,Arjun Patel,40,Intermediate,4049,,Disengaged
CRS051,LRN0406,ENR00877,2024-01-11,2024-03-31,2024-03-09,Completed,100,2024-03-09,45.88,2,4,No,58,-22,Manish Joshi,manish.joshi.406@gmail.com,9677223306,Chennai,2023-02-27,Free,MLOps & Model Deployment,AI & ML,INS015,Kiran Desai,40,Beginner,503,862,Disengaged
CRS021,LRN0396,ENR00652,2024-02-06,2024-02-26,,Dropped,27,2024-02-17,,1,,No,,,Suresh Mehta,suresh.mehta.396@yahoo.com,9833884879,Chandigarh,2023-12-17,Premium,Power BI & Tableau,Data Science,INS005,Deepak Joshi,10,Advanced,6616,883,Disengaged
CRS031,LRN0044,ENR01168,2024-02-18,2024-02-28,2024-03-09,Completed,100,2024-03-09,60.39,1,5,Yes,20,10,Shalini Joshi,shalini.joshi.44@outlook.com,9046537556,Indore,2023-03-08,Free,Docker & Kubernetes,Cloud Computing,INS004,Sunita Rao,5,Intermediate,3781,862,Disengaged
CRS050,LRN0285,ENR00441,2024-02-10,2024-02-20,,In Progress,60,2024-02-13,,1,,No,,,Sunita Sharma,sunita.sharma.285@outlook.com,9332309821,Chandigarh,2023-10-29,Premium,Scala for Big Data,Data Science,INS008,Kavita Reddy,5,Beginner,181,887,Disengaged
CRS048,LRN0413,ENR00293,2024-03-09,2024-03-19,,In Progress,71,2024-03-21,,1,,No,,,Deepak Gupta,deepak.gupta.413@outlook.com,9259222206,Chennai,2023-04-02,Free,OSINT & Threat Intelligence,Cybersecurity,INS009,Suresh Gupta,5,Beginner,440,850,Disengaged
CRS031,LRN0269,ENR01660,2024-02-01,2024-02-11,,Dropped,20,2024-02-09,,1,,No,,,Geeta Malhotra,geeta.malhotra.269@hotmail.com,9785082148,Bengaluru,2023-06-21,Premium,Docker & Kubernetes,Cloud Computing,INS004,Sunita Rao,5,Intermediate,3781,891,Disengaged
CRS044,LRN0497,ENR00399,2024-02-22,2024-05-12,2024-03-31,Completed,100,2024-03-31,45.2,1,2,No,38,-42,Aarav Patel,aarav.patel.497@gmail.com,9447146273,Delhi,2022-10-11,Basic,Adobe Illustrator Mastery,Design,INS010,Anjali Iyer,40,Intermediate,2240,840,Disengaged
CRS009,LRN0377,ENR00032,2024-02-03,2024-02-23,2024-02-18,Completed,100,2024-02-18,88.97,1,4,Yes,15,-5,Mohit Mehta,mohit.mehta.377@yahoo.com,9928557498,Delhi,2023-06-28,Free,Digital Marketing Strategy,Business,INS004,Sunita Rao,10,Advanced,8712,882,Disengaged
CRS043,LRN0223,ENR00789,2024-02-04,2024-04-24,2024-03-31,Completed,100,2024-03-31,71.83,1,5,Yes,56,-24,Ritika Shah,ritika.shah.223@yahoo.com,9138999404,Jaipur,2023-09-14,Basic,Leadership & Communication,Business,INS008,Kavita Reddy,40,Beginner,995,840,Disengaged
CRS051,LRN0499,ENR00005,2024-01-10,2024-03-30,,Dropped,13,2024-01-18,,1,5,No,,,Divya Pandey,divya.pandey.499@rediffmail.com,9204565044,Surat,2022-03-20,Basic,MLOps & Model Deployment,AI & ML,INS015,Kiran Desai,40,Beginner,503,913,Disengaged
CRS028,LRN0146,ENR01325,2024-01-23,2024-03-03,,Not Started,0,,,1,,No,,,Sunita Pandey,sunita.pandey.146@gmail.com,9585239868,Mumbai,2022-02-09,Free,Entrepreneurship 101,Business,INS006,Priya Singh,20,Beginner,394,,Disengaged
CRS060,LRN0280,ENR01352,2024-02-21,2024-03-22,,Dropped,34,2024-02-25,,1,,No,,,Sachin Kumar,sachin.kumar.280@hotmail.com,9684602235,Lucknow,2023-04-14,Free,Bayesian Statistics,Data Science,INS006,Unknown,15,Intermediate,1231,875,Disengaged
CRS045,LRN0166,ENR00040,2024-02-20,2024-03-01,,In Progress,64,2024-03-15,,1,,No,,,Shalini Desai,shalini.desai.166@hotmail.com,9406403910,Kolkata,2023-12-19,Free,Photography & Lightroom,Design,INS013,Manish Verma,5,Advanced,13064,856,Disengaged
CRS060,LRN0162,ENR01706,2024-02-24,2024-03-25,,Dropped,11,2024-02-26,,1,2,No,,,Ananya Verma,ananya.verma.162@yahoo.com,9426841459,Hyderabad,2022-05-17,Basic,Bayesian Statistics,Data Science,INS006,Unknown,15,Intermediate,1231,874,Disengaged
CRS052,LRN0344,ENR01334,2024-01-26,2024-04-15,,In Progress,66,2024-02-15,,2,,No,,,Varun Pillai,varun.pillai.344@outlook.com,9205302146,Surat,2023-02-09,Basic,Svelte & SvelteKit,Web Development,INS005,Deepak Joshi,40,Intermediate,4129,885,Disengaged
CRS043,LRN0034,ENR00211,2024-02-05,2024-04-25,,In Progress,15,2024-02-28,,1,,No,,,Amit Srivastava,amit.srivastava.34@outlook.com,9482366299,Pune,2023-07-16,Premium,Leadership & Communication,Business,INS008,Kavita Reddy,40,Beginner,995,872,Disengaged
CRS060,LRN0316,ENR00406,2024-02-22,2024-03-23,2024-03-27,Completed,100,2024-03-27,96.0,1,4,Yes,34,4,Sneha Mehta,sneha.mehta.316@gmail.com,9861207501,Mumbai,2022-07-02,Premium,Bayesian Statistics,Data Science,INS006,Unknown,15,Intermediate,1231,844,Disengaged
CRS033,LRN0441,ENR00496,2024-01-27,2024-03-07,2024-03-07,Completed,100,2024-03-07,73.88,1,2,Yes,40,0,Ravi Kumar,ravi.kumar.441@hotmail.com,9403696566,Pune,2023-07-13,Free,Penetration Testing,Cybersecurity,INS007,Vikas Mehta,20,Advanced,6392,864,Disengaged
CRS010,LRN0077,ENR01641,2024-01-15,2024-02-04,2024-02-03,Completed,100,2024-02-03,82.35,1,3,Yes,19,-1,Kavya Verma,kavya.verma.77@rediffmail.com,9407482175,Chennai,2023-10-17,Enterprise,UI/UX Design Principles,Design,INS005,Deepak Joshi,10,Beginner,133,897,Disengaged
CRS007,LRN0410,ENR00493,2024-02-29,2024-04-09,,In Progress,28,2024-03-27,,1,,No,,,Megha Verma,megha.verma.410@gmail.com,9264908277,Chandigarh,2023-05-28,Free,Business Analytics Essentials,Business,INS003,Arjun Patel,20,Advanced,10604,844,Disengaged
CRS013,LRN0035,ENR01221,2024-01-26,2024-04-15,2024-02-19,Completed,100,2024-02-19,49.91,1,3,No,24,-56,Shreya Chauhan,shreya.chauhan.35@rediffmail.com,9369957773,Ahmedabad,2022-06-23,Premium,AWS Solutions Architect,Cloud Computing,INS013,Manish Verma,40,Advanced,12685,881,Disengaged
CRS027,LRN0308,ENR00893,2024-03-05,2024-04-04,,In Progress,64,2024-03-11,,1,,No,,,Geeta Bose,geeta.bose.308@outlook.com,9580043973,Indore,2023-08-26,Basic,Financial Modelling,Business,INS012,Nisha Agarwal,15,Advanced,6347,860,Disengaged
CRS054,LRN0074,ENR00360,2024-03-11,2024-04-20,,Not Started,0,,,2,,No,,,Mohit Chatterjee,mohit.chatterjee.74@gmail.com,9809134316,Indore,2023-10-11,Premium,Product Management,Business,INS010,Anjali Iyer,20,Intermediate,4499,,Disengaged
CRS051,LRN0452,ENR01463,2024-02-16,2024-05-06,,In Progress,40,2024-03-20,,1,,No,,,Nikhil Mishra,nikhil.mishra.452@gmail.com,9286047658,Delhi,2023-06-29,Basic,MLOps & Model Deployment,AI & ML,INS015,Kiran Desai,40,Beginner,503,851,Disengaged
CRS053,LRN0370,ENR00183,2024-02-29,2024-05-19,2024-03-05,Completed,100,2024-03-05,62.22,1,4,Yes,5,-75,Aarav Yadav,aarav.yadav.370@outlook.com,9120735647,Ahmedabad,2023-12-15,Premium,Supply Chain Management,Business,INS010,Anjali Iyer,40,Intermediate,3268,866,Disengaged
CRS042,LRN0483,ENR00143,2024-01-07,2024-01-17,,Dropped,27,2024-01-12,,2,,No,,,Komal Chatterjee,komal.chatterjee.483@gmail.com,9335548640,Kolkata,2022-12-20,Basic,Operations Management,Business,INS001,Unknown,5,Advanced,6117,919,Disengaged
CRS048,LRN0228,ENR00217,2024-02-12,2024-02-22,2024-02-17,Completed,100,2024-02-17,80.4,1,5,Yes,5,-5,Shalini Pillai,shalini.pillai.228@hotmail.com,9904210202,Kolkata,2023-06-20,Basic,OSINT & Threat Intelligence,Cybersecurity,INS009,Suresh Gupta,5,Beginner,440,883,Disengaged
CRS042,LRN0326,ENR01707,2024-02-07,2024-02-17,,In Progress,43,2024-02-08,,1,,No,,,Vivaan Chatterjee,vivaan.chatterjee.326@outlook.com,9809969308,Jaipur,2023-07-07,Basic,Operations Management,Business,INS001,Unknown,5,Advanced,6117,892,Disengaged
CRS034,LRN0300,ENR00981,2024-01-02,2024-01-22,2024-01-05,Completed,100,2024-01-05,62.57,1,4,Yes,3,-17,Megha Reddy,megha.reddy.300@outlook.com,9851027261,Lucknow,2022-07-20,Free,Android Development Kotlin,Mobile Development,INS002,Meera Nair,10,Intermediate,3846,926,Disengaged
CRS005,LRN0403,ENR00868,2024-01-11,2024-02-20,2024-03-01,Completed,100,2024-03-01,92.82,1,1,Yes,50,10,Divya Agarwal,divya.agarwal.403@outlook.com,9292518812,Bhopal,2022-05-30,Premium,Node.js Backend Development,Web Development,INS007,Vikas Mehta,20,Beginner,119,870,Disengaged
CRS003,LRN0163,ENR00849,2024-03-13,2024-04-02,2024-03-17,Completed,100,2024-03-17,63.77,3,2,Yes,4,-16,Shalini Malhotra,shalini.malhotra.163@gmail.com,9956878339,Jaipur,2023-04-03,Basic,Deep Learning with TensorFlow,AI & ML,INS004,Sunita Rao,10,Advanced,13612,854,Disengaged
CRS042,LRN0091,ENR00016,2024-01-06,2024-01-16,,Not Started,0,,,1,1,No,,,Nikhil Chatterjee,nikhil.chatterjee.91@yahoo.com,9661771159,Delhi,2022-05-10,Free,Operations Management,Business,INS001,Unknown,5,Advanced,6117,,Disengaged
CRS002,LRN0430,ENR00203,2024-01-13,2024-02-02,2024-01-16,Completed,100,2024-01-16,74.41,1,1,Yes,3,-17,Reena Reddy,reena.reddy.430@outlook.com,9813858542,Lucknow,2022-09-08,Free,Machine Learning Fundamentals,AI & ML,INS006,Priya Singh,10,Beginner,223,915,Disengaged
CRS037,LRN0040,ENR01439,2024-02-28,2024-04-08,,Dropped,15,2024-02-28,,1,,No,,,Megha Yadav,megha.yadav.40@yahoo.com,9455812236,Chandigarh,2022-08-08,Free,Data Engineering with Spark,Data Science,INS004,Sunita Rao,20,Advanced,14534,872,Disengaged
CRS057,LRN0177,ENR00098,2024-02-21,2024-03-02,,Dropped,19,2024-03-06,,1,,No,,,Simran Jain,simran.jain.177@outlook.com,9363854678,Chennai,2022-09-25,Basic,Microservices Architecture,Cloud Computing,INS006,Priya Singh,5,Beginner,604,865,Disengaged
CRS049,LRN0370,ENR01508,2024-03-02,2024-04-11,2024-03-05,Completed,100,2024-03-05,54.77,1,3,No,3,-37,Aarav Yadav,aarav.yadav.370@outlook.com,9120735647,Ahmedabad,2023-12-15,Premium,Unity Game Development,Mobile Development,INS007,Vikas Mehta,20,Intermediate,2541,866,Disengaged
CRS015,LRN0070,ENR00487,2024-01-20,2024-01-30,2024-01-24,Completed,100,2024-01-24,84.55,2,4,Yes,4,-6,Sachin Mishra,sachin.mishra.70@hotmail.com,9044997278,Kolkata,2022-12-07,Basic,Azure Data Engineering,Cloud Computing,INS013,Manish Verma,5,Beginner,942,907,Disengaged
CRS057,LRN0347,ENR00300,2024-03-09,2024-03-19,,In Progress,11,2024-03-21,,1,,No,,,Nisha Nair,nisha.nair.347@gmail.com,9357790714,Pune,2023-10-11,Premium,Microservices Architecture,Cloud Computing,INS006,Priya Singh,5,Beginner,604,850,Disengaged
CRS043,LRN0211,ENR01526,2024-01-18,2024-04-07,,Not Started,0,,,1,,No,,,Ananya Rao,ananya.rao.211@hotmail.com,9148580783,Delhi,2023-11-01,Premium,Leadership & Communication,Business,INS008,Kavita Reddy,40,Beginner,995,,Disengaged
CRS025,LRN0186,ENR01879,2024-02-03,2024-03-14,,Dropped,34,2024-02-10,,3,,No,,,Aditya Yadav,aditya.yadav.186@gmail.com,9397401489,Bengaluru,2022-11-19,Free,Vue.js & Nuxt Development,Web Development,INS004,Sunita Rao,20,Beginner,779,890,Disengaged
CRS020,LRN0206,ENR00644,2024-01-06,2024-01-16,,Not Started,0,,,2,,No,,,Deepak Pillai,deepak.pillai.206@rediffmail.com,9691557924,Lucknow,2022-03-28,Premium,SQL & Database Design,Data Science,INS013,Unknown,5,Advanced,8138,,Disengaged
CRS030,LRN0426,ENR00570,2024-02-07,2024-04-07,,Not Started,0,,,1,,No,,,Anita Das,anita.das.426@gmail.com,9438421503,Ahmedabad,2023-06-03,Free,3D Modelling with Blender,Design,INS004,Sunita Rao,30,Intermediate,4503,,Disengaged
CRS027,LRN0392,ENR01203,2024-01-04,2024-02-03,,In Progress,37,2024-01-26,,1,,No,,,Sunita Mishra,sunita.mishra.392@hotmail.com,9168622783,Pune,2023-10-30,Basic,Financial Modelling,Business,INS012,Nisha Agarwal,15,Advanced,6347,905,Disengaged
CRS030,LRN0094,ENR01754,2024-01-04,2024-03-04,,Dropped,26,2024-01-12,,3,,No,,,Kavya Pandey,kavya.pandey.94@yahoo.com,9271111615,Jaipur,2022-03-03,Basic,3D Modelling with Blender,Design,INS004,Sunita Rao,30,Intermediate,4503,919,Disengaged
CRS020,LRN0261,ENR01060,2024-02-07,2024-02-17,,In Progress,61,2024-03-30,,1,,No,,,Sneha Singh,sneha.singh.261@hotmail.com,9586938068,Jaipur,2023-12-05,Premium,SQL & Database Design,Data Science,INS013,Unknown,5,Advanced,8138,841,Disengaged
CRS009,LRN0117,ENR01321,2024-01-17,2024-02-06,,Dropped,6,2024-01-25,,1,,No,,,Divya Chatterjee,divya.chatterjee.117@gmail.com,9407581814,Indore,2022-06-14,Free,Digital Marketing Strategy,Business,INS004,Sunita Rao,10,Advanced,8712,906,Disengaged
CRS043,LRN0222,ENR00008,2024-03-10,2024-05-29,2024-03-31,Completed,100,2024-03-31,67.13,1,4,Yes,21,-59,Neha Mukherjee,neha.mukherjee.222@hotmail.com,9697311219,Kolkata,2023-03-16,Basic,Leadership & Communication,Business,INS008,Kavita Reddy,40,Beginner,995,840,Disengaged
CRS031,LRN0400,ENR00660,2024-02-12,2024-02-22,,Dropped,7,2024-02-17,,1,,No,,,Ravi Desai,ravi.desai.400@gmail.com,9554384046,Jaipur,2022-10-14,Free,Docker & Kubernetes,Cloud Computing,INS004,Sunita Rao,5,Intermediate,3781,883,Disengaged
CRS013,LRN0128,ENR01613,2024-02-09,2024-04-29,,In Progress,43,,,1,,No,,,Megha Chauhan,megha.chauhan.128@rediffmail.com,9796275705,Pune,2022-10-09,Basic,AWS Solutions Architect,Cloud Computing,INS013,Manish Verma,40,Advanced,12685,,Disengaged
CRS038,LRN0082,ENR01836,2024-01-08,2024-02-07,,In Progress,11,2024-02-23,,1,,No,,,Karan Patel,karan.patel.82@gmail.com,9368516048,Ahmedabad,2023-01-13,Premium,Reinforcement Learning,AI & ML,INS010,Unknown,15,Advanced,10834,877,Disengaged
CRS057,LRN0434,ENR00550,2024-03-08,2024-03-18,,Dropped,30,2024-03-17,,1,,No,,,Amit Verma,amit.verma.434@outlook.com,9701715772,Indore,2022-12-23,Basic,Microservices Architecture,Cloud Computing,INS006,Priya Singh,5,Beginner,604,854,Disengaged
CRS039,LRN0032,ENR00754,2024-01-27,2024-04-16,,Dropped,18,2024-02-06,,1,,No,,,Simran Agarwal,simran.agarwal.32@outlook.com,9556981693,Mumbai,2023-12-27,Basic,Transformer Models & LLMs,AI & ML,INS008,Kavita Reddy,40,Advanced,12938,894,Disengaged
CRS057,LRN0230,ENR01859,2024-02-23,2024-03-04,,In Progress,10,,,1,,No,,,Karan Nair,karan.nair.230@outlook.com,9785079252,Indore,2022-04-16,Premium,Microservices Architecture,Cloud Computing,INS006,Priya Singh,5,Beginner,604,,Disengaged
CRS007,LRN0014,ENR00547,2024-01-28,2024-03-08,,Dropped,32,2024-02-05,,1,,No,,,Manish Verma,manish.verma.14@rediffmail.com,9871331509,Hyderabad,2023-08-26,Free,Business Analytics Essentials,Business,INS003,Arjun Patel,20,Advanced,10604,895,Disengaged
CRS048,LRN0293,ENR01800,2024-03-08,2024-03-18,,Not Started,0,,,1,,No,,,Rahul Kumar,rahul.kumar.293@rediffmail.com,9697972965,Mumbai,2023-12-02,Premium,OSINT & Threat Intelligence,Cybersecurity,INS009,Suresh Gupta,5,Beginner,440,,Disengaged
CRS007,LRN0064,ENR00696,2024-01-19,2024-02-28,,Dropped,7,2024-01-31,,1,,No,,,Nisha Gupta,nisha.gupta.64@gmail.com,9278742967,Ahmedabad,2022-12-23,Basic,Business Analytics Essentials,Business,INS003,Arjun Patel,20,Advanced,10604,900,Disengaged
CRS033,LRN0142,ENR01000,2024-03-13,2024-04-22,,In Progress,16,2024-03-21,,3,,No,,,Rohan Chauhan,rohan.chauhan.142@yahoo.com,9696325953,Ahmedabad,2023-06-12,Basic,Penetration Testing,Cybersecurity,INS007,Vikas Mehta,20,Advanced,6392,850,Disengaged
CRS040,LRN0031,ENR00895,2024-02-25,2024-03-26,2024-03-31,Completed,100,2024-03-31,69.53,3,1,Yes,35,5,Karan Kapoor,karan.kapoor.31@yahoo.com,9458685014,Lucknow,2022-09-29,Free,TypeScript Advanced,Web Development,INS009,Suresh Gupta,15,Beginner,786,840,Disengaged
CRS055,LRN0437,ENR01655,2024-01-29,2024-02-08,,Dropped,4,2024-01-31,,2,2,No,,,Nisha Das,nisha.das.437@yahoo.com,9719975817,Chennai,2023-02-20,Free,Motion UI Design,Design,INS009,Suresh Gupta,5,Intermediate,3026,900,Disengaged
CRS037,LRN0421,ENR00743,2024-02-15,2024-03-26,,Dropped,9,2024-02-26,,1,,No,,,Ishaan Bose,ishaan.bose.421@yahoo.com,9966055830,Chandigarh,2022-10-16,Free,Data Engineering with Spark,Data Science,INS004,Sunita Rao,20,Advanced,14534,874,Disengaged
CRS013,LRN0101,ENR00159,2024-01-26,2024-04-15,,Dropped,12,2024-01-31,,1,,No,,,Simran Gupta,simran.gupta.101@gmail.com,9034324451,Ahmedabad,2023-03-17,Free,AWS Solutions Architect,Cloud Computing,INS013,Manish Verma,40,Advanced,12685,900,Disengaged
CRS003,LRN0204,ENR00623,2024-02-02,2024-02-22,2024-02-05,Completed,100,2024-02-05,98.41,2,4,Yes,3,-17,Arjun Joshi,arjun.joshi.204@gmail.com,9660937966,Chandigarh,2022-08-08,Free,Deep Learning with TensorFlow,AI & ML,INS004,Sunita Rao,10,Advanced,13612,895,Disengaged
CRS054,LRN0152,ENR01198,2024-03-11,2024-04-20,,In Progress,68,2024-03-30,,1,,No,,,Arjun Verma,arjun.verma.152@outlook.com,9858549733,Jaipur,2022-11-02,Free,Product Management,Business,INS010,Anjali Iyer,20,Intermediate,4499,841,Disengaged
CRS013,LRN0480,ENR00258,2024-01-15,2024-04-04,,In Progress,50,,,3,,No,,,Shalini Verma,shalini.verma.480@rediffmail.com,9262570165,Mumbai,2022-10-31,Basic,AWS Solutions Architect,Cloud Computing,INS013,Manish Verma,40,Advanced,12685,,Disengaged
CRS057,LRN0475,ENR01050,2024-01-08,2024-01-18,,In Progress,29,2024-03-03,,1,,No,,,Divya Verma,divya.verma.475@outlook.com,9354352090,Bengaluru,2022-04-24,Premium,Microservices Architecture,Cloud Computing,INS006,Priya Singh,5,Beginner,604,868,Disengaged
CRS041,LRN0391,ENR00415,2024-02-03,2024-03-04,,Dropped,20,,,1,4,No,,,Sachin Jain,sachin.jain.391@yahoo.com,9320679981,Pune,2022-10-24,Premium,GraphQL APIs,Web Development,INS002,Meera Nair,15,Intermediate,1945,,Disengaged
CRS019,LRN0256,ENR00216,2024-01-26,2024-03-26,2024-02-16,Completed,100,2024-02-16,80.31,1,5,Yes,21,-39,Rahul Banerjee,rahul.banerjee.256@gmail.com,9621815997,Pune,2023-11-01,Free,iOS Development with Swift,Mobile Development,INS009,Suresh Gupta,30,Beginner,101,884,Disengaged
CRS055,LRN0274,ENR00103,2024-03-17,2024-03-27,2024-03-21,Completed,100,2024-03-21,60.65,1,5,Yes,4,-6,Ritika Agarwal,ritika.agarwal.274@hotmail.com,9657437489,Lucknow,2022-04-15,Free,Motion UI Design,Design,INS009,Suresh Gupta,5,Intermediate,3026,850,Disengaged
CRS018,LRN0295,ENR01131,2024-01-01,2024-01-31,,In Progress,55,2024-02-14,,1,,No,,,Varun Desai,varun.desai.295@hotmail.com,9588916375,Bengaluru,2023-07-26,Premium,Flutter App Development,Mobile Development,INS006,Priya Singh,15,Beginner,875,886,Disengaged
CRS043,LRN0024,ENR00116,2024-02-26,2024-05-16,,Dropped,5,2024-03-07,,2,,No,,,Karan Banerjee,karan.banerjee.24@gmail.com,9354278498,Surat,2023-07-22,Free,Leadership & Communication,Business,INS008,Kavita Reddy,40,Beginner,995,864,Disengaged
CRS020,LRN0065,ENR00127,2024-03-13,2024-03-23,,In Progress,74,2024-03-15,,1,,No,,,Amit Desai,amit.desai.65@hotmail.com,9125674680,Delhi,2022-11-19,Free,SQL & Database Design,Data Science,INS013,Unknown,5,Advanced,8138,856,Disengaged
CRS039,LRN0362,ENR00139,2024-01-27,2024-04-16,2024-03-31,Completed,100,2024-03-31,66.78,2,5,Yes,64,-16,Ajay Kapoor,ajay.kapoor.362@yahoo.com,9114921643,Chandigarh,2022-10-18,Basic,Transformer Models & LLMs,AI & ML,INS008,Kavita Reddy,40,Advanced,12938,840,Disengaged
CRS057,LRN0202,ENR00033,2024-02-18,2024-02-28,,Not Started,0,,,2,,No,,,Ishaan Iyer,ishaan.iyer.202@gmail.com,9757177514,Indore,2023-12-29,Free,Microservices Architecture,Cloud Computing,INS006,Priya Singh,5,Beginner,604,,Disengaged
CRS008,LRN0351,ENR00025,2024-03-09,2024-05-28,,Dropped,28,2024-03-22,,1,,No,,,Nikhil Pandey,nikhil.pandey.351@hotmail.com,9957947284,Hyderabad,2023-08-14,Free,Project Management Professional,Business,INS003,Arjun Patel,40,Intermediate,4049,849,Disengaged
CRS040,LRN0290,ENR01436,2024-02-21,2024-03-22,2024-03-25,Completed,100,2024-03-25,70.25,1,2,Yes,33,3,Karan Malhotra,karan.malhotra.290@yahoo.com,9143744701,Bhopal,2022-02-10,Premium,TypeScript Advanced,Web Development,INS009,Suresh Gupta,15,Beginner,786,846,Disengaged
CRS038,LRN0380,ENR00486,2024-03-06,2024-04-05,,Dropped,13,2024-03-06,,1,,No,,,Ananya Kumar,ananya.kumar.380@yahoo.com,9810220317,Delhi,2022-02-02,Basic,Reinforcement Learning,AI & ML,INS010,Unknown,15,Advanced,10834,865,Disengaged
CRS039,LRN0115,ENR01685,2024-02-04,2024-04-24,,In Progress,11,2024-03-15,,1,,No,,,Rahul Malhotra,rahul.malhotra.115@yahoo.com,9706537947,Jaipur,2022-09-02,Basic,Transformer Models & LLMs,AI & ML,INS008,Kavita Reddy,40,Advanced,12938,856,Disengaged
CRS056,LRN0166,ENR00443,2024-02-25,2024-04-25,2024-03-02,Completed,100,2024-03-02,55.51,2,3,No,6,-54,Shalini Desai,shalini.desai.166@hotmail.com,9406403910,Kolkata,2023-12-19,Free,NoSQL & MongoDB,Data Science,INS007,Vikas Mehta,30,Advanced,9660,869,Disengaged
CRS036,LRN0001,ENR01695,2024-03-10,2024-03-30,,In Progress,15,2024-03-16,,1,,No,,,Ananya Sharma,ananya.sharma.1@gmail.com,9433218196,Mumbai,2022-04-06,Free,Advanced Python OOP,Data Science,INS006,Priya Singh,10,Advanced,7011,855,Disengaged
CRS039,LRN0042,ENR00687,2024-03-14,2024-06-02,,Dropped,20,2024-03-14,,1,,No,,,Ravi Chauhan,ravi.chauhan.42@hotmail.com,9668893734,Ahmedabad,2022-01-30,Basic,Transformer Models & LLMs,AI & ML,INS008,Kavita Reddy,40,Advanced,12938,857,Disengaged
CRS049,LRN0158,ENR01318,2024-01-17,2024-02-26,2024-01-20,Completed,100,,59.26,1,2,No,3,-37,Arjun Mukherjee,arjun.mukherjee.158@hotmail.com,9400499154,Surat,2023-07-11,Basic,Unity Game Development,Mobile Development,INS007,Vikas Mehta,20,Intermediate,2541,,Disengaged
CRS035,LRN0179,ENR01649,2024-01-11,2024-03-31,2024-03-23,Completed,100,2024-03-23,52.36,1,5,No,72,-8,Preeti Mukherjee,preeti.mukherjee.179@rediffmail.com,9996423536,Bhopal,2022-09-09,Basic,React Native Cross-Platform,Mobile Development,INS002,Meera Nair,40,Beginner,66,848,Disengaged
CRS003,LRN0192,ENR01136,2024-03-09,2024-03-29,2024-03-30,Completed,100,,50.97,1,2,No,21,1,Simran Pillai,simran.pillai.192@rediffmail.com,9560466183,Jaipur,2022-06-23,Premium,Deep Learning with TensorFlow,AI & ML,INS004,Sunita Rao,10,Advanced,13612,,Disengaged
CRS007,LRN0005,ENR00307,2024-02-25,2024-04-05,,In Progress,77,2024-03-01,,1,,No,,,Priya Chatterjee,priya.chatterjee.5@yahoo.com,9316475255,Surat,2022-10-01,Premium,Business Analytics Essentials,Business,INS003,Arjun Patel,20,Advanced,10604,870,Disengaged
CRS019,LRN0422,ENR00038,2024-01-25,2024-03-25,,In Progress,28,2024-03-17,,1,,No,,,Shreya Iyer,shreya.iyer.422@gmail.com,9850155699,Bhopal,2022-06-29,Free,iOS Development with Swift,Mobile Development,INS009,Suresh Gupta,30,Beginner,101,854,Disengaged
CRS051,LRN0350,ENR00638,2024-02-06,2024-04-26,2024-03-31,Completed,100,2024-03-31,98.27,1,3,Yes,54,-26,Varun Mehta,varun.mehta.350@gmail.com,9395211179,Indore,2023-07-09,Enterprise,MLOps & Model Deployment,AI & ML,INS015,Kiran Desai,40,Beginner,503,840,Disengaged
CRS033,LRN0249,ENR01664,2024-03-13,2024-04-22,,Dropped,7,2024-03-24,,1,,No,,,Ajay Nair,ajay.nair.249@gmail.com,9059325250,Bengaluru,2023-08-24,Premium,Penetration Testing,Cybersecurity,INS007,Vikas Mehta,20,Advanced,6392,847,Disengaged
CRS032,LRN0227,ENR01930,2024-03-16,2024-03-26,,In Progress,43,2024-03-20,,1,,No,,,Shreya Singh,shreya.singh.227@hotmail.com,9832856914,Chandigarh,2022-09-02,Free,DevOps CI/CD Pipeline,Cloud Computing,INS003,Arjun Patel,5,Advanced,6723,851,Disengaged
CRS018,LRN0443,ENR01116,2024-03-02,2024-04-01,,Not Started,0,,,1,,No,,,Mohit Desai,mohit.desai.443@yahoo.com,9621267969,Ahmedabad,2023-06-06,Basic,Flutter App Development,Mobile Development,INS006,Priya Singh,15,Beginner,875,,Disengaged
CRS030,LRN0368,ENR00710,2024-01-23,2024-03-23,2024-02-21,Completed,100,2024-02-21,75.36,1,2,Yes,29,-31,Ritika Chauhan,ritika.chauhan.368@hotmail.com,9846312241,Lucknow,2023-04-09,Free,3D Modelling with Blender,Design,INS004,Sunita Rao,30,Intermediate,4503,879,Disengaged
CRS025,LRN0163,ENR00003,2024-03-14,2024-04-23,2024-03-31,Completed,100,2024-03-31,50.37,1,2,No,17,-23,Shalini Malhotra,shalini.malhotra.163@gmail.com,9956878339,Jaipur,2023-04-03,Basic,Vue.js & Nuxt Development,Web Development,INS004,Sunita Rao,20,Beginner,779,840,Disengaged
CRS012,LRN0133,ENR00395,2024-01-07,2024-02-16,2024-01-29,Completed,100,2024-01-29,63.81,1,2,Yes,22,-18,Ravi Jain,ravi.jain.133@yahoo.com,9188442258,Delhi,2022-07-25,Premium,Motion Graphics & Animation,Design,INS013,Manish Verma,20,Beginner,201,902,Disengaged
CRS048,LRN0157,ENR01791,2024-02-27,2024-03-08,,Dropped,11,2024-03-05,,1,2,No,,,Megha Tiwari,megha.tiwari.157@yahoo.com,9401938026,Mumbai,2023-02-11,Premium,OSINT & Threat Intelligence,Cybersecurity,INS009,Suresh Gupta,5,Beginner,440,866,Disengaged
CRS041,LRN0401,ENR00910,2024-03-14,2024-04-13,,Not Started,0,,,1,,No,,,Suresh Banerjee,suresh.banerjee.401@rediffmail.com,9621689363,Bengaluru,2023-03-13,Enterprise,GraphQL APIs,Web Development,INS002,Meera Nair,15,Intermediate,1945,,Disengaged
CRS015,LRN0468,ENR00348,2024-01-04,2024-01-14,2024-01-11,Completed,100,2024-01-11,53.11,1,2,No,7,-3,Reena Srivastava,reena.srivastava.468@outlook.com,9207100219,Pune,2023-12-12,Premium,Azure Data Engineering,Cloud Computing,INS013,Manish Verma,5,Beginner,942,920,Disengaged
CRS005,LRN0214,ENR00988,2024-03-12,2024-04-21,2024-03-31,Completed,100,2024-03-31,53.01,1,3,No,19,-21,Ritika Chatterjee,ritika.chatterjee.214@yahoo.com,9812604223,Chandigarh,2022-11-26,Premium,Node.js Backend Development,Web Development,INS007,Vikas Mehta,20,Beginner,119,840,Disengaged
CRS002,LRN0316,ENR01006,2024-01-21,2024-02-10,2024-02-02,Completed,100,2024-02-02,89.53,1,2,Yes,12,-8,Sneha Mehta,sneha.mehta.316@gmail.com,9861207501,Mumbai,2022-07-02,Premium,Machine Learning Fundamentals,AI & ML,INS006,Priya Singh,10,Beginner,223,898,Disengaged
CRS031,LRN0316,ENR01857,2024-01-20,2024-01-30,2024-01-23,Completed,100,2024-01-23,82.23,2,5,Yes,3,-7,Sneha Mehta,sneha.mehta.316@gmail.com,9861207501,Mumbai,2022-07-02,Premium,Docker & Kubernetes,Cloud Computing,INS004,Sunita Rao,5,Intermediate,3781,908,Disengaged
CRS055,LRN0060,ENR01078,2024-01-31,2024-02-10,,Not Started,0,,,1,,No,,,Rahul Sharma,rahul.sharma.60@hotmail.com,9679740344,Delhi,2023-12-05,Free,Motion UI Design,Design,INS009,Suresh Gupta,5,Intermediate,3026,,Disengaged
CRS060,LRN0039,ENR01261,2024-01-15,2024-02-14,,Not Started,0,,,1,,No,,,Sachin Agarwal,sachin.agarwal.39@hotmail.com,9872774348,Surat,2022-09-02,Free,Bayesian Statistics,Data Science,INS006,Unknown,15,Intermediate,1231,,Disengaged
CRS029,LRN0152,ENR00175,2024-03-07,2024-05-26,2024-03-31,Completed,100,2024-03-31,47.26,1,3,No,24,-56,Arjun Verma,arjun.verma.152@outlook.com,9858549733,Jaipur,2022-11-02,Free,Brand Identity Design,Design,INS010,Anjali Iyer,40,Intermediate,4998,840,Disengaged
CRS046,LRN0373,ENR00675,2024-02-28,2024-04-08,,In Progress,79,,,1,,No,,,Preeti Iyer,preeti.iyer.373@yahoo.com,9147435031,Surat,2023-03-21,Basic,Terraform Infrastructure,Cloud Computing,INS013,Manish Verma,20,Beginner,300,,Disengaged
CRS046,LRN0414,ENR00138,2024-01-29,2024-03-09,2024-02-24,Completed,100,2024-02-24,98.2,1,4,Yes,26,-14,Arjun Kumar,arjun.kumar.414@rediffmail.com,9230940777,Indore,2022-01-06,Basic,Terraform Infrastructure,Cloud Computing,INS013,Manish Verma,20,Beginner,300,876,Disengaged
CRS005,LRN0397,ENR00817,2024-01-09,2024-02-18,,In Progress,34,2024-01-29,,1,,No,,,Deepak Rao,deepak.rao.397@gmail.com,9804204394,Ahmedabad,2023-11-02,Enterprise,Node.js Backend Development,Web Development,INS007,Vikas Mehta,20,Beginner,119,902,Disengaged
CRS017,LRN0052,ENR00594,2024-03-14,2024-04-03,,In Progress,64,2024-03-23,,1,,No,,,Siddharth Singh,siddharth.singh.52@gmail.com,9367837770,Chennai,2022-08-15,Basic,Network Security Essentials,Cybersecurity,INS002,Meera Nair,10,Advanced,14498,848,Disengaged
CRS055,LRN0362,ENR00825,2024-01-23,2024-02-02,,In Progress,13,2024-03-19,,1,,No,,,Ajay Kapoor,ajay.kapoor.362@yahoo.com,9114921643,Chandigarh,2022-10-18,Basic,Motion UI Design,Design,INS009,Suresh Gupta,5,Intermediate,3026,852,Disengaged
CRS010,LRN0040,ENR01082,2024-01-16,2024-02-05,,Dropped,15,2024-01-16,,1,,No,,,Megha Yadav,megha.yadav.40@yahoo.com,9455812236,Chandigarh,2022-08-08,Free,UI/UX Design Principles,Design,INS005,Deepak Joshi,10,Beginner,133,915,Disengaged
CRS040,LRN0201,ENR00196,2024-01-23,2024-02-22,,In Progress,89,2024-02-14,,1,,No,,,Komal Jain,komal.jain.201@gmail.com,9825071461,Bhopal,2022-05-26,Basic,TypeScript Advanced,Web Development,INS009,Suresh Gupta,15,Beginner,786,886,Disengaged
CRS048,LRN0431,ENR00707,2024-03-08,2024-03-18,,Dropped,12,2024-03-19,,1,1,No,,,Shreya Pillai,shreya.pillai.431@hotmail.com,9587020701,Mumbai,2022-03-30,Basic,OSINT & Threat Intelligence,Cybersecurity,INS009,Suresh Gupta,5,Beginner,440,852,Disengaged
CRS037,LRN0082,ENR00388,2024-02-21,2024-04-01,,Dropped,24,2024-02-24,,2,,No,,,Karan Patel,karan.patel.82@gmail.com,9368516048,Ahmedabad,2023-01-13,Premium,Data Engineering with Spark,Data Science,INS004,Sunita Rao,20,Advanced,14534,876,Disengaged
CRS009,LRN0224,ENR01366,2024-02-03,2024-02-23,2024-02-07,Completed,100,2024-02-07,99.48,1,4,Yes,4,-16,Sunita Chauhan,sunita.chauhan.224@rediffmail.com,9037613791,Mumbai,2023-01-05,Enterprise,Digital Marketing Strategy,Business,INS004,Sunita Rao,10,Advanced,8712,893,Disengaged
CRS029,LRN0455,ENR01881,2024-02-07,2024-04-27,,Dropped,19,2024-02-20,,1,,No,,,Varun Malhotra,varun.malhotra.455@yahoo.com,9443009109,Lucknow,2023-10-16,Free,Brand Identity Design,Design,INS010,Anjali Iyer,40,Intermediate,4998,880,Disengaged
CRS029,LRN0258,ENR00727,2024-02-05,2024-04-25,2024-03-02,Completed,100,2024-03-02,53.82,1,5,No,26,-54,Sunita Rao,sunita.rao.258@rediffmail.com,9872050614,Ahmedabad,2022-07-24,Free,Brand Identity Design,Design,INS010,Anjali Iyer,40,Intermediate,4998,869,Disengaged
CRS007,LRN0500,ENR00087,2024-01-14,2024-02-23,,Dropped,32,2024-01-14,,1,,No,,,Sneha Pillai,sneha.pillai.500@rediffmail.com,9285544518,Kolkata,2022-05-28,Free,Business Analytics Essentials,Business,INS003,Arjun Patel,20,Advanced,10604,917,Disengaged
CRS035,LRN0411,ENR01796,2024-02-22,2024-05-12,2024-03-31,Completed,100,2024-03-31,68.54,2,5,Yes,38,-42,Komal Banerjee,komal.banerjee.411@rediffmail.com,9826657027,Chandigarh,2022-07-26,Premium,React Native Cross-Platform,Mobile Development,INS002,Meera Nair,40,Beginner,66,840,Disengaged
CRS027,LRN0434,ENR00013,2024-02-04,2024-03-05,,Dropped,10,2024-02-14,,1,,No,,,Amit Verma,amit.verma.434@outlook.com,9701715772,Indore,2022-12-23,Basic,Financial Modelling,Business,INS012,Nisha Agarwal,15,Advanced,6347,886,Disengaged
CRS041,LRN0141,ENR00274,2024-02-26,2024-03-27,2024-02-29,Completed,100,2024-02-29,51.41,1,5,No,3,-27,Ravi Srivastava,ravi.srivastava.141@outlook.com,9258815371,Ahmedabad,2022-09-11,Free,GraphQL APIs,Web Development,INS002,Meera Nair,15,Intermediate,1945,871,Disengaged
CRS021,LRN0482,ENR01832,2024-01-13,2024-02-02,,Dropped,29,2024-01-15,,1,,No,,,Aditya Pandey,aditya.pandey.482@rediffmail.com,9528183253,Delhi,2023-10-27,Basic,Power BI & Tableau,Data Science,INS005,Deepak Joshi,10,Advanced,6616,916,Disengaged
CRS046,LRN0211,ENR00859,2024-03-10,2024-04-19,,Dropped,8,2024-03-16,,2,,No,,,Ananya Rao,ananya.rao.211@hotmail.com,9148580783,Delhi,2023-11-01,Premium,Terraform Infrastructure,Cloud Computing,INS013,Manish Verma,20,Beginner,300,855,Disengaged
CRS032,LRN0063,ENR01293,2024-02-29,2024-03-10,,Dropped,31,2024-03-14,,1,,No,,,Aditya Banerjee,aditya.banerjee.63@gmail.com,9659401399,Indore,2023-11-20,Premium,DevOps CI/CD Pipeline,Cloud Computing,INS003,Arjun Patel,5,Advanced,6723,857,Disengaged
CRS001,LRN0275,ENR00931,2024-02-06,2024-03-07,2024-02-24,Completed,100,2024-02-24,73.1,1,2,Yes,18,-12,Manish Reddy,manish.reddy.275@outlook.com,9994417154,Bhopal,2022-10-11,Free,Python for Data Science,Data Science,INS009,Suresh Gupta,15,Intermediate,2986,876,Disengaged
CRS008,LRN0190,ENR01051,2024-02-09,2024-04-29,2024-03-31,Completed,100,2024-03-31,96.03,1,2,Yes,51,-29,Priya Mishra,priya.mishra.190@outlook.com,9262655110,Ahmedabad,2023-01-04,Premium,Project Management Professional,Business,INS003,Arjun Patel,40,Intermediate,4049,840,Disengaged
CRS038,LRN0240,ENR00640,2024-02-11,2024-03-12,2024-03-01,Completed,100,2024-03-01,81.21,2,3,Yes,19,-11,Pooja Pandey,pooja.pandey.240@rediffmail.com,9680442067,Chandigarh,2023-07-18,Free,Reinforcement Learning,AI & ML,INS010,Unknown,15,Advanced,10834,870,Disengaged
CRS007,LRN0238,ENR00712,2024-03-09,2024-04-18,,Dropped,20,2024-03-09,,1,4,No,,,Divya Kapoor,divya.kapoor.238@gmail.com,9912127756,Jaipur,2023-01-02,Enterprise,Business Analytics Essentials,Business,INS003,Arjun Patel,20,Advanced,10604,862,Disengaged
CRS028,LRN0176,ENR00520,2024-01-08,2024-02-17,2024-01-11,Completed,100,2024-01-11,77.37,1,5,Yes,3,-37,Komal Malhotra,komal.malhotra.176@gmail.com,9837354033,Chandigarh,2023-05-06,Enterprise,Entrepreneurship 101,Business,INS006,Priya Singh,20,Beginner,394,920,Disengaged
CRS014,LRN0207,ENR01012,2024-01-28,2024-02-27,2024-02-17,Completed,100,2024-02-17,60.08,1,2,Yes,20,-10,Amit Kumar,amit.kumar.207@rediffmail.com,9341252866,Bengaluru,2023-08-12,Basic,Google Cloud Fundamentals,Cloud Computing,INS002,Meera Nair,15,Beginner,67,883,Disengaged
CRS044,LRN0006,ENR00204,2024-02-04,2024-04-24,2024-03-15,Completed,100,2024-03-15,54.79,1,5,No,40,-40,Karan Pillai,karan.pillai.6@outlook.com,9283276483,Bhopal,2022-02-27,Free,Adobe Illustrator Mastery,Design,INS010,Anjali Iyer,40,Intermediate,2240,856,Disengaged
CRS055,LRN0187,ENR00878,2024-02-02,2024-02-12,2024-02-05,Completed,100,2024-02-05,99.01,2,1,Yes,3,-7,Ishaan Rao,ishaan.rao.187@rediffmail.com,9261429396,Kolkata,2023-01-29,Premium,Motion UI Design,Design,INS009,Suresh Gupta,5,Intermediate,3026,895,Disengaged
CRS028,LRN0101,ENR01071,2024-01-06,2024-02-15,,In Progress,80,2024-03-21,,1,,No,,,Simran Gupta,simran.gupta.101@gmail.com,9034324451,Ahmedabad,2023-03-17,Free,Entrepreneurship 101,Business,INS006,Priya Singh,20,Beginner,394,850,Disengaged
CRS043,LRN0441,ENR00436,2024-01-10,2024-03-30,,In Progress,65,2024-03-03,,1,,No,,,Ravi Kumar,ravi.kumar.441@hotmail.com,9403696566,Pune,2023-07-13,Free,Leadership & Communication,Business,INS008,Kavita Reddy,40,Beginner,995,868,Disengaged
CRS006,LRN0329,ENR01427,2024-03-16,2024-03-26,,In Progress,71,2024-03-17,,1,,No,,,Mohit Yadav,mohit.yadav.329@hotmail.com,9145303856,Ahmedabad,2022-02-17,Free,HTML & CSS Mastery,Web Development,INS015,Unknown,5,Intermediate,2276,854,Disengaged
CRS008,LRN0372,ENR01295,2024-01-24,2024-04-13,,Dropped,28,2024-02-02,,1,,No,,,Anita Yadav,anita.yadav.372@outlook.com,9037183764,Bengaluru,2023-10-07,Premium,Project Management Professional,Business,INS003,Arjun Patel,40,Intermediate,4049,898,Disengaged
CRS012,LRN0198,ENR01573,2024-02-21,2024-04-01,,In Progress,46,2024-03-24,,1,,No,,,Neha Jain,neha.jain.198@rediffmail.com,9661797968,Bhopal,2023-12-10,Basic,Motion Graphics & Animation,Design,INS013,Manish Verma,20,Beginner,201,847,Disengaged
CRS024,LRN0417,ENR00402,2024-01-03,2024-02-02,2024-01-17,Completed,100,2024-01-17,72.61,2,4,Yes,14,-16,Preeti Joshi,preeti.joshi.417@gmail.com,9795014556,Indore,2023-03-14,Premium,Computer Vision,AI & ML,INS003,Arjun Patel,15,Intermediate,1877,914,Disengaged
CRS002,LRN0157,ENR00823,2024-03-13,2024-04-02,,In Progress,32,2024-03-15,,1,,No,,,Megha Tiwari,megha.tiwari.157@yahoo.com,9401938026,Mumbai,2023-02-11,Premium,Machine Learning Fundamentals,AI & ML,INS006,Priya Singh,10,Beginner,223,856,Disengaged
CRS004,LRN0340,ENR01077,2024-03-04,2024-05-03,,Not Started,0,,,1,,No,,,Rekha Shah,rekha.shah.340@hotmail.com,9944869594,Indore,2022-07-28,Basic,React.js Complete Guide,Web Development,INS014,Pooja Mishra,30,Advanced,6867,,Disengaged
CRS044,LRN0042,ENR01982,2024-03-13,2024-06-01,,Dropped,10,2024-03-27,,1,,No,,,Ravi Chauhan,ravi.chauhan.42@hotmail.com,9668893734,Ahmedabad,2022-01-30,Basic,Adobe Illustrator Mastery,Design,INS010,Anjali Iyer,40,Intermediate,2240,844,Disengaged
CRS052,LRN0135,ENR00532,2024-03-16,2024-06-04,2024-03-19,Completed,100,2024-03-19,63.75,2,4,Yes,3,-77,Nikhil Iyer,nikhil.iyer.135@rediffmail.com,9669125177,Kolkata,2022-05-12,Premium,Svelte & SvelteKit,Web Development,INS005,Deepak Joshi,40,Intermediate,4129,852,Disengaged
CRS016,LRN0114,ENR01007,2024-02-28,2024-03-19,,In Progress,38,2024-03-10,,1,3,No,,,Sneha Iyer,sneha.iyer.114@yahoo.com,9880592962,Bengaluru,2023-12-11,Premium,Ethical Hacking Basics,Cybersecurity,INS010,Unknown,10,Beginner,686,861,Disengaged
CRS009,LRN0111,ENR00284,2024-03-11,2024-03-31,2024-03-28,Completed,100,,60.26,1,4,Yes,17,-3,Karan Tiwari,karan.tiwari.111@rediffmail.com,9186449251,Surat,2022-05-25,Enterprise,Digital Marketing Strategy,Business,INS004,Sunita Rao,10,Advanced,8712,,Disengaged
CRS024,LRN0202,ENR01468,2024-02-27,2024-03-28,,In Progress,20,2024-03-20,,1,,No,,,Ishaan Iyer,ishaan.iyer.202@gmail.com,9757177514,Indore,2023-12-29,Free,Computer Vision,AI & ML,INS003,Arjun Patel,15,Intermediate,1877,851,Disengaged
CRS021,LRN0108,ENR00908,2024-01-30,2024-02-19,,Not Started,0,,,2,,No,,,Karan Shah,karan.shah.108@hotmail.com,9199867980,Indore,2023-08-09,Premium,Power BI & Tableau,Data Science,INS005,Deepak Joshi,10,Advanced,6616,,Disengaged
CRS038,LRN0395,ENR00416,2024-01-20,2024-02-19,2024-02-29,Completed,100,2024-02-29,74.9,3,5,Yes,40,10,Manish Patel,manish.patel.395@gmail.com,9110392405,Chennai,2023-04-06,Basic,Reinforcement Learning,AI & ML,INS010,Unknown,15,Advanced,10834,871,Disengaged
CRS018,LRN0165,ENR01527,2024-01-20,2024-02-19,2024-02-16,Completed,100,2024-02-16,91.76,1,1,Yes,27,-3,Ishaan Jain,ishaan.jain.165@hotmail.com,9971870728,Ahmedabad,2023-08-01,Free,Flutter App Development,Mobile Development,INS006,Priya Singh,15,Beginner,875,884,Disengaged
CRS050,LRN0392,ENR00313,2024-02-21,2024-03-02,,In Progress,26,,,1,,No,,,Sunita Mishra,sunita.mishra.392@hotmail.com,9168622783,Pune,2023-10-30,Basic,Scala for Big Data,Data Science,INS008,Kavita Reddy,5,Beginner,181,,Disengaged
CRS025,LRN0494,ENR01419,2024-02-02,2024-03-13,2024-02-05,Completed,100,2024-02-05,94.75,2,2,Yes,3,-37,Ishaan Malhotra,ishaan.malhotra.494@rediffmail.com,9767426629,Delhi,2022-05-28,Free,Vue.js & Nuxt Development,Web Development,INS004,Sunita Rao,20,Beginner,779,895,Disengaged
CRS039,LRN0131,ENR00735,2024-01-03,2024-03-23,2024-03-20,Completed,100,2024-03-20,67.59,1,4,Yes,77,-3,Sunita Tiwari,sunita.tiwari.131@gmail.com,9431027868,Chennai,2022-09-24,Premium,Transformer Models & LLMs,AI & ML,INS008,Kavita Reddy,40,Advanced,12938,851,Disengaged
CRS022,LRN0225,ENR01854,2024-01-29,2024-02-18,2024-02-03,Completed,100,2024-02-03,83.84,1,2,Yes,5,-15,Divya Srivastava,divya.srivastava.225@gmail.com,9965827109,Mumbai,2022-09-26,Free,Statistics for Data Science,Data Science,INS015,Kiran Desai,10,Advanced,12777,897,Disengaged
CRS028,LRN0200,ENR01432,2024-02-04,2024-03-15,2024-02-07,Completed,100,2024-02-07,94.77,1,3,Yes,3,-37,Rekha Kumar,rekha.kumar.200@yahoo.com,9014388899,Ahmedabad,2023-01-19,Basic,Entrepreneurship 101,Business,INS006,Priya Singh,20,Beginner,394,893,Disengaged
CRS005,LRN0179,ENR00113,2024-01-06,2024-02-15,,In Progress,49,2024-03-19,,1,,No,,,Preeti Mukherjee,preeti.mukherjee.179@rediffmail.com,9996423536,Bhopal,2022-09-09,Basic,Node.js Backend Development,Web Development,INS007,Vikas Mehta,20,Beginner,119,852,Disengaged
CRS049,LRN0436,ENR00280,2024-01-05,2024-02-14,2024-01-08,Completed,100,2024-01-08,72.84,1,5,Yes,3,-37,Pooja Reddy,pooja.reddy.436@rediffmail.com,9276153966,Indore,2022-12-17,Basic,Unity Game Development,Mobile Development,INS007,Vikas Mehta,20,Intermediate,2541,923,Disengaged
CRS039,LRN0273,ENR01729,2024-03-11,2024-05-30,2024-03-31,Completed,100,2024-03-31,76.76,1,2,Yes,20,-60,Geeta Iyer,geeta.iyer.273@rediffmail.com,9007229034,Indore,2022-11-09,Premium,Transformer Models & LLMs,AI & ML,INS008,Kavita Reddy,40,Advanced,12938,840,Disengaged
CRS052,LRN0169,ENR01737,2024-01-13,2024-04-02,,Dropped,13,2024-01-25,,1,,No,,,Vijay Agarwal,vijay.agarwal.169@gmail.com,9863375243,Mumbai,2023-11-08,Basic,Svelte & SvelteKit,Web Development,INS005,Deepak Joshi,40,Intermediate,4129,906,Disengaged
CRS048,LRN0445,ENR01305,2024-03-06,2024-03-16,2024-03-20,Completed,100,2024-03-20,90.28,2,5,Yes,14,4,Nikhil Jain,nikhil.jain.445@rediffmail.com,9519712847,Delhi,2023-06-20,Premium,OSINT & Threat Intelligence,Cybersecurity,INS009,Suresh Gupta,5,Beginner,440,851,Disengaged
CRS022,LRN0057,ENR01476,2024-01-28,2024-02-17,,Dropped,11,2024-02-11,,2,,No,,,Kavya Chatterjee,kavya.chatterjee.57@yahoo.com,9711671902,Indore,2023-07-31,Enterprise,Statistics for Data Science,Data Science,INS015,Kiran Desai,10,Advanced,12777,889,Disengaged
CRS005,LRN0123,ENR00458,2024-03-09,2024-04-18,2024-03-18,Completed,100,2024-03-18,93.54,1,4,Yes,9,-31,Vijay Iyer,vijay.iyer.123@gmail.com,9880670654,Kolkata,2022-03-11,Basic,Node.js Backend Development,Web Development,INS007,Vikas Mehta,20,Beginner,119,853,Disengaged
CRS003,LRN0089,ENR01299,2024-01-06,2024-01-26,2024-02-05,Completed,100,2024-02-05,71.89,2,4,Yes,30,10,Ravi Bose,ravi.bose.89@rediffmail.com,9395024026,Delhi,2022-03-07,Basic,Deep Learning with TensorFlow,AI & ML,INS004,Sunita Rao,10,Advanced,13612,895,Disengaged
CRS055,LRN0193,ENR01876,2024-01-06,2024-01-16,,Dropped,29,,,1,,No,,,Rahul Patel,rahul.patel.193@hotmail.com,9444721264,Chennai,2023-05-11,Premium,Motion UI Design,Design,INS009,Suresh Gupta,5,Intermediate,3026,,Disengaged
CRS012,LRN0129,ENR00428,2024-01-26,2024-03-06,,In Progress,60,2024-03-01,,1,,No,,,Rohan Singh,rohan.singh.129@yahoo.com,9658202970,Delhi,2022-08-30,Premium,Motion Graphics & Animation,Design,INS013,Manish Verma,20,Beginner,201,870,Disengaged
CRS055,LRN0285,ENR00846,2024-03-04,2024-03-14,2024-03-15,Completed,100,2024-03-15,99.76,1,1,Yes,11,1,Sunita Sharma,sunita.sharma.285@outlook.com,9332309821,Chandigarh,2023-10-29,Premium,Motion UI Design,Design,INS009,Suresh Gupta,5,Intermediate,3026,856,Disengaged
CRS006,LRN0482,ENR01474,2024-01-23,2024-02-02,,Not Started,0,,,2,,No,,,Aditya Pandey,aditya.pandey.482@rediffmail.com,9528183253,Delhi,2023-10-27,Basic,HTML & CSS Mastery,Web Development,INS015,Unknown,5,Intermediate,2276,,Disengaged
CRS032,LRN0008,ENR01563,2024-01-16,2024-01-26,2024-01-19,Completed,100,2024-01-19,64.48,2,5,Yes,3,-7,Divya Yadav,divya.yadav.8@yahoo.com,9884969653,Jaipur,2023-05-21,Free,DevOps CI/CD Pipeline,Cloud Computing,INS003,Arjun Patel,5,Advanced,6723,912,Disengaged
CRS008,LRN0180,ENR00631,2024-02-13,2024-05-03,,In Progress,21,2024-03-28,,1,,No,,,Mohit Malhotra,mohit.malhotra.180@rediffmail.com,9772522872,Surat,2022-03-02,Basic,Project Management Professional,Business,INS003,Arjun Patel,40,Intermediate,4049,843,Disengaged
CRS052,LRN0133,ENR01389,2024-02-21,2024-05-11,,Dropped,8,2024-03-04,,2,,No,,,Ravi Jain,ravi.jain.133@yahoo.com,9188442258,Delhi,2022-07-25,Premium,Svelte & SvelteKit,Web Development,INS005,Deepak Joshi,40,Intermediate,4129,867,Disengaged
CRS005,LRN0283,ENR01339,2024-03-13,2024-04-22,,Dropped,17,2024-03-26,,1,,No,,,Manish Sharma,manish.sharma.283@yahoo.com,9583003354,Delhi,2023-01-28,Basic,Node.js Backend Development,Web Development,INS007,Vikas Mehta,20,Beginner,119,845,Disengaged
CRS039,LRN0383,ENR01969,2024-03-14,2024-06-02,2024-03-17,Completed,100,2024-03-17,53.2,1,2,No,3,-77,Karan Mehta,karan.mehta.383@yahoo.com,9811386338,Lucknow,2023-10-03,Enterprise,Transformer Models & LLMs,AI & ML,INS008,Kavita Reddy,40,Advanced,12938,854,Disengaged
CRS033,LRN0158,ENR00720,2024-02-09,2024-03-20,2024-03-08,Completed,100,2024-03-08,70.95,1,5,Yes,28,-12,Arjun Mukherjee,arjun.mukherjee.158@hotmail.com,9400499154,Surat,2023-07-11,Basic,Penetration Testing,Cybersecurity,INS007,Vikas Mehta,20,Advanced,6392,863,Disengaged
CRS019,LRN0260,ENR01242,2024-01-17,2024-03-17,2024-02-24,Completed,100,2024-02-24,91.54,1,5,Yes,38,-22,Deepak Pandey,deepak.pandey.260@rediffmail.com,9270477434,Mumbai,2022-06-04,Premium,iOS Development with Swift,Mobile Development,INS009,Suresh Gupta,30,Beginner,101,876,Disengaged
CRS020,LRN0435,ENR01606,2024-02-18,2024-02-28,,Not Started,0,,,1,,No,,,Divya Iyer,divya.iyer.435@hotmail.com,9161581487,Lucknow,2023-02-28,Free,SQL & Database Design,Data Science,INS013,Unknown,5,Advanced,8138,,Disengaged
CRS015,LRN0052,ENR00459,2024-02-04,2024-02-14,,In Progress,36,2024-02-14,,1,,No,,,Siddharth Singh,siddharth.singh.52@gmail.com,9367837770,Chennai,2022-08-15,Basic,Azure Data Engineering,Cloud Computing,INS013,Manish Verma,5,Beginner,942,886,Disengaged
CRS015,LRN0224,ENR00414,2024-01-13,2024-01-23,,Dropped,32,2024-01-15,,1,,No,,,Sunita Chauhan,sunita.chauhan.224@rediffmail.com,9037613791,Mumbai,2023-01-05,Enterprise,Azure Data Engineering,Cloud Computing,INS013,Manish Verma,5,Beginner,942,916,Disengaged
CRS056,LRN0170,ENR00692,2024-01-21,2024-03-21,2024-01-24,Completed,100,2024-01-24,45.38,1,4,No,3,-57,Vivaan Yadav,vivaan.yadav.170@gmail.com,9311907903,Pune,2023-03-26,Free,NoSQL & MongoDB,Data Science,INS007,Vikas Mehta,30,Advanced,9660,907,Disengaged
CRS029,LRN0019,ENR01523,2024-02-25,2024-05-15,2024-03-16,Completed,100,2024-03-16,82.67,1,2,Yes,20,-60,Sunita Banerjee,sunita.banerjee.19@rediffmail.com,9026064746,Surat,2023-05-14,Free,Brand Identity Design,Design,INS010,Anjali Iyer,40,Intermediate,4998,855,Disengaged
CRS031,LRN0076,ENR01894,2024-01-14,2024-01-24,2024-01-17,Completed,100,2024-01-17,90.98,2,4,Yes,3,-7,Nisha Desai,nisha.desai.76@rediffmail.com,9222196937,Bengaluru,2022-08-26,Basic,Docker & Kubernetes,Cloud Computing,INS004,Sunita Rao,5,Intermediate,3781,914,Disengaged
CRS031,LRN0443,ENR01450,2024-01-23,2024-02-02,,In Progress,45,2024-03-04,,1,5,No,,,Mohit Desai,mohit.desai.443@yahoo.com,9621267969,Ahmedabad,2023-06-06,Basic,Docker & Kubernetes,Cloud Computing,INS004,Sunita Rao,5,Intermediate,3781,867,Disengaged
CRS023,LRN0079,ENR01462,2024-03-12,2024-05-31,,In Progress,38,2024-03-24,,1,3,No,,,Aarav Rao,aarav.rao.79@rediffmail.com,9097439533,Chennai,2023-11-26,Premium,NLP with Python,AI & ML,INS006,Priya Singh,40,Advanced,6758,847,Disengaged
CRS051,LRN0450,ENR01174,2024-01-16,2024-04-05,,In Progress,40,2024-02-10,,1,,No,,,Aditya Tiwari,aditya.tiwari.450@yahoo.com,9129276637,Hyderabad,2023-08-15,Premium,MLOps & Model Deployment,AI & ML,INS015,Kiran Desai,40,Beginner,503,890,Disengaged
CRS002,LRN0275,ENR00425,2024-03-07,2024-03-27,,In Progress,37,2024-03-11,,2,,No,,,Manish Reddy,manish.reddy.275@outlook.com,9994417154,Bhopal,2022-10-11,Free,Machine Learning Fundamentals,AI & ML,INS006,Priya Singh,10,Beginner,223,860,Disengaged
CRS041,LRN0013,ENR00505,2024-01-13,2024-02-12,2024-01-16,Completed,100,2024-01-16,94.13,1,4,Yes,3,-27,Divya Desai,divya.desai.13@yahoo.com,9782489638,Chandigarh,2022-11-16,Basic,GraphQL APIs,Web Development,INS002,Meera Nair,15,Intermediate,1945,915,Disengaged
CRS011,LRN0240,ENR00252,2024-02-27,2024-03-08,,Not Started,0,,,1,,No,,,Pooja Pandey,pooja.pandey.240@rediffmail.com,9680442067,Chandigarh,2023-07-18,Free,Figma for Beginners,Design,INS012,Nisha Agarwal,5,Beginner,19,,Disengaged
CRS028,LRN0432,ENR01412,2024-02-14,2024-03-25,,Not Started,0,,,1,,No,,,Arjun Jain,arjun.jain.432@gmail.com,9997954538,Indore,2023-04-22,Basic,Entrepreneurship 101,Business,INS006,Priya Singh,20,Beginner,394,,Disengaged
CRS054,LRN0194,ENR00548,2024-03-15,2024-04-24,2024-03-31,Completed,100,2024-03-31,53.25,1,1,No,16,-24,Manish Mishra,manish.mishra.194@gmail.com,9379937124,Pune,2022-12-07,Premium,Product Management,Business,INS010,Anjali Iyer,20,Intermediate,4499,840,Disengaged
CRS018,LRN0408,ENR00170,2024-01-17,2024-02-16,,Dropped,31,2024-01-26,,1,4,No,,,Deepak Malhotra,deepak.malhotra.408@gmail.com,9569998808,Ahmedabad,2023-04-13,Premium,Flutter App Development,Mobile Development,INS006,Priya Singh,15,Beginner,875,905,Disengaged
CRS041,LRN0112,ENR00633,2024-02-17,2024-03-18,,In Progress,49,2024-03-03,,2,,No,,,Shreya Shah,shreya.shah.112@rediffmail.com,9629148652,Delhi,2023-10-24,Premium,GraphQL APIs,Web Development,INS002,Meera Nair,15,Intermediate,1945,868,Disengaged
CRS003,LRN0409,ENR01241,2024-01-30,2024-02-19,,In Progress,65,2024-03-04,,3,,No,,,Pooja Iyer,pooja.iyer.409@hotmail.com,9860868034,Pune,2022-11-08,Premium,Deep Learning with TensorFlow,AI & ML,INS004,Sunita Rao,10,Advanced,13612,867,Disengaged
CRS018,LRN0140,ENR00944,2024-01-03,2024-02-02,,Dropped,4,,,1,,No,,,Shalini Singh,shalini.singh.140@yahoo.com,9027677359,Kolkata,2022-11-23,Premium,Flutter App Development,Mobile Development,INS006,Priya Singh,15,Beginner,875,,Disengaged
CRS004,LRN0031,ENR00041,2024-02-12,2024-04-12,,Not Started,0,,,1,,No,,,Karan Kapoor,karan.kapoor.31@yahoo.com,9458685014,Lucknow,2022-09-29,Free,React.js Complete Guide,Web Development,INS014,Pooja Mishra,30,Advanced,6867,,Disengaged
CRS006,LRN0440,ENR00297,2024-02-09,2024-02-19,,In Progress,21,2024-02-29,,1,2,No,,,Komal Sharma,komal.sharma.440@gmail.com,9986240580,Chandigarh,2023-07-28,Premium,HTML & CSS Mastery,Web Development,INS015,Unknown,5,Intermediate,2276,871,Disengaged
CRS042,LRN0331,ENR01407,2024-01-22,2024-02-01,,In Progress,34,2024-01-25,,2,,No,,,Varun Iyer,varun.iyer.331@hotmail.com,9655779082,Bengaluru,2022-08-24,Free,Operations Management,Business,INS001,Unknown,5,Advanced,6117,906,Disengaged
CRS015,LRN0026,ENR00541,2024-01-15,2024-01-25,,In Progress,74,,,2,,No,,,Kavya Iyer,kavya.iyer.26@yahoo.com,9740164005,Surat,2022-09-26,Free,Azure Data Engineering,Cloud Computing,INS013,Manish Verma,5,Beginner,942,,Disengaged
CRS049,LRN0384,ENR00880,2024-02-28,2024-04-08,,In Progress,80,2024-03-20,,1,,No,,,Preeti Agarwal,preeti.agarwal.384@hotmail.com,9195761228,Jaipur,2022-12-12,Premium,Unity Game Development,Mobile Development,INS007,Vikas Mehta,20,Intermediate,2541,851,Disengaged
CRS037,LRN0473,ENR01610,2024-01-28,2024-03-08,,Not Started,0,,,1,,No,,,Pooja Malhotra,pooja.malhotra.473@outlook.com,9799563531,Hyderabad,2022-04-11,Free,Data Engineering with Spark,Data Science,INS004,Sunita Rao,20,Advanced,14534,,Disengaged
CRS010,LRN0417,ENR01152,2024-03-17,2024-04-06,,In Progress,71,2024-03-25,,1,,No,,,Preeti Joshi,preeti.joshi.417@gmail.com,9795014556,Indore,2023-03-14,Premium,UI/UX Design Principles,Design,INS005,Deepak Joshi,10,Beginner,133,846,Disengaged
CRS037,LRN0233,ENR00472,2024-02-14,2024-03-25,2024-02-17,Completed,100,2024-02-17,72.44,1,4,Yes,3,-37,Ajay Gupta,ajay.gupta.233@gmail.com,9617445187,Kolkata,2022-07-25,Free,Data Engineering with Spark,Data Science,INS004,Sunita Rao,20,Advanced,14534,883,Disengaged
CRS035,LRN0097,ENR01085,2024-02-02,2024-04-22,,Dropped,5,2024-02-16,,3,,No,,,Reena Pillai,reena.pillai.97@outlook.com,9809402445,Mumbai,2022-07-05,Premium,React Native Cross-Platform,Mobile Development,INS002,Meera Nair,40,Beginner,66,884,Disengaged
CRS031,LRN0043,ENR00713,2024-01-26,2024-02-05,2024-02-08,Completed,100,,56.82,1,5,No,13,3,Sunita Malhotra,sunita.malhotra.43@gmail.com,9272980699,Delhi,2023-10-21,Basic,Docker & Kubernetes,Cloud Computing,INS004,Sunita Rao,5,Intermediate,3781,,Disengaged
CRS007,LRN0157,ENR00798,2024-01-12,2024-02-21,,In Progress,89,2024-02-21,,1,,No,,,Megha Tiwari,megha.tiwari.157@yahoo.com,9401938026,Mumbai,2023-02-11,Premium,Business Analytics Essentials,Business,INS003,Arjun Patel,20,Advanced,10604,879,Disengaged
CRS029,LRN0166,ENR01684,2024-01-27,2024-04-16,2024-03-26,Completed,100,2024-03-26,77.62,2,2,Yes,59,-21,Shalini Desai,shalini.desai.166@hotmail.com,9406403910,Kolkata,2023-12-19,Free,Brand Identity Design,Design,INS010,Anjali Iyer,40,Intermediate,4998,845,Disengaged
CRS017,LRN0224,ENR00230,2024-02-14,2024-03-05,,In Progress,57,2024-03-16,,1,,No,,,Sunita Chauhan,sunita.chauhan.224@rediffmail.com,9037613791,Mumbai,2023-01-05,Enterprise,Network Security Essentials,Cybersecurity,INS002,Meera Nair,10,Advanced,14498,855,Disengaged
CRS006,LRN0064,ENR00748,2024-01-23,2024-02-02,,In Progress,25,2024-03-29,,1,,No,,,Nisha Gupta,nisha.gupta.64@gmail.com,9278742967,Ahmedabad,2022-12-23,Basic,HTML & CSS Mastery,Web Development,INS015,Unknown,5,Intermediate,2276,842,Disengaged
CRS006,LRN0217,ENR00060,2024-02-24,2024-03-05,,Dropped,11,,,1,,No,,,Amit Das,amit.das.217@gmail.com,9458929750,Delhi,2023-10-04,Premium,HTML & CSS Mastery,Web Development,INS015,Unknown,5,Intermediate,2276,,Disengaged
CRS027,LRN0225,ENR00806,2024-03-12,2024-04-11,,In Progress,34,2024-03-30,,1,,No,,,Divya Srivastava,divya.srivastava.225@gmail.com,9965827109,Mumbai,2022-09-26,Free,Financial Modelling,Business,INS012,Nisha Agarwal,15,Advanced,6347,841,Disengaged
CRS023,LRN0129,ENR00788,2024-01-11,2024-03-31,2024-03-31,Completed,100,2024-03-31,89.33,1,4,Yes,80,0,Rohan Singh,rohan.singh.129@yahoo.com,9658202970,Delhi,2022-08-30,Premium,NLP with Python,AI & ML,INS006,Priya Singh,40,Advanced,6758,840,Disengaged
CRS004,LRN0336,ENR01570,2024-02-19,2024-04-19,2024-03-31,Completed,100,2024-03-31,92.55,1,1,Yes,41,-19,Sneha Sharma,sneha.sharma.336@rediffmail.com,9388629127,Lucknow,2022-02-09,Premium,React.js Complete Guide,Web Development,INS014,Pooja Mishra,30,Advanced,6867,840,Disengaged
CRS004,LRN0015,ENR00835,2024-02-08,2024-04-08,2024-03-19,Completed,100,2024-03-19,98.03,1,4,Yes,40,-20,Karan Jain,karan.jain.15@hotmail.com,9031051834,Hyderabad,2023-07-07,Free,React.js Complete Guide,Web Development,INS014,Pooja Mishra,30,Advanced,6867,852,Disengaged
CRS055,LRN0341,ENR01700,2024-02-07,2024-02-17,,In Progress,16,2024-03-14,,1,,No,,,Arjun Pandey,arjun.pandey.341@gmail.com,9887449562,Chandigarh,2022-08-24,Basic,Motion UI Design,Design,INS009,Suresh Gupta,5,Intermediate,3026,857,Disengaged
CRS051,LRN0313,ENR01181,2024-02-14,2024-05-04,2024-02-17,Completed,100,2024-02-17,49.19,1,1,No,3,-77,Reena Iyer,reena.iyer.313@yahoo.com,9780157399,Mumbai,2023-11-30,Premium,MLOps & Model Deployment,AI & ML,INS015,Kiran Desai,40,Beginner,503,883,Disengaged
CRS028,LRN0442,ENR01742,2024-02-24,2024-04-04,,In Progress,57,2024-03-09,,1,,No,,,Divya Mehta,divya.mehta.442@gmail.com,9865624220,Surat,2022-01-17,Free,Entrepreneurship 101,Business,INS006,Priya Singh,20,Beginner,394,862,Disengaged
CRS017,LRN0383,ENR01108,2024-01-17,2024-02-06,,In Progress,25,2024-03-31,,3,,No,,,Karan Mehta,karan.mehta.383@yahoo.com,9811386338,Lucknow,2023-10-03,Enterprise,Network Security Essentials,Cybersecurity,INS002,Meera Nair,10,Advanced,14498,840,Disengaged
CRS005,LRN0125,ENR00885,2024-01-23,2024-03-03,2024-01-27,Completed,100,2024-01-27,76.45,1,1,Yes,4,-36,Shalini Gupta,shalini.gupta.125@rediffmail.com,9430305486,Ahmedabad,2022-09-17,Free,Node.js Backend Development,Web Development,INS007,Vikas Mehta,20,Beginner,119,904,Disengaged
CRS024,LRN0392,ENR01717,2024-01-28,2024-02-27,2024-02-01,Completed,100,2024-02-01,61.37,2,3,Yes,4,-26,Sunita Mishra,sunita.mishra.392@hotmail.com,9168622783,Pune,2023-10-30,Basic,Computer Vision,AI & ML,INS003,Arjun Patel,15,Intermediate,1877,899,Disengaged
CRS007,LRN0333,ENR00485,2024-02-12,2024-03-23,,In Progress,82,,,1,,No,,,Geeta Sharma,geeta.sharma.333@rediffmail.com,9302992280,Bengaluru,2022-02-27,Free,Business Analytics Essentials,Business,INS003,Arjun Patel,20,Advanced,10604,,Disengaged
CRS058,LRN0335,ENR00418,2024-01-29,2024-02-28,2024-02-27,Completed,100,2024-02-27,91.23,1,4,Yes,29,-1,Komal Das,komal.das.335@gmail.com,9298425799,Hyderabad,2023-01-23,Basic,Zero Trust Security,Cybersecurity,INS014,Pooja Mishra,15,Intermediate,4039,873,Disengaged
CRS007,LRN0094,ENR01230,2024-01-25,2024-03-05,2024-02-15,Completed,100,2024-02-15,54.44,1,4,No,21,-19,Kavya Pandey,kavya.pandey.94@yahoo.com,9271111615,Jaipur,2022-03-03,Basic,Business Analytics Essentials,Business,INS003,Arjun Patel,20,Advanced,10604,885,Disengaged
CRS002,LRN0243,ENR00489,2024-03-05,2024-03-25,,In Progress,25,2024-03-06,,1,,No,,,Vivaan Srivastava,vivaan.srivastava.243@gmail.com,9625324472,Lucknow,2023-09-27,Basic,Machine Learning Fundamentals,AI & ML,INS006,Priya Singh,10,Beginner,223,865,Disengaged
CRS032,LRN0311,ENR00082,2024-01-13,2024-01-23,,Dropped,19,2024-01-20,,1,,No,,,Reena Das,reena.das.311@yahoo.com,9479851583,Jaipur,2022-03-11,Premium,DevOps CI/CD Pipeline,Cloud Computing,INS003,Arjun Patel,5,Advanced,6723,911,Disengaged
CRS017,LRN0457,ENR00784,2024-01-15,2024-02-04,,In Progress,84,2024-03-09,,1,,No,,,Amit Mishra,amit.mishra.457@outlook.com,9214066504,Bengaluru,2023-03-28,Free,Network Security Essentials,Cybersecurity,INS002,Meera Nair,10,Advanced,14498,862,Disengaged
CRS001,LRN0218,ENR01847,2024-01-31,2024-03-01,,In Progress,74,2024-02-06,,1,,No,,,Shalini Sharma,shalini.sharma.218@yahoo.com,9127706324,Bhopal,2022-10-08,Free,Python for Data Science,Data Science,INS009,Suresh Gupta,15,Intermediate,2986,894,Disengaged
CRS039,LRN0441,ENR01008,2024-02-19,2024-05-09,,In Progress,22,2024-03-04,,2,,No,,,Ravi Kumar,ravi.kumar.441@hotmail.com,9403696566,Pune,2023-07-13,Free,Transformer Models & LLMs,AI & ML,INS008,Kavita Reddy,40,Advanced,12938,867,Disengaged
CRS030,LRN0061,ENR01234,2024-03-02,2024-05-01,,Dropped,31,2024-03-08,,1,,No,,,Kavya Bose,kavya.bose.61@gmail.com,9936183242,Mumbai,2022-06-19,Premium,3D Modelling with Blender,Design,INS004,Sunita Rao,30,Intermediate,4503,863,Disengaged
CRS013,LRN0091,ENR00341,2024-03-13,2024-06-01,,In Progress,46,2024-03-18,,1,,No,,,Nikhil Chatterjee,nikhil.chatterjee.91@yahoo.com,9661771159,Delhi,2022-05-10,Free,AWS Solutions Architect,Cloud Computing,INS013,Manish Verma,40,Advanced,12685,853,Disengaged
CRS052,LRN0044,ENR00884,2024-02-10,2024-04-30,,Dropped,7,2024-02-24,,1,,No,,,Shalini Joshi,shalini.joshi.44@outlook.com,9046537556,Indore,2023-03-08,Free,Svelte & SvelteKit,Web Development,INS005,Deepak Joshi,40,Intermediate,4129,876,Disengaged
CRS016,LRN0217,ENR01224,2024-03-06,2024-03-26,,Not Started,0,,,1,,No,,,Amit Das,amit.das.217@gmail.com,9458929750,Delhi,2023-10-04,Premium,Ethical Hacking Basics,Cybersecurity,INS010,Unknown,10,Beginner,686,,Disengaged
CRS008,LRN0396,ENR01503,2024-03-05,2024-05-24,,In Progress,57,2024-03-22,,1,,No,,,Suresh Mehta,suresh.mehta.396@yahoo.com,9833884879,Chandigarh,2023-12-17,Premium,Project Management Professional,Business,INS003,Arjun Patel,40,Intermediate,4049,849,Disengaged
CRS058,LRN0209,ENR01887,2024-01-04,2024-02-03,,Dropped,33,2024-01-12,,3,,No,,,Aarav Nair,aarav.nair.209@hotmail.com,9236887676,Ahmedabad,2022-06-21,Free,Zero Trust Security,Cybersecurity,INS014,Pooja Mishra,15,Intermediate,4039,919,Disengaged
CRS054,LRN0244,ENR00114,2024-01-17,2024-02-26,,Dropped,29,2024-01-25,,1,,No,,,Megha Nair,megha.nair.244@yahoo.com,9687014626,Surat,2023-06-23,Free,Product Management,Business,INS010,Anjali Iyer,20,Intermediate,4499,906,Disengaged
CRS052,LRN0280,ENR01349,2024-01-11,2024-03-31,2024-03-31,Completed,100,2024-03-31,83.6,1,5,Yes,80,0,Sachin Kumar,sachin.kumar.280@hotmail.com,9684602235,Lucknow,2023-04-14,Free,Svelte & SvelteKit,Web Development,INS005,Deepak Joshi,40,Intermediate,4129,840,Disengaged
CRS003,LRN0371,ENR00516,2024-01-14,2024-02-03,2024-02-10,Completed,100,2024-02-10,57.39,1,4,No,27,7,Neha Gupta,neha.gupta.371@gmail.com,9461872346,Delhi,2022-09-12,Basic,Deep Learning with TensorFlow,AI & ML,INS004,Sunita Rao,10,Advanced,13612,890,Disengaged
CRS039,LRN0180,ENR00522,2024-02-01,2024-04-21,,Not Started,0,,,1,,No,,,Mohit Malhotra,mohit.malhotra.180@rediffmail.com,9772522872,Surat,2022-03-02,Basic,Transformer Models & LLMs,AI & ML,INS008,Kavita Reddy,40,Advanced,12938,,Disengaged
CRS013,LRN0220,ENR00317,2024-03-01,2024-05-20,,Dropped,6,2024-03-13,,1,,No,,,Anita Sharma,anita.sharma.220@gmail.com,9051627136,Chandigarh,2022-04-15,Free,AWS Solutions Architect,Cloud Computing,INS013,Manish Verma,40,Advanced,12685,858,Disengaged
CRS047,LRN0102,ENR00773,2024-02-15,2024-04-15,,In Progress,82,2024-02-24,,2,,No,,,Deepak Reddy,deepak.reddy.102@hotmail.com,9388516060,Delhi,2022-11-17,Basic,Cloud Security Best Practices,Cybersecurity,INS008,Kavita Reddy,30,Intermediate,2407,876,Disengaged
CRS024,LRN0076,ENR00363,2024-01-19,2024-02-18,2024-01-22,Completed,100,2024-01-22,45.69,2,4,No,3,-27,Nisha Desai,nisha.desai.76@rediffmail.com,9222196937,Bengaluru,2022-08-26,Basic,Computer Vision,AI & ML,INS003,Arjun Patel,15,Intermediate,1877,909,Disengaged
CRS027,LRN0260,ENR01270,2024-02-27,2024-03-28,,In Progress,48,2024-03-15,,2,,No,,,Deepak Pandey,deepak.pandey.260@rediffmail.com,9270477434,Mumbai,2022-06-04,Premium,Financial Modelling,Business,INS012,Nisha Agarwal,15,Advanced,6347,856,Disengaged
CRS003,LRN0489,ENR01239,2024-03-12,2024-04-01,,In Progress,40,2024-03-20,,1,,No,,,Nisha Patel,nisha.patel.489@yahoo.com,9745238055,Kolkata,2023-04-05,Basic,Deep Learning with TensorFlow,AI & ML,INS004,Sunita Rao,10,Advanced,13612,851,Disengaged
CRS026,LRN0373,ENR00265,2024-02-08,2024-02-18,,Not Started,0,,,1,,No,,,Preeti Iyer,preeti.iyer.373@yahoo.com,9147435031,Surat,2023-03-21,Basic,Full Stack Django,Web Development,INS008,Kavita Reddy,5,Advanced,10918,,Disengaged
CRS032,LRN0223,ENR01589,2024-02-21,2024-03-02,2024-03-01,Completed,100,2024-03-01,77.62,2,1,Yes,9,-1,Ritika Shah,ritika.shah.223@yahoo.com,9138999404,Jaipur,2023-09-14,Basic,DevOps CI/CD Pipeline,Cloud Computing,INS003,Arjun Patel,5,Advanced,6723,870,Disengaged
CRS019,LRN0268,ENR00473,2024-03-12,2024-05-11,,In Progress,72,,,1,,No,,,Sneha Chatterjee,sneha.chatterjee.268@yahoo.com,9324754691,Ahmedabad,2022-08-05,Enterprise,iOS Development with Swift,Mobile Development,INS009,Suresh Gupta,30,Beginner,101,,Disengaged
CRS045,LRN0283,ENR01822,2024-02-12,2024-02-22,2024-02-15,Completed,100,2024-02-15,82.76,2,2,Yes,3,-7,Manish Sharma,manish.sharma.283@yahoo.com,9583003354,Delhi,2023-01-28,Basic,Photography & Lightroom,Design,INS013,Manish Verma,5,Advanced,13064,885,Disengaged
CRS054,LRN0214,ENR01670,2024-01-22,2024-03-02,,In Progress,17,2024-01-29,,1,,No,,,Ritika Chatterjee,ritika.chatterjee.214@yahoo.com,9812604223,Chandigarh,2022-11-26,Premium,Product Management,Business,INS010,Anjali Iyer,20,Intermediate,4499,902,Disengaged
CRS026,LRN0052,ENR01434,2024-03-16,2024-03-26,2024-03-30,Completed,100,2024-03-30,70.82,1,1,Yes,14,4,Siddharth Singh,siddharth.singh.52@gmail.com,9367837770,Chennai,2022-08-15,Basic,Full Stack Django,Web Development,INS008,Kavita Reddy,5,Advanced,10918,841,Disengaged
CRS010,LRN0451,ENR00871,2024-01-21,2024-02-10,,In Progress,89,2024-03-29,,1,,No,,,Kavya Kapoor,kavya.kapoor.451@yahoo.com,9102767478,Pune,2023-12-01,Premium,UI/UX Design Principles,Design,INS005,Deepak Joshi,10,Beginner,133,842,Disengaged
CRS046,LRN0351,ENR01730,2024-02-13,2024-03-24,2024-03-24,Completed,100,2024-03-24,49.67,1,5,No,40,0,Nikhil Pandey,nikhil.pandey.351@hotmail.com,9957947284,Hyderabad,2023-08-14,Free,Terraform Infrastructure,Cloud Computing,INS013,Manish Verma,20,Beginner,300,847,Disengaged
CRS017,LRN0470,ENR00512,2024-01-04,2024-01-24,2024-01-25,Completed,100,2024-01-25,59.35,1,1,No,21,1,Priya Shah,priya.shah.470@gmail.com,9456083318,Lucknow,2023-01-06,Premium,Network Security Essentials,Cybersecurity,INS002,Meera Nair,10,Advanced,14498,906,Disengaged
CRS056,LRN0297,ENR01686,2024-01-03,2024-03-03,,In Progress,70,2024-03-23,,1,,No,,,Varun Reddy,varun.reddy.297@hotmail.com,9663177971,Ahmedabad,2022-11-20,Free,NoSQL & MongoDB,Data Science,INS007,Vikas Mehta,30,Advanced,9660,848,Disengaged
CRS034,LRN0482,ENR00167,2024-02-25,2024-03-16,,Dropped,7,2024-02-26,,1,,No,,,Aditya Pandey,aditya.pandey.482@rediffmail.com,9528183253,Delhi,2023-10-27,Basic,Android Development Kotlin,Mobile Development,INS002,Meera Nair,10,Intermediate,3846,874,Disengaged
CRS040,LRN0410,ENR01069,2024-02-17,2024-03-18,2024-02-20,Completed,100,2024-02-20,71.55,2,5,Yes,3,-27,Megha Verma,megha.verma.410@gmail.com,9264908277,Chandigarh,2023-05-28,Free,TypeScript Advanced,Web Development,INS009,Suresh Gupta,15,Beginner,786,880,Disengaged
CRS036,LRN0219,ENR00519,2024-01-18,2024-02-07,2024-01-21,Completed,100,2024-01-21,94.34,3,3,Yes,3,-17,Rahul Gupta,rahul.gupta.219@gmail.com,9643611037,Bengaluru,2023-08-31,Free,Advanced Python OOP,Data Science,INS006,Priya Singh,10,Advanced,7011,910,Disengaged
CRS050,LRN0194,ENR01645,2024-03-05,2024-03-15,,In Progress,88,2024-03-07,,1,,No,,,Manish Mishra,manish.mishra.194@gmail.com,9379937124,Pune,2022-12-07,Premium,Scala for Big Data,Data Science,INS008,Kavita Reddy,5,Beginner,181,864,Disengaged
CRS048,LRN0118,ENR01142,2024-03-09,2024-03-19,,Not Started,0,,,1,,No,,,Sachin Patel,sachin.patel.118@rediffmail.com,9613750606,Kolkata,2022-08-30,Basic,OSINT & Threat Intelligence,Cybersecurity,INS009,Suresh Gupta,5,Beginner,440,,Disengaged
CRS033,LRN0327,ENR00155,2024-02-02,2024-03-13,2024-02-27,Completed,100,2024-02-27,84.85,1,2,Yes,25,-15,Neha Pandey,neha.pandey.327@hotmail.com,9639427881,Kolkata,2023-05-30,Free,Penetration Testing,Cybersecurity,INS007,Vikas Mehta,20,Advanced,6392,873,Disengaged
CRS022,LRN0404,ENR00957,2024-03-03,2024-03-23,2024-03-21,Completed,100,2024-03-21,75.16,1,4,Yes,18,-2,Amit Banerjee,amit.banerjee.404@yahoo.com,9664742312,Mumbai,2023-09-19,Basic,Statistics for Data Science,Data Science,INS015,Kiran Desai,10,Advanced,12777,850,Disengaged
CRS041,LRN0454,ENR00377,2024-01-12,2024-02-11,,Not Started,0,,,1,,No,,,Suresh Desai,suresh.desai.454@rediffmail.com,9258001061,Delhi,2023-12-03,Basic,GraphQL APIs,Web Development,INS002,Meera Nair,15,Intermediate,1945,,Disengaged
CRS019,LRN0306,ENR00938,2024-02-01,2024-04-01,2024-02-09,Completed,100,,93.64,2,5,Yes,8,-52,Ajay Kumar,ajay.kumar.306@outlook.com,9062003424,Bengaluru,2022-03-05,Premium,iOS Development with Swift,Mobile Development,INS009,Suresh Gupta,30,Beginner,101,,Disengaged
CRS012,LRN0413,ENR01578,2024-01-08,2024-02-17,,In Progress,27,2024-01-08,,1,,No,,,Deepak Gupta,deepak.gupta.413@outlook.com,9259222206,Chennai,2023-04-02,Free,Motion Graphics & Animation,Design,INS013,Manish Verma,20,Beginner,201,923,Disengaged
CRS025,LRN0118,ENR00357,2024-01-11,2024-02-20,,In Progress,77,2024-03-04,,1,,No,,,Sachin Patel,sachin.patel.118@rediffmail.com,9613750606,Kolkata,2022-08-30,Basic,Vue.js & Nuxt Development,Web Development,INS004,Sunita Rao,20,Beginner,779,867,Disengaged
CRS006,LRN0276,ENR00135,2024-01-10,2024-01-20,,In Progress,25,2024-03-06,,1,,No,,,Neha Iyer,neha.iyer.276@outlook.com,9309652074,Pune,2023-02-19,Basic,HTML & CSS Mastery,Web Development,INS015,Unknown,5,Intermediate,2276,865,Disengaged
CRS037,LRN0132,ENR01840,2024-01-23,2024-03-03,2024-02-12,Completed,100,2024-02-12,81.3,1,3,Yes,20,-20,Ishaan Pillai,ishaan.pillai.132@gmail.com,9473121727,Indore,2023-11-30,Enterprise,Data Engineering with Spark,Data Science,INS004,Sunita Rao,20,Advanced,14534,888,Disengaged
CRS018,LRN0224,ENR01802,2024-02-27,2024-03-28,,Not Started,0,,,1,,No,,,Sunita Chauhan,sunita.chauhan.224@rediffmail.com,9037613791,Mumbai,2023-01-05,Enterprise,Flutter App Development,Mobile Development,INS006,Priya Singh,15,Beginner,875,,Disengaged
CRS046,LRN0324,ENR00095,2024-03-07,2024-04-16,,Not Started,0,,,1,,No,,,Nisha Pandey,nisha.pandey.324@outlook.com,9562053364,Bengaluru,2023-11-27,Premium,Terraform Infrastructure,Cloud Computing,INS013,Manish Verma,20,Beginner,300,,Disengaged
CRS028,LRN0229,ENR01333,2024-02-24,2024-04-04,,In Progress,13,2024-03-26,,1,,No,,,Kavya Joshi,kavya.joshi.229@gmail.com,9524105648,Chennai,2023-12-31,Enterprise,Entrepreneurship 101,Business,INS006,Priya Singh,20,Beginner,394,845,Disengaged
CRS014,LRN0160,ENR00778,2024-03-17,2024-04-16,,Not Started,0,,,1,,No,,,Siddharth Joshi,siddharth.joshi.160@yahoo.com,9966851612,Ahmedabad,2022-11-28,Enterprise,Google Cloud Fundamentals,Cloud Computing,INS002,Meera Nair,15,Beginner,67,,Disengaged
CRS055,LRN0486,ENR00681,2024-01-16,2024-01-26,2024-01-19,Completed,100,2024-01-19,56.62,1,3,No,3,-7,Ravi Agarwal,ravi.agarwal.486@hotmail.com,9704310385,Lucknow,2022-12-18,Premium,Motion UI Design,Design,INS009,Suresh Gupta,5,Intermediate,3026,912,Disengaged
CRS009,LRN0271,ENR01194,2024-02-22,2024-03-13,2024-03-02,Completed,100,,80.48,1,1,Yes,9,-11,Ananya Desai,ananya.desai.271@rediffmail.com,9035797279,Kolkata,2022-12-19,Free,Digital Marketing Strategy,Business,INS004,Sunita Rao,10,Advanced,8712,,Disengaged
CRS004,LRN0327,ENR01716,2024-02-16,2024-04-16,2024-02-22,Completed,100,2024-02-22,59.21,1,3,No,6,-54,Neha Pandey,neha.pandey.327@hotmail.com,9639427881,Kolkata,2023-05-30,Free,React.js Complete Guide,Web Development,INS014,Pooja Mishra,30,Advanced,6867,878,Disengaged
CRS044,LRN0235,ENR01288,2024-01-28,2024-04-17,2024-03-31,Completed,100,2024-03-31,85.06,2,5,Yes,63,-17,Vijay Pandey,vijay.pandey.235@hotmail.com,9050641383,Ahmedabad,2022-03-03,Enterprise,Adobe Illustrator Mastery,Design,INS010,Anjali Iyer,40,Intermediate,2240,840,Disengaged
CRS009,LRN0270,ENR00343,2024-01-02,2024-01-22,,In Progress,59,2024-02-19,,1,,No,,,Vivaan Joshi,vivaan.joshi.270@outlook.com,9330307053,Kolkata,2023-04-21,Basic,Digital Marketing Strategy,Business,INS004,Sunita Rao,10,Advanced,8712,881,Disengaged
CRS024,LRN0316,ENR01323,2024-02-21,2024-03-22,,Not Started,0,,,1,,No,,,Sneha Mehta,sneha.mehta.316@gmail.com,9861207501,Mumbai,2022-07-02,Premium,Computer Vision,AI & ML,INS003,Arjun Patel,15,Intermediate,1877,,Disengaged
CRS059,LRN0064,ENR01338,2024-02-02,2024-04-22,2024-03-31,Completed,100,2024-03-31,81.03,1,5,Yes,58,-22,Nisha Gupta,nisha.gupta.64@gmail.com,9278742967,Ahmedabad,2022-12-23,Basic,Wearable App Development,Mobile Development,INS001,Rajiv Sharma,40,Intermediate,1398,840,Disengaged
CRS031,LRN0094,ENR00364,2024-01-18,2024-01-28,,Dropped,19,2024-01-29,,1,,No,,,Kavya Pandey,kavya.pandey.94@yahoo.com,9271111615,Jaipur,2022-03-03,Basic,Docker & Kubernetes,Cloud Computing,INS004,Sunita Rao,5,Intermediate,3781,902,Disengaged
CRS038,LRN0275,ENR01795,2024-01-12,2024-02-11,2024-02-03,Completed,100,2024-02-03,74.73,1,3,Yes,22,-8,Manish Reddy,manish.reddy.275@outlook.com,9994417154,Bhopal,2022-10-11,Free,Reinforcement Learning,AI & ML,INS010,Unknown,15,Advanced,10834,897,Disengaged
CRS001,LRN0476,ENR01866,2024-01-28,2024-02-27,2024-01-31,Completed,100,2024-01-31,98.86,3,5,Yes,3,-27,Rahul Kapoor,rahul.kapoor.476@yahoo.com,9534929298,Delhi,2023-02-26,Premium,Python for Data Science,Data Science,INS009,Suresh Gupta,15,Intermediate,2986,900,Disengaged
CRS028,LRN0240,ENR00176,2024-02-22,2024-04-02,2024-03-19,Completed,100,2024-03-19,62.44,1,2,Yes,26,-14,Pooja Pandey,pooja.pandey.240@rediffmail.com,9680442067,Chandigarh,2023-07-18,Free,Entrepreneurship 101,Business,INS006,Priya Singh,20,Beginner,394,852,Disengaged
CRS020,LRN0448,ENR00096,2024-02-10,2024-02-20,,Not Started,0,,,1,,No,,,Megha Bose,megha.bose.448@outlook.com,9904712814,Bengaluru,2023-09-23,Free,SQL & Database Design,Data Science,INS013,Unknown,5,Advanced,8138,,Disengaged
CRS029,LRN0140,ENR01398,2024-01-18,2024-04-07,,Not Started,0,,,1,,No,,,Shalini Singh,shalini.singh.140@yahoo.com,9027677359,Kolkata,2022-11-23,Premium,Brand Identity Design,Design,INS010,Anjali Iyer,40,Intermediate,4998,,Disengaged
CRS030,LRN0322,ENR00480,2024-03-10,2024-05-09,2024-03-31,Completed,100,2024-03-31,50.28,1,3,No,21,-39,Preeti Verma,preeti.verma.322@outlook.com,9814141397,Kolkata,2022-05-12,Premium,3D Modelling with Blender,Design,INS004,Sunita Rao,30,Intermediate,4503,840,Disengaged
CRS050,LRN0237,ENR01471,2024-03-05,2024-03-15,,Not Started,0,,,1,,No,,,Rekha Desai,rekha.desai.237@outlook.com,9234456557,Hyderabad,2022-03-18,Enterprise,Scala for Big Data,Data Science,INS008,Kavita Reddy,5,Beginner,181,,Disengaged
CRS010,LRN0472,ENR01553,2024-03-02,2024-03-22,,Dropped,8,2024-03-04,,1,,No,,,Manish Chauhan,manish.chauhan.472@rediffmail.com,9364597010,Bengaluru,2022-06-11,Premium,UI/UX Design Principles,Design,INS005,Deepak Joshi,10,Beginner,133,867,Disengaged
CRS025,LRN0259,ENR00125,2024-01-15,2024-02-24,2024-01-30,Completed,100,,70.57,1,4,Yes,15,-25,Ishaan Joshi,ishaan.joshi.259@gmail.com,9417146774,Surat,2023-07-12,Basic,Vue.js & Nuxt Development,Web Development,INS004,Sunita Rao,20,Beginner,779,,Disengaged
CRS031,LRN0408,ENR00081,2024-01-21,2024-01-31,,In Progress,21,2024-02-26,,1,,No,,,Deepak Malhotra,deepak.malhotra.408@gmail.com,9569998808,Ahmedabad,2023-04-13,Premium,Docker & Kubernetes,Cloud Computing,INS004,Sunita Rao,5,Intermediate,3781,874,Disengaged
CRS036,LRN0012,ENR01005,2024-03-15,2024-04-04,2024-03-24,Completed,100,2024-03-24,54.45,3,4,No,9,-11,Vivaan Kumar,vivaan.kumar.12@gmail.com,9543039117,Indore,2023-06-30,Premium,Advanced Python OOP,Data Science,INS006,Priya Singh,10,Advanced,7011,847,Disengaged
CRS022,LRN0105,ENR01757,2024-03-09,2024-03-29,,Dropped,19,2024-03-19,,1,,No,,,Ajay Iyer,ajay.iyer.105@yahoo.com,9355231243,Lucknow,2022-06-06,Premium,Statistics for Data Science,Data Science,INS015,Kiran Desai,10,Advanced,12777,852,Disengaged
CRS028,LRN0270,ENR01779,2024-01-13,2024-02-22,,In Progress,16,2024-02-09,,1,,No,,,Vivaan Joshi,vivaan.joshi.270@outlook.com,9330307053,Kolkata,2023-04-21,Basic,Entrepreneurship 101,Business,INS006,Priya Singh,20,Beginner,394,891,Disengaged
CRS058,LRN0086,ENR00827,2024-01-13,2024-02-12,,In Progress,29,2024-03-30,,3,,No,,,Anita Verma,anita.verma.86@yahoo.com,9351585064,Delhi,2023-04-11,Free,Zero Trust Security,Cybersecurity,INS014,Pooja Mishra,15,Intermediate,4039,841,Disengaged
CRS033,LRN0083,ENR01666,2024-01-26,2024-03-06,2024-02-25,Completed,100,2024-02-25,46.09,1,4,No,30,-10,Kavya Rao,kavya.rao.83@rediffmail.com,9651370985,Hyderabad,2023-10-26,Free,Penetration Testing,Cybersecurity,INS007,Vikas Mehta,20,Advanced,6392,875,Disengaged
CRS022,LRN0348,ENR01496,2024-02-28,2024-03-19,2024-03-29,Completed,100,2024-03-29,88.45,1,3,Yes,30,10,Varun Bose,varun.bose.348@gmail.com,9565880434,Pune,2023-11-21,Premium,Statistics for Data Science,Data Science,INS015,Kiran Desai,10,Advanced,12777,842,Disengaged
CRS051,LRN0228,ENR00030,2024-01-18,2024-04-07,2024-02-07,Completed,100,2024-02-07,79.56,1,1,Yes,20,-60,Shalini Pillai,shalini.pillai.228@hotmail.com,9904210202,Kolkata,2023-06-20,Basic,MLOps & Model Deployment,AI & ML,INS015,Kiran Desai,40,Beginner,503,893,Disengaged
CRS046,LRN0298,ENR01143,2024-01-18,2024-02-27,2024-01-24,Completed,100,2024-01-24,74.65,1,2,Yes,6,-34,Sunita Agarwal,sunita.agarwal.298@rediffmail.com,9088019948,Hyderabad,2023-11-02,Premium,Terraform Infrastructure,Cloud Computing,INS013,Manish Verma,20,Beginner,300,907,Disengaged
CRS013,LRN0173,ENR01668,2024-03-10,2024-05-29,2024-03-17,Completed,100,2024-03-17,45.21,1,3,No,7,-73,Deepak Bose,deepak.bose.173@hotmail.com,9856624628,Hyderabad,2022-08-19,Basic,AWS Solutions Architect,Cloud Computing,INS013,Manish Verma,40,Advanced,12685,854,Disengaged
CRS013,LRN0105,ENR00037,2024-02-04,2024-04-24,2024-03-31,Completed,100,2024-03-31,66.01,1,2,Yes,56,-24,Ajay Iyer,ajay.iyer.105@yahoo.com,9355231243,Lucknow,2022-06-06,Premium,AWS Solutions Architect,Cloud Computing,INS013,Manish Verma,40,Advanced,12685,840,Disengaged
CRS002,LRN0101,ENR01765,2024-02-24,2024-03-15,,Dropped,7,2024-03-03,,1,,No,,,Simran Gupta,simran.gupta.101@gmail.com,9034324451,Ahmedabad,2023-03-17,Free,Machine Learning Fundamentals,AI & ML,INS006,Priya Singh,10,Beginner,223,868,Disengaged
CRS002,LRN0146,ENR01313,2024-03-12,2024-04-01,,In Progress,27,2024-03-28,,2,,No,,,Sunita Pandey,sunita.pandey.146@gmail.com,9585239868,Mumbai,2022-02-09,Free,Machine Learning Fundamentals,AI & ML,INS006,Priya Singh,10,Beginner,223,843,Disengaged
CRS026,LRN0355,ENR00069,2024-03-03,2024-03-13,2024-03-17,Completed,100,2024-03-17,64.84,1,4,Yes,14,4,Varun Das,varun.das.355@hotmail.com,9143866322,Indore,2022-01-10,Free,Full Stack Django,Web Development,INS008,Kavita Reddy,5,Advanced,10918,854,Disengaged
CRS044,LRN0383,ENR00012,2024-02-08,2024-04-28,,Dropped,20,2024-02-14,,2,,No,,,Karan Mehta,karan.mehta.383@yahoo.com,9811386338,Lucknow,2023-10-03,Enterprise,Adobe Illustrator Mastery,Design,INS010,Anjali Iyer,40,Intermediate,2240,886,Disengaged
CRS056,LRN0331,ENR00987,2024-01-21,2024-03-21,2024-03-22,Completed,100,2024-03-22,60.82,1,4,Yes,61,1,Varun Iyer,varun.iyer.331@hotmail.com,9655779082,Bengaluru,2022-08-24,Free,NoSQL & MongoDB,Data Science,INS007,Vikas Mehta,30,Advanced,9660,849,Disengaged
CRS004,LRN0181,ENR00303,2024-02-24,2024-04-24,,In Progress,57,2024-03-05,,3,,No,,,Karan Das,karan.das.181@rediffmail.com,9006231203,Ahmedabad,2023-01-18,Free,React.js Complete Guide,Web Development,INS014,Pooja Mishra,30,Advanced,6867,866,Disengaged
CRS010,LRN0002,ENR01121,2024-01-03,2024-01-23,2024-02-02,Completed,100,2024-02-02,68.08,1,4,Yes,30,10,Sachin Pillai,sachin.pillai.2@gmail.com,9083863794,Indore,2022-06-13,Premium,UI/UX Design Principles,Design,INS005,Deepak Joshi,10,Beginner,133,898,Disengaged
CRS045,LRN0308,ENR00160,2024-02-12,2024-02-22,,Dropped,21,2024-02-21,,1,,No,,,Geeta Bose,geeta.bose.308@outlook.com,9580043973,Indore,2023-08-26,Basic,Photography & Lightroom,Design,INS013,Manish Verma,5,Advanced,13064,879,Disengaged
CRS004,LRN0052,ENR00729,2024-02-13,2024-04-13,2024-03-26,Completed,100,2024-03-26,69.1,1,4,Yes,42,-18,Siddharth Singh,siddharth.singh.52@gmail.com,9367837770,Chennai,2022-08-15,Basic,React.js Complete Guide,Web Development,INS014,Pooja Mishra,30,Advanced,6867,845,Disengaged
CRS026,LRN0063,ENR01598,2024-03-13,2024-03-23,,Not Started,0,,,1,,No,,,Aditya Banerjee,aditya.banerjee.63@gmail.com,9659401399,Indore,2023-11-20,Premium,Full Stack Django,Web Development,INS008,Kavita Reddy,5,Advanced,10918,,Disengaged
CRS012,LRN0168,ENR01096,2024-01-12,2024-02-21,,Dropped,33,2024-01-26,,1,,No,,,Vijay Patel,vijay.patel.168@gmail.com,9512868230,Chennai,2023-04-20,Premium,Motion Graphics & Animation,Design,INS013,Manish Verma,20,Beginner,201,905,Disengaged
CRS060,LRN0242,ENR00723,2024-02-08,2024-03-09,2024-02-22,Completed,100,2024-02-22,63.35,1,3,Yes,14,-16,Karan Sharma,karan.sharma.242@gmail.com,9137215107,Bengaluru,2023-08-11,Basic,Bayesian Statistics,Data Science,INS006,Unknown,15,Intermediate,1231,878,Disengaged
CRS009,LRN0483,ENR00814,2024-02-20,2024-03-11,2024-03-14,Completed,100,2024-03-14,62.04,1,3,Yes,23,3,Komal Chatterjee,komal.chatterjee.483@gmail.com,9335548640,Kolkata,2022-12-20,Basic,Digital Marketing Strategy,Business,INS004,Sunita Rao,10,Advanced,8712,857,Disengaged
CRS056,LRN0196,ENR00900,2024-01-20,2024-03-20,2024-01-23,Completed,100,2024-01-23,68.89,2,2,Yes,3,-57,Megha Malhotra,megha.malhotra.196@rediffmail.com,9793564651,Hyderabad,2023-08-30,Enterprise,NoSQL & MongoDB,Data Science,INS007,Vikas Mehta,30,Advanced,9660,908,Disengaged
CRS052,LRN0458,ENR01360,2024-03-11,2024-05-30,,In Progress,58,2024-03-21,,1,,No,,,Siddharth Pillai,siddharth.pillai.458@gmail.com,9627128639,Ahmedabad,2022-09-23,Free,Svelte & SvelteKit,Web Development,INS005,Deepak Joshi,40,Intermediate,4129,850,Disengaged
CRS038,LRN0131,ENR01197,2024-01-22,2024-02-21,,In Progress,89,2024-03-15,,1,,No,,,Sunita Tiwari,sunita.tiwari.131@gmail.com,9431027868,Chennai,2022-09-24,Premium,Reinforcement Learning,AI & ML,INS010,Unknown,15,Advanced,10834,856,Disengaged
CRS031,LRN0108,ENR00071,2024-01-19,2024-01-29,,In Progress,90,2024-03-14,,2,,No,,,Karan Shah,karan.shah.108@hotmail.com,9199867980,Indore,2023-08-09,Premium,Docker & Kubernetes,Cloud Computing,INS004,Sunita Rao,5,Intermediate,3781,857,Disengaged
CRS057,LRN0486,ENR01647,2024-03-17,2024-03-27,,Dropped,14,2024-03-23,,1,,No,,,Ravi Agarwal,ravi.agarwal.486@hotmail.com,9704310385,Lucknow,2022-12-18,Premium,Microservices Architecture,Cloud Computing,INS006,Priya Singh,5,Beginner,604,848,Disengaged
CRS047,LRN0343,ENR01652,2024-01-20,2024-03-20,,In Progress,89,2024-02-11,,1,,No,,,Ajay Chauhan,ajay.chauhan.343@yahoo.com,9902770384,Mumbai,2023-09-06,Basic,Cloud Security Best Practices,Cybersecurity,INS008,Kavita Reddy,30,Intermediate,2407,889,Disengaged
CRS012,LRN0425,ENR01656,2024-01-10,2024-02-19,2024-01-23,Completed,100,2024-01-23,73.12,2,1,Yes,13,-27,Deepak Shah,deepak.shah.425@outlook.com,9829962914,Chandigarh,2022-02-02,Free,Motion Graphics & Animation,Design,INS013,Manish Verma,20,Beginner,201,908,Disengaged
CRS012,LRN0222,ENR00865,2024-02-26,2024-04-06,2024-03-05,Completed,100,2024-03-05,66.23,1,3,Yes,8,-32,Neha Mukherjee,neha.mukherjee.222@hotmail.com,9697311219,Kolkata,2023-03-16,Basic,Motion Graphics & Animation,Design,INS013,Manish Verma,20,Beginner,201,866,Disengaged
CRS022,LRN0189,ENR01167,2024-03-10,2024-03-30,,In Progress,34,,,3,,No,,,Anita Nair,anita.nair.189@rediffmail.com,9358662961,Chennai,2022-09-10,Premium,Statistics for Data Science,Data Science,INS015,Kiran Desai,10,Advanced,12777,,Disengaged
CRS026,LRN0345,ENR01744,2024-01-03,2024-01-13,,Dropped,7,,,1,,No,,,Siddharth Iyer,siddharth.iyer.345@outlook.com,9011848955,Hyderabad,2023-09-13,Enterprise,Full Stack Django,Web Development,INS008,Kavita Reddy,5,Advanced,10918,,Disengaged
CRS006,LRN0024,ENR00066,2024-02-23,2024-03-04,,Dropped,20,2024-02-27,,1,,No,,,Karan Banerjee,karan.banerjee.24@gmail.com,9354278498,Surat,2023-07-22,Free,HTML & CSS Mastery,Web Development,INS015,Unknown,5,Intermediate,2276,873,Disengaged
CRS058,LRN0067,ENR01491,2024-02-20,2024-03-21,2024-02-23,Completed,100,,70.27,1,5,Yes,3,-27,Rohan Mehta,rohan.mehta.67@yahoo.com,9482477109,Chandigarh,2022-06-12,Basic,Zero Trust Security,Cybersecurity,INS014,Pooja Mishra,15,Intermediate,4039,,Disengaged
CRS043,LRN0184,ENR00962,2024-02-21,2024-05-11,2024-03-31,Completed,100,2024-03-31,61.51,1,2,Yes,39,-41,Ritika Bose,ritika.bose.184@gmail.com,9615679334,Surat,2023-10-28,Premium,Leadership & Communication,Business,INS008,Kavita Reddy,40,Beginner,995,840,Disengaged
CRS015,LRN0205,ENR01449,2024-02-13,2024-02-23,,In Progress,68,2024-02-16,,1,,No,,,Karan Rao,karan.rao.205@hotmail.com,9182553714,Jaipur,2023-10-17,Basic,Azure Data Engineering,Cloud Computing,INS013,Manish Verma,5,Beginner,942,884,Disengaged
CRS017,LRN0131,ENR00285,2024-02-18,2024-03-09,,In Progress,61,2024-02-28,,1,,No,,,Sunita Tiwari,sunita.tiwari.131@gmail.com,9431027868,Chennai,2022-09-24,Premium,Network Security Essentials,Cybersecurity,INS002,Meera Nair,10,Advanced,14498,872,Disengaged
CRS018,LRN0470,ENR01902,2024-02-18,2024-03-19,,In Progress,66,2024-02-25,,1,,No,,,Priya Shah,priya.shah.470@gmail.com,9456083318,Lucknow,2023-01-06,Premium,Flutter App Development,Mobile Development,INS006,Priya Singh,15,Beginner,875,875,Disengaged
CRS003,LRN0387,ENR00873,2024-01-18,2024-02-07,,Dropped,24,2024-01-25,,1,,No,,,Shreya Sharma,shreya.sharma.387@rediffmail.com,9433504888,Lucknow,2022-06-08,Free,Deep Learning with TensorFlow,AI & ML,INS004,Sunita Rao,10,Advanced,13612,906,Disengaged
CRS043,LRN0372,ENR01415,2024-02-11,2024-05-01,2024-03-31,Completed,100,2024-03-31,51.78,1,5,No,49,-31,Anita Yadav,anita.yadav.372@outlook.com,9037183764,Bengaluru,2023-10-07,Premium,Leadership & Communication,Business,INS008,Kavita Reddy,40,Beginner,995,840,Disengaged
CRS025,LRN0331,ENR01642,2024-01-25,2024-03-05,,Not Started,0,,,1,5,No,,,Varun Iyer,varun.iyer.331@hotmail.com,9655779082,Bengaluru,2022-08-24,Free,Vue.js & Nuxt Development,Web Development,INS004,Sunita Rao,20,Beginner,779,,Disengaged
CRS003,LRN0026,ENR01065,2024-02-02,2024-02-22,2024-02-28,Completed,100,2024-02-28,70.49,3,3,Yes,26,6,Kavya Iyer,kavya.iyer.26@yahoo.com,9740164005,Surat,2022-09-26,Free,Deep Learning with TensorFlow,AI & ML,INS004,Sunita Rao,10,Advanced,13612,872,Disengaged
CRS039,LRN0138,ENR00054,2024-01-01,2024-03-21,2024-01-04,Completed,100,2024-01-04,81.09,3,3,Yes,3,-77,Rahul Rao,rahul.rao.138@gmail.com,9922995900,Mumbai,2023-10-19,Premium,Transformer Models & LLMs,AI & ML,INS008,Kavita Reddy,40,Advanced,12938,927,Disengaged
CRS013,LRN0321,ENR00209,2024-01-27,2024-04-16,,Not Started,0,,,1,,No,,,Ravi Mehta,ravi.mehta.321@gmail.com,9682223943,Bengaluru,2023-11-19,Premium,AWS Solutions Architect,Cloud Computing,INS013,Manish Verma,40,Advanced,12685,,Disengaged
CRS037,LRN0084,ENR01981,2024-01-02,2024-02-11,,In Progress,84,2024-03-16,,1,,No,,,Shalini Mukherjee,shalini.mukherjee.84@gmail.com,9461200471,Hyderabad,2023-07-05,Free,Data Engineering with Spark,Data Science,INS004,Sunita Rao,20,Advanced,14534,855,Disengaged
CRS024,LRN0168,ENR01383,2024-03-17,2024-04-16,2024-03-31,Completed,100,2024-03-31,45.42,1,5,No,14,-16,Vijay Patel,vijay.patel.168@gmail.com,9512868230,Chennai,2023-04-20,Premium,Computer Vision,AI & ML,INS003,Arjun Patel,15,Intermediate,1877,840,Disengaged
CRS013,LRN0340,ENR01112,2024-01-19,2024-04-08,2024-02-28,Completed,100,2024-02-28,55.34,1,2,No,40,-40,Rekha Shah,rekha.shah.340@hotmail.com,9944869594,Indore,2022-07-28,Basic,AWS Solutions Architect,Cloud Computing,INS013,Manish Verma,40,Advanced,12685,872,Disengaged
CRS004,LRN0044,ENR00529,2024-02-05,2024-04-05,,Dropped,31,2024-02-11,,1,,No,,,Shalini Joshi,shalini.joshi.44@outlook.com,9046537556,Indore,2023-03-08,Free,React.js Complete Guide,Web Development,INS014,Pooja Mishra,30,Advanced,6867,889,Disengaged
CRS038,LRN0428,ENR00637,2024-02-19,2024-03-20,2024-03-21,Completed,100,2024-03-21,56.59,1,3,No,31,1,Shreya Mukherjee,shreya.mukherjee.428@gmail.com,9091570184,Lucknow,2022-11-16,Basic,Reinforcement Learning,AI & ML,INS010,Unknown,15,Advanced,10834,850,Disengaged
CRS006,LRN0312,ENR01189,2024-01-04,2024-01-14,2024-01-20,Completed,100,2024-01-20,70.06,1,2,Yes,16,6,Rahul Agarwal,rahul.agarwal.312@outlook.com,9886153355,Chennai,2022-08-12,Enterprise,HTML & CSS Mastery,Web Development,INS015,Unknown,5,Intermediate,2276,911,Disengaged
CRS057,LRN0469,ENR01073,2024-03-14,2024-03-24,2024-03-19,Completed,100,2024-03-19,90.91,1,3,Yes,5,-5,Neha Shah,neha.shah.469@yahoo.com,9487632909,Chandigarh,2023-05-27,Basic,Microservices Architecture,Cloud Computing,INS006,Priya Singh,5,Beginner,604,852,Disengaged
CRS055,LRN0405,ENR01718,2024-02-29,2024-03-10,2024-03-13,Completed,100,2024-03-13,61.52,2,5,Yes,13,3,Simran Rao,simran.rao.405@yahoo.com,9939330517,Jaipur,2023-09-12,Basic,Motion UI Design,Design,INS009,Suresh Gupta,5,Intermediate,3026,858,Disengaged
CRS008,LRN0264,ENR01327,2024-01-05,2024-03-25,2024-03-31,Completed,100,2024-03-31,88.59,1,1,Yes,86,6,Karan Singh,karan.singh.264@rediffmail.com,9686854870,Lucknow,2023-06-20,Premium,Project Management Professional,Business,INS003,Arjun Patel,40,Intermediate,4049,840,Disengaged
CRS002,LRN0331,ENR00440,2024-01-09,2024-01-29,,In Progress,48,2024-03-02,,1,,No,,,Varun Iyer,varun.iyer.331@hotmail.com,9655779082,Bengaluru,2022-08-24,Free,Machine Learning Fundamentals,AI & ML,INS006,Priya Singh,10,Beginner,223,869,Disengaged
CRS006,LRN0026,ENR01849,2024-01-12,2024-01-22,,Dropped,0,2024-01-12,,1,,No,,,Kavya Iyer,kavya.iyer.26@yahoo.com,9740164005,Surat,2022-09-26,Free,HTML & CSS Mastery,Web Development,INS015,Unknown,5,Intermediate,2276,919,Disengaged
CRS001,LRN0269,ENR01249,2024-02-21,2024-03-22,,In Progress,57,,,1,,No,,,Geeta Malhotra,geeta.malhotra.269@hotmail.com,9785082148,Bengaluru,2023-06-21,Premium,Python for Data Science,Data Science,INS009,Suresh Gupta,15,Intermediate,2986,,Disengaged
CRS014,LRN0456,ENR01488,2024-01-25,2024-02-24,,In Progress,49,2024-03-01,,1,,No,,,Simran Patel,simran.patel.456@hotmail.com,9692124471,Chennai,2023-03-14,Premium,Google Cloud Fundamentals,Cloud Computing,INS002,Meera Nair,15,Beginner,67,870,Disengaged
CRS002,LRN0430,ENR01183,2024-03-16,2024-04-05,2024-03-31,Completed,100,2024-03-31,55.71,2,2,No,15,-5,Reena Reddy,reena.reddy.430@outlook.com,9813858542,Lucknow,2022-09-08,Free,Machine Learning Fundamentals,AI & ML,INS006,Priya Singh,10,Beginner,223,840,Disengaged
CRS024,LRN0177,ENR01014,2024-02-18,2024-03-19,2024-03-11,Completed,100,2024-03-11,84.83,2,1,Yes,22,-8,Simran Jain,simran.jain.177@outlook.com,9363854678,Chennai,2022-09-25,Basic,Computer Vision,AI & ML,INS003,Arjun Patel,15,Intermediate,1877,860,Disengaged
CRS057,LRN0494,ENR00580,2024-02-06,2024-02-16,,In Progress,51,2024-03-05,,1,,No,,,Ishaan Malhotra,ishaan.malhotra.494@rediffmail.com,9767426629,Delhi,2022-05-28,Free,Microservices Architecture,Cloud Computing,INS006,Priya Singh,5,Beginner,604,866,Disengaged
CRS055,LRN0409,ENR01361,2024-02-20,2024-03-01,2024-03-06,Completed,100,2024-03-06,47.48,1,4,No,15,5,Pooja Iyer,pooja.iyer.409@hotmail.com,9860868034,Pune,2022-11-08,Premium,Motion UI Design,Design,INS009,Suresh Gupta,5,Intermediate,3026,865,Disengaged
CRS016,LRN0161,ENR01382,2024-02-22,2024-03-13,,Not Started,0,,,1,,No,,,Aarav Mishra,aarav.mishra.161@outlook.com,9637454990,Surat,2023-01-04,Premium,Ethical Hacking Basics,Cybersecurity,INS010,Unknown,10,Beginner,686,,Disengaged
CRS032,LRN0215,ENR01520,2024-01-02,2024-01-12,,In Progress,61,2024-02-17,,1,,No,,,Sunita Nair,sunita.nair.215@rediffmail.com,9294667116,Chandigarh,2022-10-12,Premium,DevOps CI/CD Pipeline,Cloud Computing,INS003,Arjun Patel,5,Advanced,6723,883,Disengaged
CRS008,LRN0066,ENR01402,2024-03-12,2024-05-31,,In Progress,74,2024-03-19,,1,,No,,,Ananya Kapoor,ananya.kapoor.66@outlook.com,9680876038,Lucknow,2023-05-26,Basic,Project Management Professional,Business,INS003,Arjun Patel,40,Intermediate,4049,852,Disengaged
CRS013,LRN0063,ENR01556,2024-02-18,2024-05-08,,In Progress,29,2024-03-11,,1,,No,,,Aditya Banerjee,aditya.banerjee.63@gmail.com,9659401399,Indore,2023-11-20,Premium,AWS Solutions Architect,Cloud Computing,INS013,Manish Verma,40,Advanced,12685,860,Disengaged
CRS006,LRN0276,ENR01461,2024-01-28,2024-02-07,,Not Started,0,,,1,3,No,,,Neha Iyer,neha.iyer.276@outlook.com,9309652074,Pune,2023-02-19,Basic,HTML & CSS Mastery,Web Development,INS015,Unknown,5,Intermediate,2276,,Disengaged
CRS029,LRN0009,ENR00538,2024-01-02,2024-03-22,,In Progress,71,2024-02-16,,1,,No,,,Rohan Chatterjee,rohan.chatterjee.9@hotmail.com,9122691669,Jaipur,2022-09-15,Enterprise,Brand Identity Design,Design,INS010,Anjali Iyer,40,Intermediate,4998,884,Disengaged
CRS049,LRN0438,ENR00180,2024-03-10,2024-04-19,,Not Started,0,,,1,,No,,,Sneha Desai,sneha.desai.438@gmail.com,9965701329,Indore,2022-05-31,Premium,Unity Game Development,Mobile Development,INS007,Vikas Mehta,20,Intermediate,2541,,Disengaged
CRS054,LRN0427,ENR01447,2024-01-06,2024-02-15,2024-02-19,Completed,100,2024-02-19,72.82,1,5,Yes,44,4,Nikhil Malhotra,nikhil.malhotra.427@hotmail.com,9845218230,Pune,2024-01-01,Premium,Product Management,Business,INS010,Anjali Iyer,20,Intermediate,4499,881,Disengaged
CRS054,LRN0100,ENR00593,2024-02-09,2024-03-20,,Dropped,32,2024-02-15,,1,,No,,,Ritika Mehta,ritika.mehta.100@outlook.com,9815614978,Mumbai,2022-08-14,Basic,Product Management,Business,INS010,Anjali Iyer,20,Intermediate,4499,885,Disengaged
CRS005,LRN0439,ENR01677,2024-03-08,2024-04-17,,In Progress,12,2024-03-30,,1,,No,,,Megha Srivastava,megha.srivastava.439@hotmail.com,9997335494,Chandigarh,2022-12-19,Enterprise,Node.js Backend Development,Web Development,INS007,Vikas Mehta,20,Beginner,119,841,Disengaged
CRS040,LRN0194,ENR00245,2024-01-08,2024-02-07,,Not Started,0,,,2,,No,,,Manish Mishra,manish.mishra.194@gmail.com,9379937124,Pune,2022-12-07,Premium,TypeScript Advanced,Web Development,INS009,Suresh Gupta,15,Beginner,786,,Disengaged
CRS045,LRN0141,ENR00329,2024-01-17,2024-01-27,2024-01-30,Completed,100,2024-01-30,48.34,3,2,No,13,3,Ravi Srivastava,ravi.srivastava.141@outlook.com,9258815371,Ahmedabad,2022-09-11,Free,Photography & Lightroom,Design,INS013,Manish Verma,5,Advanced,13064,901,Disengaged
CRS037,LRN0322,ENR00807,2024-02-19,2024-03-30,,Dropped,23,2024-03-01,,2,,No,,,Preeti Verma,preeti.verma.322@outlook.com,9814141397,Kolkata,2022-05-12,Premium,Data Engineering with Spark,Data Science,INS004,Sunita Rao,20,Advanced,14534,870,Disengaged
CRS010,LRN0281,ENR00804,2024-02-05,2024-02-25,2024-02-14,Completed,100,2024-02-14,90.83,3,2,Yes,9,-11,Arjun Kapoor,arjun.kapoor.281@yahoo.com,9175250074,Indore,2022-06-22,Basic,UI/UX Design Principles,Design,INS005,Deepak Joshi,10,Beginner,133,886,Disengaged
CRS045,LRN0030,ENR01888,2024-02-12,2024-02-22,,Dropped,15,,,1,,No,,,Aditya Chatterjee,aditya.chatterjee.30@yahoo.com,9733754330,Pune,2022-12-03,Free,Photography & Lightroom,Design,INS013,Manish Verma,5,Advanced,13064,,Disengaged
CRS041,LRN0033,ENR00147,2024-01-13,2024-02-12,2024-02-04,Completed,100,2024-02-04,89.44,1,3,Yes,22,-8,Ajay Mukherjee,ajay.mukherjee.33@outlook.com,9835615951,Jaipur,2022-11-13,Premium,GraphQL APIs,Web Development,INS002,Meera Nair,15,Intermediate,1945,896,Disengaged
CRS060,LRN0161,ENR00992,2024-02-11,2024-03-12,,Not Started,0,,,1,,No,,,Aarav Mishra,aarav.mishra.161@outlook.com,9637454990,Surat,2023-01-04,Premium,Bayesian Statistics,Data Science,INS006,Unknown,15,Intermediate,1231,,Disengaged
CRS009,LRN0194,ENR00368,2024-01-28,2024-02-17,,In Progress,38,2024-02-04,,1,,No,,,Manish Mishra,manish.mishra.194@gmail.com,9379937124,Pune,2022-12-07,Premium,Digital Marketing Strategy,Business,INS004,Sunita Rao,10,Advanced,8712,896,Disengaged
CRS041,LRN0186,ENR00683,2024-01-14,2024-02-13,,In Progress,74,2024-02-23,,1,,No,,,Aditya Yadav,aditya.yadav.186@gmail.com,9397401489,Bengaluru,2022-11-19,Free,GraphQL APIs,Web Development,INS002,Meera Nair,15,Intermediate,1945,877,Disengaged
CRS015,LRN0386,ENR01212,2024-01-01,2024-01-11,2024-01-12,Completed,100,,68.88,1,4,Yes,11,1,Deepak Kapoor,deepak.kapoor.386@rediffmail.com,9845776004,Mumbai,2023-06-15,Free,Azure Data Engineering,Cloud Computing,INS013,Manish Verma,5,Beginner,942,,Disengaged
CRS030,LRN0175,ENR00061,2024-01-29,2024-03-29,,In Progress,29,2024-03-14,,2,,No,,,Priya Mukherjee,priya.mukherjee.175@rediffmail.com,9751830469,Mumbai,2022-03-16,Free,3D Modelling with Blender,Design,INS004,Sunita Rao,30,Intermediate,4503,857,Disengaged
CRS009,LRN0267,ENR01205,2024-03-12,2024-04-01,,Dropped,18,2024-03-25,,2,,No,,,Sunita Gupta,sunita.gupta.267@outlook.com,9653074505,Chennai,2022-10-15,Premium,Digital Marketing Strategy,Business,INS004,Sunita Rao,10,Advanced,8712,846,Disengaged
CRS043,LRN0312,ENR01735,2024-01-10,2024-03-30,,Dropped,33,2024-01-14,,1,,No,,,Rahul Agarwal,rahul.agarwal.312@outlook.com,9886153355,Chennai,2022-08-12,Enterprise,Leadership & Communication,Business,INS008,Kavita Reddy,40,Beginner,995,917,Disengaged
CRS008,LRN0262,ENR01084,2024-03-02,2024-05-21,,In Progress,20,2024-03-10,,1,2,No,,,Nikhil Rao,nikhil.rao.262@rediffmail.com,9374160898,Surat,2023-09-28,Free,Project Management Professional,Business,INS003,Arjun Patel,40,Intermediate,4049,861,Disengaged
CRS034,LRN0038,ENR01238,2024-01-23,2024-02-12,2024-01-26,Completed,100,2024-01-26,63.01,1,4,Yes,3,-17,Ajay Verma,ajay.verma.38@rediffmail.com,9083172788,Kolkata,2023-03-30,Basic,Android Development Kotlin,Mobile Development,INS002,Meera Nair,10,Intermediate,3846,905,Disengaged
CRS053,LRN0046,ENR00926,2024-01-27,2024-04-16,,In Progress,43,,,1,5,No,,,Pooja Patel,pooja.patel.46@rediffmail.com,9719374529,Chandigarh,2022-04-28,Premium,Supply Chain Management,Business,INS010,Anjali Iyer,40,Intermediate,3268,,Disengaged
CRS005,LRN0006,ENR00163,2024-02-15,2024-03-26,2024-02-18,Completed,100,2024-02-18,52.83,1,5,No,3,-37,Karan Pillai,karan.pillai.6@outlook.com,9283276483,Bhopal,2022-02-27,Free,Node.js Backend Development,Web Development,INS007,Vikas Mehta,20,Beginner,119,882,Disengaged
CRS015,LRN0440,ENR00524,2024-02-26,2024-03-07,,Dropped,35,2024-03-02,,1,,No,,,Komal Sharma,komal.sharma.440@gmail.com,9986240580,Chandigarh,2023-07-28,Premium,Azure Data Engineering,Cloud Computing,INS013,Manish Verma,5,Beginner,942,869,Disengaged
CRS006,LRN0343,ENR01356,2024-01-21,2024-01-31,,In Progress,85,2024-03-24,,1,,No,,,Ajay Chauhan,ajay.chauhan.343@yahoo.com,9902770384,Mumbai,2023-09-06,Basic,HTML & CSS Mastery,Web Development,INS015,Unknown,5,Intermediate,2276,847,Disengaged
CRS051,LRN0164,ENR01648,2024-01-22,2024-04-11,2024-03-02,Completed,100,2024-03-02,76.2,1,1,Yes,40,-40,Manish Singh,manish.singh.164@yahoo.com,9910883982,Kolkata,2023-06-17,Basic,MLOps & Model Deployment,AI & ML,INS015,Kiran Desai,40,Beginner,503,869,Disengaged
CRS045,LRN0446,ENR00246,2024-02-21,2024-03-02,,Dropped,8,2024-03-06,,1,,No,,,Nikhil Shah,nikhil.shah.446@hotmail.com,9189490580,Ahmedabad,2023-06-09,Enterprise,Photography & Lightroom,Design,INS013,Manish Verma,5,Advanced,13064,865,Disengaged
CRS010,LRN0497,ENR00272,2024-02-21,2024-03-12,2024-02-24,Completed,100,2024-02-24,58.25,1,5,No,3,-17,Aarav Patel,aarav.patel.497@gmail.com,9447146273,Delhi,2022-10-11,Basic,UI/UX Design Principles,Design,INS005,Deepak Joshi,10,Beginner,133,876,Disengaged
CRS050,LRN0283,ENR00968,2024-02-27,2024-03-08,2024-03-06,Completed,100,2024-03-06,50.22,1,5,No,8,-2,Manish Sharma,manish.sharma.283@yahoo.com,9583003354,Delhi,2023-01-28,Basic,Scala for Big Data,Data Science,INS008,Kavita Reddy,5,Beginner,181,865,Disengaged
CRS018,LRN0261,ENR01938,2024-02-20,2024-03-21,,In Progress,31,2024-03-28,,1,,No,,,Sneha Singh,sneha.singh.261@hotmail.com,9586938068,Jaipur,2023-12-05,Premium,Flutter App Development,Mobile Development,INS006,Priya Singh,15,Beginner,875,843,Disengaged
CRS001,LRN0250,ENR00308,2024-01-20,2024-02-19,,Dropped,14,2024-01-24,,1,,No,,,Neha Kapoor,neha.kapoor.250@outlook.com,9185156915,Kolkata,2022-05-20,Enterprise,Python for Data Science,Data Science,INS009,Suresh Gupta,15,Intermediate,2986,907,Disengaged
CRS016,LRN0400,ENR01774,2024-03-11,2024-03-31,,In Progress,89,2024-03-12,,1,,No,,,Ravi Desai,ravi.desai.400@gmail.com,9554384046,Jaipur,2022-10-14,Free,Ethical Hacking Basics,Cybersecurity,INS010,Unknown,10,Beginner,686,859,Disengaged
CRS017,LRN0092,ENR00612,2024-03-13,2024-04-02,2024-03-31,Completed,100,2024-03-31,77.3,1,3,Yes,18,-2,Komal Reddy,komal.reddy.92@gmail.com,9569847896,Indore,2023-12-20,Free,Network Security Essentials,Cybersecurity,INS002,Meera Nair,10,Advanced,14498,840,Disengaged
CRS005,LRN0363,ENR01340,2024-02-10,2024-03-21,,Dropped,16,2024-02-10,,1,,No,,,Divya Patel,divya.patel.363@outlook.com,9820055778,Jaipur,2023-04-01,Free,Node.js Backend Development,Web Development,INS007,Vikas Mehta,20,Beginner,119,890,Disengaged
CRS012,LRN0372,ENR01846,2024-02-01,2024-03-12,,Dropped,25,2024-02-02,,1,,No,,,Anita Yadav,anita.yadav.372@outlook.com,9037183764,Bengaluru,2023-10-07,Premium,Motion Graphics & Animation,Design,INS013,Manish Verma,20,Beginner,201,898,Disengaged
CRS006,LRN0436,ENR01808,2024-02-19,2024-02-29,,In Progress,29,2024-03-30,,2,,No,,,Pooja Reddy,pooja.reddy.436@rediffmail.com,9276153966,Indore,2022-12-17,Basic,HTML & CSS Mastery,Web Development,INS015,Unknown,5,Intermediate,2276,841,Disengaged
CRS023,LRN0021,ENR00792,2024-02-26,2024-05-16,,Dropped,33,2024-03-06,,1,,No,,,Sachin Singh,sachin.singh.21@rediffmail.com,9219136193,Lucknow,2022-02-10,Basic,NLP with Python,AI & ML,INS006,Priya Singh,40,Advanced,6758,865,Disengaged
CRS002,LRN0093,ENR00119,2024-02-05,2024-02-25,,Dropped,28,2024-02-08,,1,,No,,,Preeti Malhotra,preeti.malhotra.93@gmail.com,9367365766,Kolkata,2023-03-14,Basic,Machine Learning Fundamentals,AI & ML,INS006,Priya Singh,10,Beginner,223,892,Disengaged
CRS026,LRN0491,ENR00374,2024-03-05,2024-03-15,2024-03-24,Completed,100,2024-03-24,66.49,1,2,Yes,19,9,Megha Kapoor,megha.kapoor.491@rediffmail.com,9929751702,Delhi,2022-11-12,Free,Full Stack Django,Web Development,INS008,Kavita Reddy,5,Advanced,10918,847,Disengaged
CRS036,LRN0043,ENR00202,2024-02-01,2024-02-21,,Dropped,8,2024-02-08,,1,,No,,,Sunita Malhotra,sunita.malhotra.43@gmail.com,9272980699,Delhi,2023-10-21,Basic,Advanced Python OOP,Data Science,INS006,Priya Singh,10,Advanced,7011,892,Disengaged
CRS002,LRN0378,ENR00627,2024-02-12,2024-03-03,,Dropped,20,2024-02-25,,2,,No,,,Megha Das,megha.das.378@rediffmail.com,9485708620,Bhopal,2023-01-08,Premium,Machine Learning Fundamentals,AI & ML,INS006,Priya Singh,10,Beginner,223,875,Disengaged
CRS004,LRN0083,ENR01296,2024-02-12,2024-04-12,2024-03-31,Completed,100,2024-03-31,86.79,2,1,Yes,48,-12,Kavya Rao,kavya.rao.83@rediffmail.com,9651370985,Hyderabad,2023-10-26,Free,React.js Complete Guide,Web Development,INS014,Pooja Mishra,30,Advanced,6867,840,Disengaged
CRS049,LRN0069,ENR01393,2024-02-10,2024-03-21,,In Progress,13,2024-03-05,,1,,No,,,Nikhil Nair,nikhil.nair.69@gmail.com,9378263982,Chennai,2023-03-01,Basic,Unity Game Development,Mobile Development,INS007,Vikas Mehta,20,Intermediate,2541,866,Disengaged
CRS038,LRN0181,ENR01681,2024-02-23,2024-03-24,,In Progress,41,2024-03-28,,1,,No,,,Karan Das,karan.das.181@rediffmail.com,9006231203,Ahmedabad,2023-01-18,Free,Reinforcement Learning,AI & ML,INS010,Unknown,15,Advanced,10834,843,Disengaged
CRS023,LRN0291,ENR00875,2024-02-13,2024-05-03,,Not Started,0,,,2,2,No,,,Manish Bose,manish.bose.291@outlook.com,9561100225,Ahmedabad,2023-09-29,Free,NLP with Python,AI & ML,INS006,Priya Singh,40,Advanced,6758,,Disengaged
CRS030,LRN0057,ENR00420,2024-03-17,2024-05-16,2024-03-30,Completed,100,,60.54,2,1,Yes,13,-47,Kavya Chatterjee,kavya.chatterjee.57@yahoo.com,9711671902,Indore,2023-07-31,Enterprise,3D Modelling with Blender,Design,INS004,Sunita Rao,30,Intermediate,4503,,Disengaged
CRS042,LRN0356,ENR01780,2024-01-22,2024-02-01,2024-01-25,Completed,100,2024-01-25,87.85,1,3,Yes,3,-7,Ajay Reddy,ajay.reddy.356@yahoo.com,9574489061,Mumbai,2022-08-09,Premium,Operations Management,Business,INS001,Unknown,5,Advanced,6117,906,Disengaged
CRS025,LRN0253,ENR01640,2024-02-02,2024-03-13,2024-03-03,Completed,100,2024-03-03,69.99,1,3,Yes,30,-10,Mohit Patel,mohit.patel.253@gmail.com,9513552157,Chennai,2022-08-03,Free,Vue.js & Nuxt Development,Web Development,INS004,Sunita Rao,20,Beginner,779,868,Disengaged
CRS014,LRN0082,ENR01283,2024-03-11,2024-04-10,,In Progress,78,2024-03-11,,1,,No,,,Karan Patel,karan.patel.82@gmail.com,9368516048,Ahmedabad,2023-01-13,Premium,Google Cloud Fundamentals,Cloud Computing,INS002,Meera Nair,15,Beginner,67,860,Disengaged
CRS041,LRN0481,ENR00413,2024-02-19,2024-03-20,,Not Started,0,,,1,,No,,,Ritika Jain,ritika.jain.481@outlook.com,9989319508,Mumbai,2022-04-24,Basic,GraphQL APIs,Web Development,INS002,Meera Nair,15,Intermediate,1945,,Disengaged
CRS021,LRN0340,ENR00133,2024-02-13,2024-03-04,2024-02-29,Completed,100,2024-02-29,45.87,1,1,No,16,-4,Rekha Shah,rekha.shah.340@hotmail.com,9944869594,Indore,2022-07-28,Basic,Power BI & Tableau,Data Science,INS005,Deepak Joshi,10,Advanced,6616,871,Disengaged
CRS021,LRN0202,ENR01920,2024-03-17,2024-04-06,,In Progress,25,2024-03-17,,1,,No,,,Ishaan Iyer,ishaan.iyer.202@gmail.com,9757177514,Indore,2023-12-29,Free,Power BI & Tableau,Data Science,INS005,Deepak Joshi,10,Advanced,6616,854,Disengaged
CRS010,LRN0379,ENR00740,2024-02-12,2024-03-03,2024-02-28,Completed,100,2024-02-28,69.97,1,4,Yes,16,-4,Pooja Tiwari,pooja.tiwari.379@outlook.com,9186387829,Kolkata,2023-02-24,Basic,UI/UX Design Principles,Design,INS005,Deepak Joshi,10,Beginner,133,872,Disengaged
CRS043,LRN0023,ENR00946,2024-01-09,2024-03-29,,Not Started,0,,,2,,No,,,Shalini Tiwari,shalini.tiwari.23@rediffmail.com,9107991183,Chennai,2022-05-16,Enterprise,Leadership & Communication,Business,INS008,Kavita Reddy,40,Beginner,995,,Disengaged
CRS055,LRN0079,ENR00451,2024-03-05,2024-03-15,2024-03-08,Completed,100,2024-03-08,57.03,1,4,No,3,-7,Aarav Rao,aarav.rao.79@rediffmail.com,9097439533,Chennai,2023-11-26,Premium,Motion UI Design,Design,INS009,Suresh Gupta,5,Intermediate,3026,863,Disengaged
CRS043,LRN0097,ENR00982,2024-03-01,2024-05-20,,In Progress,22,2024-03-07,,1,,No,,,Reena Pillai,reena.pillai.97@outlook.com,9809402445,Mumbai,2022-07-05,Premium,Leadership & Communication,Business,INS008,Kavita Reddy,40,Beginner,995,864,Disengaged
CRS013,LRN0263,ENR00452,2024-02-21,2024-05-11,2024-03-22,Completed,100,2024-03-22,68.27,1,5,Yes,30,-50,Anita Joshi,anita.joshi.263@yahoo.com,9233206163,Bhopal,2023-09-02,Free,AWS Solutions Architect,Cloud Computing,INS013,Manish Verma,40,Advanced,12685,849,Disengaged
CRS060,LRN0321,ENR01509,2024-01-30,2024-02-29,2024-02-03,Completed,100,2024-02-03,48.25,1,3,No,4,-26,Ravi Mehta,ravi.mehta.321@gmail.com,9682223943,Bengaluru,2023-11-19,Premium,Bayesian Statistics,Data Science,INS006,Unknown,15,Intermediate,1231,897,Disengaged
CRS058,LRN0363,ENR01297,2024-02-11,2024-03-12,2024-03-12,Completed,100,2024-03-12,97.02,1,2,Yes,30,0,Divya Patel,divya.patel.363@outlook.com,9820055778,Jaipur,2023-04-01,Free,Zero Trust Security,Cybersecurity,INS014,Pooja Mishra,15,Intermediate,4039,859,Disengaged
CRS053,LRN0181,ENR01558,2024-01-28,2024-04-17,,Not Started,0,,,1,,No,,,Karan Das,karan.das.181@rediffmail.com,9006231203,Ahmedabad,2023-01-18,Free,Supply Chain Management,Business,INS010,Anjali Iyer,40,Intermediate,3268,,Disengaged
CRS030,LRN0128,ENR01048,2024-01-20,2024-03-20,,Not Started,0,,,1,,No,,,Megha Chauhan,megha.chauhan.128@rediffmail.com,9796275705,Pune,2022-10-09,Basic,3D Modelling with Blender,Design,INS004,Sunita Rao,30,Intermediate,4503,,Disengaged
CRS043,LRN0476,ENR00828,2024-03-11,2024-05-30,,Dropped,28,,,2,,No,,,Rahul Kapoor,rahul.kapoor.476@yahoo.com,9534929298,Delhi,2023-02-26,Premium,Leadership & Communication,Business,INS008,Kavita Reddy,40,Beginner,995,,Disengaged
CRS035,LRN0346,ENR00952,2024-02-22,2024-05-12,2024-03-31,Completed,100,2024-03-31,49.75,1,2,No,38,-42,Arjun Agarwal,arjun.agarwal.346@outlook.com,9818184518,Jaipur,2023-08-12,Free,React Native Cross-Platform,Mobile Development,INS002,Meera Nair,40,Beginner,66,840,Disengaged
CRS033,LRN0039,ENR01689,2024-01-25,2024-03-05,,Dropped,32,2024-02-06,,2,,No,,,Sachin Agarwal,sachin.agarwal.39@hotmail.com,9872774348,Surat,2022-09-02,Free,Penetration Testing,Cybersecurity,INS007,Vikas Mehta,20,Advanced,6392,894,Disengaged
CRS040,LRN0356,ENR01977,2024-03-05,2024-04-04,,Dropped,1,2024-03-11,,1,,No,,,Ajay Reddy,ajay.reddy.356@yahoo.com,9574489061,Mumbai,2022-08-09,Premium,TypeScript Advanced,Web Development,INS009,Suresh Gupta,15,Beginner,786,860,Disengaged
CRS047,LRN0076,ENR01111,2024-01-16,2024-03-16,,Dropped,26,2024-01-21,,1,,No,,,Nisha Desai,nisha.desai.76@rediffmail.com,9222196937,Bengaluru,2022-08-26,Basic,Cloud Security Best Practices,Cybersecurity,INS008,Kavita Reddy,30,Intermediate,2407,910,Disengaged
CRS021,LRN0110,ENR00392,2024-03-13,2024-04-02,2024-03-31,Completed,100,2024-03-31,48.43,2,4,No,18,-2,Anita Iyer,anita.iyer.110@rediffmail.com,9892554665,Mumbai,2023-10-09,Basic,Power BI & Tableau,Data Science,INS005,Deepak Joshi,10,Advanced,6616,840,Disengaged
CRS053,LRN0106,ENR00339,2024-02-26,2024-05-16,2024-03-26,Completed,100,2024-03-26,56.22,1,4,No,29,-51,Karan Joshi,karan.joshi.106@yahoo.com,9779979955,Ahmedabad,2022-03-11,Basic,Supply Chain Management,Business,INS010,Anjali Iyer,40,Intermediate,3268,845,Disengaged
CRS023,LRN0111,ENR00401,2024-01-27,2024-04-16,,Not Started,0,,,3,,No,,,Karan Tiwari,karan.tiwari.111@rediffmail.com,9186449251,Surat,2022-05-25,Enterprise,NLP with Python,AI & ML,INS006,Priya Singh,40,Advanced,6758,,Disengaged
CRS018,LRN0036,ENR00394,2024-02-21,2024-03-22,2024-03-31,Completed,100,2024-03-31,69.83,1,2,Yes,39,9,Megha Iyer,megha.iyer.36@gmail.com,9951343320,Hyderabad,2023-05-02,Basic,Flutter App Development,Mobile Development,INS006,Priya Singh,15,Beginner,875,840,Disengaged
CRS012,LRN0293,ENR00051,2024-02-23,2024-04-03,,Not Started,0,,,1,,No,,,Rahul Kumar,rahul.kumar.293@rediffmail.com,9697972965,Mumbai,2023-12-02,Premium,Motion Graphics & Animation,Design,INS013,Manish Verma,20,Beginner,201,,Disengaged
CRS047,LRN0183,ENR00665,2024-01-05,2024-03-05,,In Progress,41,2024-02-24,,1,,No,,,Megha Sharma,megha.sharma.183@rediffmail.com,9862118233,Jaipur,2022-09-16,Premium,Cloud Security Best Practices,Cybersecurity,INS008,Kavita Reddy,30,Intermediate,2407,876,Disengaged
CRS057,LRN0436,ENR00517,2024-01-30,2024-02-09,2024-02-02,Completed,100,2024-02-02,46.45,1,2,No,3,-7,Pooja Reddy,pooja.reddy.436@rediffmail.com,9276153966,Indore,2022-12-17,Basic,Microservices Architecture,Cloud Computing,INS006,Priya Singh,5,Beginner,604,898,Disengaged
CRS031,LRN0034,ENR01414,2024-01-28,2024-02-07,,In Progress,11,2024-02-10,,1,,No,,,Amit Srivastava,amit.srivastava.34@outlook.com,9482366299,Pune,2023-07-16,Premium,Docker & Kubernetes,Cloud Computing,INS004,Sunita Rao,5,Intermediate,3781,890,Disengaged
CRS058,LRN0423,ENR00667,2024-03-08,2024-04-07,,In Progress,19,2024-03-09,,1,5,No,,,Suresh Mukherjee,suresh.mukherjee.423@hotmail.com,9770272785,Indore,2023-02-28,Enterprise,Zero Trust Security,Cybersecurity,INS014,Pooja Mishra,15,Intermediate,4039,862,Disengaged
CRS045,LRN0066,ENR01513,2024-01-14,2024-01-24,2024-01-31,Completed,100,2024-01-31,55.67,2,2,No,17,7,Ananya Kapoor,ananya.kapoor.66@outlook.com,9680876038,Lucknow,2023-05-26,Basic,Photography & Lightroom,Design,INS013,Manish Verma,5,Advanced,13064,900,Disengaged
CRS014,LRN0362,ENR01885,2024-02-13,2024-03-14,2024-03-14,Completed,100,2024-03-14,98.18,1,4,Yes,30,0,Ajay Kapoor,ajay.kapoor.362@yahoo.com,9114921643,Chandigarh,2022-10-18,Basic,Google Cloud Fundamentals,Cloud Computing,INS002,Meera Nair,15,Beginner,67,857,Disengaged
CRS015,LRN0409,ENR00290,2024-02-05,2024-02-15,2024-02-12,Completed,100,2024-02-12,98.87,1,1,Yes,7,-3,Pooja Iyer,pooja.iyer.409@hotmail.com,9860868034,Pune,2022-11-08,Premium,Azure Data Engineering,Cloud Computing,INS013,Manish Verma,5,Beginner,942,888,Disengaged
CRS018,LRN0036,ENR01002,2024-01-14,2024-02-13,,In Progress,26,2024-02-17,,1,,No,,,Megha Iyer,megha.iyer.36@gmail.com,9951343320,Hyderabad,2023-05-02,Basic,Flutter App Development,Mobile Development,INS006,Priya Singh,15,Beginner,875,883,Disengaged
CRS042,LRN0413,ENR01617,2024-01-12,2024-01-22,,In Progress,66,2024-03-14,,2,3,No,,,Deepak Gupta,deepak.gupta.413@outlook.com,9259222206,Chennai,2023-04-02,Free,Operations Management,Business,INS001,Unknown,5,Advanced,6117,857,Disengaged
CRS021,LRN0499,ENR01823,2024-02-14,2024-03-05,,In Progress,60,2024-03-03,,1,4,No,,,Divya Pandey,divya.pandey.499@rediffmail.com,9204565044,Surat,2022-03-20,Basic,Power BI & Tableau,Data Science,INS005,Deepak Joshi,10,Advanced,6616,868,Disengaged
CRS003,LRN0073,ENR01819,2024-03-08,2024-03-28,2024-03-11,Completed,100,2024-03-11,72.33,1,2,Yes,3,-17,Neha Agarwal,neha.agarwal.73@rediffmail.com,9217459615,Pune,2022-11-21,Basic,Deep Learning with TensorFlow,AI & ML,INS004,Sunita Rao,10,Advanced,13612,860,Disengaged
CRS029,LRN0242,ENR00224,2024-02-24,2024-05-14,,In Progress,29,,,2,,No,,,Karan Sharma,karan.sharma.242@gmail.com,9137215107,Bengaluru,2023-08-11,Basic,Brand Identity Design,Design,INS010,Anjali Iyer,40,Intermediate,4998,,Disengaged
CRS060,LRN0461,ENR00808,2024-01-31,2024-03-01,2024-02-17,Completed,100,2024-02-17,49.24,1,3,No,17,-13,Vijay Chatterjee,vijay.chatterjee.461@yahoo.com,9517432806,Chennai,2023-12-14,Basic,Bayesian Statistics,Data Science,INS006,Unknown,15,Intermediate,1231,883,Disengaged
CRS006,LRN0044,ENR01636,2024-01-07,2024-01-17,2024-01-16,Completed,100,2024-01-16,98.13,1,3,Yes,9,-1,Shalini Joshi,shalini.joshi.44@outlook.com,9046537556,Indore,2023-03-08,Free,HTML & CSS Mastery,Web Development,INS015,Unknown,5,Intermediate,2276,915,Disengaged
CRS014,LRN0351,ENR00606,2024-02-17,2024-03-18,,In Progress,70,2024-03-04,,1,,No,,,Nikhil Pandey,nikhil.pandey.351@hotmail.com,9957947284,Hyderabad,2023-08-14,Free,Google Cloud Fundamentals,Cloud Computing,INS002,Meera Nair,15,Beginner,67,867,Disengaged
CRS020,LRN0473,ENR00305,2024-03-06,2024-03-16,,Dropped,29,,,2,,No,,,Pooja Malhotra,pooja.malhotra.473@outlook.com,9799563531,Hyderabad,2022-04-11,Free,SQL & Database Design,Data Science,INS013,Unknown,5,Advanced,8138,,Disengaged
CRS043,LRN0045,ENR01284,2024-02-28,2024-05-18,2024-03-17,Completed,100,2024-03-17,94.49,1,3,Yes,18,-62,Priya Nair,priya.nair.45@yahoo.com,9080531003,Bhopal,2022-01-21,Basic,Leadership & Communication,Business,INS008,Kavita Reddy,40,Beginner,995,854,Disengaged
CRS054,LRN0490,ENR01478,2024-03-04,2024-04-13,2024-03-27,Completed,100,2024-03-27,83.73,2,4,Yes,23,-17,Rahul Reddy,rahul.reddy.490@gmail.com,9410672752,Chandigarh,2023-07-14,Enterprise,Product Management,Business,INS010,Anjali Iyer,20,Intermediate,4499,844,Disengaged
CRS035,LRN0099,ENR00168,2024-02-18,2024-05-08,,In Progress,86,2024-03-09,,1,,No,,,Nisha Pillai,nisha.pillai.99@hotmail.com,9102290147,Ahmedabad,2023-09-14,Basic,React Native Cross-Platform,Mobile Development,INS002,Meera Nair,40,Beginner,66,862,Disengaged
CRS052,LRN0292,ENR00815,2024-03-06,2024-05-25,,Not Started,0,,,1,,No,,,Suresh Joshi,suresh.joshi.292@gmail.com,9166746762,Bengaluru,2023-12-14,Premium,Svelte & SvelteKit,Web Development,INS005,Deepak Joshi,40,Intermediate,4129,,Disengaged
CRS037,LRN0114,ENR01868,2024-01-18,2024-02-27,2024-03-07,Completed,100,,61.11,1,1,Yes,49,9,Sneha Iyer,sneha.iyer.114@yahoo.com,9880592962,Bengaluru,2023-12-11,Premium,Data Engineering with Spark,Data Science,INS004,Sunita Rao,20,Advanced,14534,,Disengaged
CRS051,LRN0197,ENR01426,2024-01-12,2024-04-01,2024-03-31,Completed,100,2024-03-31,57.94,1,3,No,79,-1,Arjun Desai,arjun.desai.197@yahoo.com,9807374167,Surat,2022-11-07,Free,MLOps & Model Deployment,AI & ML,INS015,Kiran Desai,40,Beginner,503,840,Disengaged
CRS028,LRN0440,ENR01018,2024-02-05,2024-03-16,,Dropped,14,,,1,,No,,,Komal Sharma,komal.sharma.440@gmail.com,9986240580,Chandigarh,2023-07-28,Premium,Entrepreneurship 101,Business,INS006,Priya Singh,20,Beginner,394,,Disengaged
CRS016,LRN0119,ENR01109,2024-01-06,2024-01-26,,Dropped,25,2024-01-16,,1,,No,,,Priya Pandey,priya.pandey.119@hotmail.com,9305152204,Chandigarh,2022-05-23,Premium,Ethical Hacking Basics,Cybersecurity,INS010,Unknown,10,Beginner,686,915,Disengaged
CRS001,LRN0295,ENR01110,2024-01-27,2024-02-26,,Dropped,0,2024-02-09,,1,,No,,,Varun Desai,varun.desai.295@hotmail.com,9588916375,Bengaluru,2023-07-26,Premium,Python for Data Science,Data Science,INS009,Suresh Gupta,15,Intermediate,2986,891,Disengaged
CRS009,LRN0111,ENR01175,2024-02-21,2024-03-12,,In Progress,15,2024-03-06,,2,,No,,,Karan Tiwari,karan.tiwari.111@rediffmail.com,9186449251,Surat,2022-05-25,Enterprise,Digital Marketing Strategy,Business,INS004,Sunita Rao,10,Advanced,8712,865,Disengaged
CRS033,LRN0499,ENR00718,2024-03-01,2024-04-10,,In Progress,18,2024-03-06,,1,,No,,,Divya Pandey,divya.pandey.499@rediffmail.com,9204565044,Surat,2022-03-20,Basic,Penetration Testing,Cybersecurity,INS007,Vikas Mehta,20,Advanced,6392,865,Disengaged
CRS014,LRN0065,ENR01797,2024-02-29,2024-03-30,2024-03-03,Completed,100,2024-03-03,94.93,1,3,Yes,3,-27,Amit Desai,amit.desai.65@hotmail.com,9125674680,Delhi,2022-11-19,Free,Google Cloud Fundamentals,Cloud Computing,INS002,Meera Nair,15,Beginner,67,868,Disengaged
CRS048,LRN0180,ENR00958,2024-02-22,2024-03-03,,In Progress,38,2024-02-28,,1,,No,,,Mohit Malhotra,mohit.malhotra.180@rediffmail.com,9772522872,Surat,2022-03-02,Basic,OSINT & Threat Intelligence,Cybersecurity,INS009,Suresh Gupta,5,Beginner,440,872,Disengaged
CRS022,LRN0299,ENR01609,2024-03-01,2024-03-21,,Not Started,0,,,1,,No,,,Rohan Das,rohan.das.299@gmail.com,9375899757,Delhi,2023-11-06,Free,Statistics for Data Science,Data Science,INS015,Kiran Desai,10,Advanced,12777,,Disengaged
CRS016,LRN0004,ENR00090,2024-03-01,2024-03-21,2024-03-28,Completed,100,2024-03-28,54.42,1,4,No,27,7,Vijay Kumar,vijay.kumar.4@gmail.com,9618495931,Surat,2022-08-22,Premium,Ethical Hacking Basics,Cybersecurity,INS010,Unknown,10,Beginner,686,843,Disengaged
CRS011,LRN0464,ENR00879,2024-01-07,2024-01-17,,In Progress,43,,,1,,No,,,Komal Yadav,komal.yadav.464@yahoo.com,9102707903,Mumbai,2022-06-26,Basic,Figma for Beginners,Design,INS012,Nisha Agarwal,5,Beginner,19,,Disengaged
CRS011,LRN0148,ENR01731,2024-02-07,2024-02-17,2024-02-25,Completed,100,2024-02-25,96.58,1,3,Yes,18,8,Shreya Rao,shreya.rao.148@outlook.com,9588879470,Kolkata,2023-11-21,Free,Figma for Beginners,Design,INS012,Nisha Agarwal,5,Beginner,19,875,Disengaged
CRS033,LRN0002,ENR01833,2024-02-20,2024-03-31,,Dropped,24,2024-03-02,,2,,No,,,Sachin Pillai,sachin.pillai.2@gmail.com,9083863794,Indore,2022-06-13,Premium,Penetration Testing,Cybersecurity,INS007,Vikas Mehta,20,Advanced,6392,869,Disengaged
CRS024,LRN0295,ENR01454,2024-01-01,2024-01-31,,In Progress,23,2024-02-29,,3,,No,,,Varun Desai,varun.desai.295@hotmail.com,9588916375,Bengaluru,2023-07-26,Premium,Computer Vision,AI & ML,INS003,Arjun Patel,15,Intermediate,1877,871,Disengaged
CRS054,LRN0310,ENR00369,2024-01-10,2024-02-19,,Dropped,30,2024-01-17,,1,,No,,,Kavya Patel,kavya.patel.310@outlook.com,9294057202,Lucknow,2022-02-22,Premium,Product Management,Business,INS010,Anjali Iyer,20,Intermediate,4499,914,Disengaged
CRS055,LRN0016,ENR00500,2024-01-21,2024-01-31,2024-02-06,Completed,100,2024-02-06,50.84,2,4,No,16,6,Nisha Rao,nisha.rao.16@hotmail.com,9737631165,Pune,2023-04-24,Premium,Motion UI Design,Design,INS009,Suresh Gupta,5,Intermediate,3026,894,Disengaged
CRS028,LRN0469,ENR01972,2024-03-16,2024-04-25,,In Progress,13,2024-03-22,,1,,No,,,Neha Shah,neha.shah.469@yahoo.com,9487632909,Chandigarh,2023-05-27,Basic,Entrepreneurship 101,Business,INS006,Priya Singh,20,Beginner,394,849,Disengaged
CRS052,LRN0114,ENR01173,2024-01-19,2024-04-08,,Dropped,6,2024-01-20,,1,,No,,,Sneha Iyer,sneha.iyer.114@yahoo.com,9880592962,Bengaluru,2023-12-11,Premium,Svelte & SvelteKit,Web Development,INS005,Deepak Joshi,40,Intermediate,4129,911,Disengaged
CRS010,LRN0272,ENR01842,2024-02-29,2024-03-20,2024-03-22,Completed,100,2024-03-22,57.84,1,5,No,22,2,Kavya Malhotra,kavya.malhotra.272@yahoo.com,9140602933,Surat,2022-07-31,Free,UI/UX Design Principles,Design,INS005,Deepak Joshi,10,Beginner,133,849,Disengaged
CRS056,LRN0382,ENR00703,2024-03-07,2024-05-06,,In Progress,31,2024-03-26,,3,,No,,,Priya Verma,priya.verma.382@gmail.com,9058650948,Chandigarh,2022-03-14,Premium,NoSQL & MongoDB,Data Science,INS007,Vikas Mehta,30,Advanced,9660,845,Disengaged
CRS036,LRN0346,ENR00189,2024-01-23,2024-02-12,2024-02-18,Completed,100,2024-02-18,46.48,1,4,No,26,6,Arjun Agarwal,arjun.agarwal.346@outlook.com,9818184518,Jaipur,2023-08-12,Free,Advanced Python OOP,Data Science,INS006,Priya Singh,10,Advanced,7011,882,Disengaged
CRS016,LRN0299,ENR00578,2024-02-14,2024-03-05,,In Progress,33,2024-03-27,,2,,No,,,Rohan Das,rohan.das.299@gmail.com,9375899757,Delhi,2023-11-06,Free,Ethical Hacking Basics,Cybersecurity,INS010,Unknown,10,Beginner,686,844,Disengaged
CRS018,LRN0403,ENR00540,2024-02-03,2024-03-04,,Dropped,14,2024-02-05,,1,,No,,,Divya Agarwal,divya.agarwal.403@outlook.com,9292518812,Bhopal,2022-05-30,Premium,Flutter App Development,Mobile Development,INS006,Priya Singh,15,Beginner,875,895,Disengaged
CRS044,LRN0007,ENR00323,2024-03-11,2024-05-30,,Dropped,21,2024-03-13,,1,,No,,,Aditya Bose,aditya.bose.7@hotmail.com,9564139537,Surat,2023-04-15,Free,Adobe Illustrator Mastery,Design,INS010,Anjali Iyer,40,Intermediate,2240,858,Disengaged
CRS007,LRN0043,ENR01053,2024-01-11,2024-02-20,2024-02-22,Completed,100,2024-02-22,45.47,1,4,No,42,2,Sunita Malhotra,sunita.malhotra.43@gmail.com,9272980699,Delhi,2023-10-21,Basic,Business Analytics Essentials,Business,INS003,Arjun Patel,20,Advanced,10604,878,Disengaged
CRS051,LRN0085,ENR00429,2024-01-27,2024-04-16,,Not Started,0,,,1,,No,,,Shalini Pandey,shalini.pandey.85@outlook.com,9869261796,Mumbai,2023-12-08,Basic,MLOps & Model Deployment,AI & ML,INS015,Kiran Desai,40,Beginner,503,,Disengaged
CRS014,LRN0396,ENR00639,2024-02-03,2024-03-04,2024-02-14,Completed,100,2024-02-14,46.73,1,2,No,11,-19,Suresh Mehta,suresh.mehta.396@yahoo.com,9833884879,Chandigarh,2023-12-17,Premium,Google Cloud Fundamentals,Cloud Computing,INS002,Meera Nair,15,Beginner,67,886,Disengaged
CRS038,LRN0078,ENR01651,2024-02-10,2024-03-11,2024-03-18,Completed,100,2024-03-18,83.56,1,4,Yes,37,7,Shreya Mehta,shreya.mehta.78@outlook.com,9671369594,Mumbai,2023-11-06,Basic,Reinforcement Learning,AI & ML,INS010,Unknown,15,Advanced,10834,853,Disengaged
CRS003,LRN0290,ENR01785,2024-03-06,2024-03-26,,In Progress,59,,,1,,No,,,Karan Malhotra,karan.malhotra.290@yahoo.com,9143744701,Bhopal,2022-02-10,Premium,Deep Learning with TensorFlow,AI & ML,INS004,Sunita Rao,10,Advanced,13612,,Disengaged
CRS005,LRN0470,ENR00711,2024-01-17,2024-02-26,,In Progress,36,2024-01-24,,1,,No,,,Priya Shah,priya.shah.470@gmail.com,9456083318,Lucknow,2023-01-06,Premium,Node.js Backend Development,Web Development,INS007,Vikas Mehta,20,Beginner,119,907,Disengaged
CRS024,LRN0024,ENR01485,2024-02-19,2024-03-20,2024-02-22,Completed,100,,67.42,1,5,Yes,3,-27,Karan Banerjee,karan.banerjee.24@gmail.com,9354278498,Surat,2023-07-22,Free,Computer Vision,AI & ML,INS003,Arjun Patel,15,Intermediate,1877,,Disengaged
CRS015,LRN0419,ENR01709,2024-03-09,2024-03-19,2024-03-12,Completed,100,2024-03-12,71.9,1,2,Yes,3,-7,Ajay Singh,ajay.singh.419@rediffmail.com,9794695489,Kolkata,2022-05-13,Basic,Azure Data Engineering,Cloud Computing,INS013,Manish Verma,5,Beginner,942,859,Disengaged
CRS027,LRN0234,ENR00403,2024-02-22,2024-03-23,2024-03-22,Completed,100,2024-03-22,68.42,3,3,Yes,29,-1,Shreya Malhotra,shreya.malhotra.234@yahoo.com,9937597383,Mumbai,2023-02-24,Free,Financial Modelling,Business,INS012,Nisha Agarwal,15,Advanced,6347,849,Disengaged
CRS019,LRN0248,ENR00595,2024-03-09,2024-05-08,,In Progress,12,2024-03-21,,3,,No,,,Ravi Rao,ravi.rao.248@gmail.com,9929378427,Delhi,2022-02-27,Free,iOS Development with Swift,Mobile Development,INS009,Suresh Gupta,30,Beginner,101,850,Disengaged
CRS043,LRN0154,ENR01094,2024-01-18,2024-04-07,,In Progress,29,2024-03-06,,1,,No,,,Sunita Das,sunita.das.154@hotmail.com,9524041574,Hyderabad,2022-07-26,Premium,Leadership & Communication,Business,INS008,Kavita Reddy,40,Beginner,995,865,Disengaged
CRS035,LRN0300,ENR00278,2024-01-16,2024-04-05,,Dropped,7,2024-01-19,,1,,No,,,Megha Reddy,megha.reddy.300@outlook.com,9851027261,Lucknow,2022-07-20,Free,React Native Cross-Platform,Mobile Development,INS002,Meera Nair,40,Beginner,66,912,Disengaged
CRS054,LRN0237,ENR01375,2024-03-11,2024-04-20,2024-03-23,Completed,100,2024-03-23,49.38,1,5,No,12,-28,Rekha Desai,rekha.desai.237@outlook.com,9234456557,Hyderabad,2022-03-18,Enterprise,Product Management,Business,INS010,Anjali Iyer,20,Intermediate,4499,848,Disengaged
CRS013,LRN0499,ENR00891,2024-02-03,2024-04-23,2024-03-31,Completed,100,2024-03-31,76.65,1,1,Yes,57,-23,Divya Pandey,divya.pandey.499@rediffmail.com,9204565044,Surat,2022-03-20,Basic,AWS Solutions Architect,Cloud Computing,INS013,Manish Verma,40,Advanced,12685,840,Disengaged
CRS010,LRN0068,ENR01566,2024-01-27,2024-02-16,,Not Started,0,,,3,,No,,,Aarav Reddy,aarav.reddy.68@rediffmail.com,9613171274,Chandigarh,2022-10-07,Basic,UI/UX Design Principles,Design,INS005,Deepak Joshi,10,Beginner,133,,Disengaged
CRS042,LRN0240,ENR00389,2024-03-09,2024-03-19,,Not Started,0,,,1,1,No,,,Pooja Pandey,pooja.pandey.240@rediffmail.com,9680442067,Chandigarh,2023-07-18,Free,Operations Management,Business,INS001,Unknown,5,Advanced,6117,,Disengaged
CRS005,LRN0443,ENR00506,2024-02-13,2024-03-24,2024-03-25,Completed,100,2024-03-25,97.68,1,5,Yes,41,1,Mohit Desai,mohit.desai.443@yahoo.com,9621267969,Ahmedabad,2023-06-06,Basic,Node.js Backend Development,Web Development,INS007,Vikas Mehta,20,Beginner,119,846,Disengaged
CRS052,LRN0239,ENR00657,2024-01-11,2024-03-31,2024-03-31,Completed,100,2024-03-31,50.58,2,1,No,80,0,Ishaan Verma,ishaan.verma.239@yahoo.com,9474112490,Bhopal,2022-12-02,Free,Svelte & SvelteKit,Web Development,INS005,Deepak Joshi,40,Intermediate,4129,840,Disengaged
CRS021,LRN0451,ENR01504,2024-03-13,2024-04-02,,Dropped,30,2024-03-24,,1,,No,,,Kavya Kapoor,kavya.kapoor.451@yahoo.com,9102767478,Pune,2023-12-01,Premium,Power BI & Tableau,Data Science,INS005,Deepak Joshi,10,Advanced,6616,847,Disengaged
CRS042,LRN0143,ENR01510,2024-01-28,2024-02-07,,Dropped,33,2024-02-11,,1,3,No,,,Shreya Nair,shreya.nair.143@gmail.com,9016873395,Mumbai,2022-10-16,Basic,Operations Management,Business,INS001,Unknown,5,Advanced,6117,889,Disengaged
CRS002,LRN0032,ENR01694,2024-03-10,2024-03-30,2024-03-31,Completed,100,2024-03-31,90.85,1,1,Yes,21,1,Simran Agarwal,simran.agarwal.32@outlook.com,9556981693,Mumbai,2023-12-27,Basic,Machine Learning Fundamentals,AI & ML,INS006,Priya Singh,10,Beginner,223,840,Disengaged
CRS055,LRN0166,ENR01978,2024-01-03,2024-01-13,,Dropped,19,2024-01-13,,1,,No,,,Shalini Desai,shalini.desai.166@hotmail.com,9406403910,Kolkata,2023-12-19,Free,Motion UI Design,Design,INS009,Suresh Gupta,5,Intermediate,3026,918,Disengaged
CRS009,LRN0383,ENR01443,2024-03-03,2024-03-23,2024-03-09,Completed,100,2024-03-09,88.12,1,5,Yes,6,-14,Karan Mehta,karan.mehta.383@yahoo.com,9811386338,Lucknow,2023-10-03,Enterprise,Digital Marketing Strategy,Business,INS004,Sunita Rao,10,Advanced,8712,862,Disengaged
CRS052,LRN0126,ENR01989,2024-01-07,2024-03-27,,In Progress,69,2024-01-16,,1,,No,,,Siddharth Chauhan,siddharth.chauhan.126@hotmail.com,9505415667,Kolkata,2022-07-11,Basic,Svelte & SvelteKit,Web Development,INS005,Deepak Joshi,40,Intermediate,4129,915,Disengaged
CRS020,LRN0267,ENR00782,2024-03-08,2024-03-18,2024-03-23,Completed,100,2024-03-23,77.91,1,4,Yes,15,5,Sunita Gupta,sunita.gupta.267@outlook.com,9653074505,Chennai,2022-10-15,Premium,SQL & Database Design,Data Science,INS013,Unknown,5,Advanced,8138,848,Disengaged
CRS048,LRN0162,ENR00552,2024-01-15,2024-01-25,,In Progress,62,2024-03-11,,1,,No,,,Ananya Verma,ananya.verma.162@yahoo.com,9426841459,Hyderabad,2022-05-17,Basic,OSINT & Threat Intelligence,Cybersecurity,INS009,Suresh Gupta,5,Beginner,440,860,Disengaged
CRS007,LRN0222,ENR01087,2024-03-06,2024-04-15,,Dropped,13,2024-03-12,,1,,No,,,Neha Mukherjee,neha.mukherjee.222@hotmail.com,9697311219,Kolkata,2023-03-16,Basic,Business Analytics Essentials,Business,INS003,Arjun Patel,20,Advanced,10604,859,Disengaged
CRS032,LRN0074,ENR01759,2024-02-23,2024-03-04,2024-02-26,Completed,100,2024-02-26,96.35,1,1,Yes,3,-7,Mohit Chatterjee,mohit.chatterjee.74@gmail.com,9809134316,Indore,2023-10-11,Premium,DevOps CI/CD Pipeline,Cloud Computing,INS003,Arjun Patel,5,Advanced,6723,874,Disengaged
CRS012,LRN0139,ENR01083,2024-01-15,2024-02-24,,Dropped,7,2024-01-20,,1,,No,,,Kavya Shah,kavya.shah.139@hotmail.com,9396907844,Hyderabad,2023-12-03,Basic,Motion Graphics & Animation,Design,INS013,Manish Verma,20,Beginner,201,911,Disengaged
CRS020,LRN0434,ENR01061,2024-02-11,2024-02-21,2024-02-20,Completed,100,,53.18,1,1,No,9,-1,Amit Verma,amit.verma.434@outlook.com,9701715772,Indore,2022-12-23,Basic,SQL & Database Design,Data Science,INS013,Unknown,5,Advanced,8138,,Disengaged
CRS050,LRN0374,ENR01105,2024-01-25,2024-02-04,,In Progress,17,2024-02-24,,1,,No,,,Rahul Bose,rahul.bose.374@rediffmail.com,9491630097,Bengaluru,2023-01-16,Premium,Scala for Big Data,Data Science,INS008,Kavita Reddy,5,Beginner,181,876,Disengaged
CRS055,LRN0342,ENR01925,2024-03-06,2024-03-16,,In Progress,42,2024-03-18,,1,,No,,,Sunita Bose,sunita.bose.342@hotmail.com,9589026012,Lucknow,2023-03-22,Free,Motion UI Design,Design,INS009,Suresh Gupta,5,Intermediate,3026,853,Disengaged
CRS043,LRN0244,ENR00250,2024-01-13,2024-04-02,,Dropped,12,2024-01-17,,1,,No,,,Megha Nair,megha.nair.244@yahoo.com,9687014626,Surat,2023-06-23,Free,Leadership & Communication,Business,INS008,Kavita Reddy,40,Beginner,995,914,Disengaged
CRS042,LRN0450,ENR00432,2024-03-08,2024-03-18,2024-03-11,Completed,100,2024-03-11,51.31,2,4,No,3,-7,Aditya Tiwari,aditya.tiwari.450@yahoo.com,9129276637,Hyderabad,2023-08-15,Premium,Operations Management,Business,INS001,Unknown,5,Advanced,6117,860,Disengaged
CRS023,LRN0198,ENR00355,2024-02-10,2024-04-30,,In Progress,62,2024-03-11,,1,,No,,,Neha Jain,neha.jain.198@rediffmail.com,9661797968,Bhopal,2023-12-10,Basic,NLP with Python,AI & ML,INS006,Priya Singh,40,Advanced,6758,860,Disengaged
CRS011,LRN0168,ENR00844,2024-02-02,2024-02-12,,Not Started,0,,,1,,No,,,Vijay Patel,vijay.patel.168@gmail.com,9512868230,Chennai,2023-04-20,Premium,Figma for Beginners,Design,INS012,Nisha Agarwal,5,Beginner,19,,Disengaged
CRS040,LRN0178,ENR01037,2024-02-11,2024-03-12,2024-02-14,Completed,100,2024-02-14,89.07,1,4,Yes,3,-27,Mohit Verma,mohit.verma.178@yahoo.com,9175355609,Chandigarh,2022-05-30,Free,TypeScript Advanced,Web Development,INS009,Suresh Gupta,15,Beginner,786,886,Disengaged
CRS056,LRN0347,ENR01855,2024-02-26,2024-04-26,,In Progress,70,2024-02-26,,1,,No,,,Nisha Nair,nisha.nair.347@gmail.com,9357790714,Pune,2023-10-11,Premium,NoSQL & MongoDB,Data Science,INS007,Vikas Mehta,30,Advanced,9660,874,Disengaged
CRS017,LRN0189,ENR01988,2024-03-08,2024-03-28,2024-03-20,Completed,100,2024-03-20,57.76,2,3,No,12,-8,Anita Nair,anita.nair.189@rediffmail.com,9358662961,Chennai,2022-09-10,Premium,Network Security Essentials,Cybersecurity,INS002,Meera Nair,10,Advanced,14498,851,Disengaged
CRS056,LRN0221,ENR00714,2024-01-15,2024-03-15,,Dropped,12,2024-01-22,,1,,No,,,Manish Banerjee,manish.banerjee.221@rediffmail.com,9426221890,Surat,2022-06-18,Basic,NoSQL & MongoDB,Data Science,INS007,Vikas Mehta,30,Advanced,9660,909,Disengaged
CRS016,LRN0360,ENR00809,2024-03-09,2024-03-29,,In Progress,74,2024-03-12,,1,,No,,,Ritika Pillai,ritika.pillai.360@yahoo.com,9647598762,Bhopal,2022-01-24,Free,Ethical Hacking Basics,Cybersecurity,INS010,Unknown,10,Beginner,686,859,Disengaged
CRS004,LRN0108,ENR01625,2024-01-11,2024-03-11,,Not Started,0,,,1,,No,,,Karan Shah,karan.shah.108@hotmail.com,9199867980,Indore,2023-08-09,Premium,React.js Complete Guide,Web Development,INS014,Pooja Mishra,30,Advanced,6867,,Disengaged
CRS018,LRN0486,ENR01113,2024-02-25,2024-03-26,2024-02-28,Completed,100,2024-02-28,68.83,1,1,Yes,3,-27,Ravi Agarwal,ravi.agarwal.486@hotmail.com,9704310385,Lucknow,2022-12-18,Premium,Flutter App Development,Mobile Development,INS006,Priya Singh,15,Beginner,875,872,Disengaged
CRS030,LRN0426,ENR00651,2024-02-01,2024-04-01,,Dropped,24,2024-02-02,,1,,No,,,Anita Das,anita.das.426@gmail.com,9438421503,Ahmedabad,2023-06-03,Free,3D Modelling with Blender,Design,INS004,Sunita Rao,30,Intermediate,4503,898,Disengaged
CRS055,LRN0251,ENR01965,2024-02-22,2024-03-03,,Dropped,14,2024-02-26,,1,,No,,,Rekha Bose,rekha.bose.251@hotmail.com,9752895392,Chennai,2023-12-07,Free,Motion UI Design,Design,INS009,Suresh Gupta,5,Intermediate,3026,874,Disengaged
CRS027,LRN0100,ENR01041,2024-03-13,2024-04-12,2024-03-17,Completed,100,,68.48,1,2,Yes,4,-26,Ritika Mehta,ritika.mehta.100@outlook.com,9815614978,Mumbai,2022-08-14,Basic,Financial Modelling,Business,INS012,Nisha Agarwal,15,Advanced,6347,,Disengaged
CRS027,LRN0037,ENR00515,2024-03-17,2024-04-16,,Dropped,5,2024-03-31,,2,,No,,,Karan Verma,karan.verma.37@gmail.com,9693676320,Indore,2023-03-12,Free,Financial Modelling,Business,INS012,Nisha Agarwal,15,Advanced,6347,840,Disengaged
CRS036,LRN0016,ENR01207,2024-01-19,2024-02-08,,In Progress,79,2024-03-04,,1,,No,,,Nisha Rao,nisha.rao.16@hotmail.com,9737631165,Pune,2023-04-24,Premium,Advanced Python OOP,Data Science,INS006,Priya Singh,10,Advanced,7011,867,Disengaged
CRS017,LRN0167,ENR01904,2024-01-08,2024-01-28,2024-01-25,Completed,100,2024-01-25,78.87,1,5,Yes,17,-3,Rohan Mukherjee,rohan.mukherjee.167@hotmail.com,9170462265,Ahmedabad,2023-01-22,Basic,Network Security Essentials,Cybersecurity,INS002,Meera Nair,10,Advanced,14498,906,Disengaged
CRS049,LRN0459,ENR00959,2024-01-25,2024-03-05,,Dropped,32,2024-02-08,,1,,No,,,Aarav Mukherjee,aarav.mukherjee.459@hotmail.com,9064256908,Ahmedabad,2023-03-23,Basic,Unity Game Development,Mobile Development,INS007,Vikas Mehta,20,Intermediate,2541,892,Disengaged
CRS015,LRN0018,ENR01916,2024-02-21,2024-03-02,,In Progress,81,2024-03-27,,1,,No,,,Shalini Yadav,shalini.yadav.18@yahoo.com,9178108013,Pune,2023-05-13,Basic,Azure Data Engineering,Cloud Computing,INS013,Manish Verma,5,Beginner,942,844,Disengaged
CRS051,LRN0292,ENR01898,2024-03-11,2024-05-30,2024-03-31,Completed,100,2024-03-31,55.14,1,4,No,20,-60,Suresh Joshi,suresh.joshi.292@gmail.com,9166746762,Bengaluru,2023-12-14,Premium,MLOps & Model Deployment,AI & ML,INS015,Kiran Desai,40,Beginner,503,840,Disengaged
CRS029,LRN0442,ENR00719,2024-02-13,2024-05-03,,In Progress,33,2024-03-18,,1,,No,,,Divya Mehta,divya.mehta.442@gmail.com,9865624220,Surat,2022-01-17,Free,Brand Identity Design,Design,INS010,Anjali Iyer,40,Intermediate,4998,853,Disengaged
CRS045,LRN0452,ENR01440,2024-02-15,2024-02-25,,In Progress,76,2024-03-26,,1,,No,,,Nikhil Mishra,nikhil.mishra.452@gmail.com,9286047658,Delhi,2023-06-29,Basic,Photography & Lightroom,Design,INS013,Manish Verma,5,Advanced,13064,845,Disengaged
CRS006,LRN0351,ENR00688,2024-02-17,2024-02-27,2024-03-02,Completed,100,2024-03-02,93.59,1,5,Yes,14,4,Nikhil Pandey,nikhil.pandey.351@hotmail.com,9957947284,Hyderabad,2023-08-14,Free,HTML & CSS Mastery,Web Development,INS015,Unknown,5,Intermediate,2276,869,Disengaged
CRS048,LRN0184,ENR00897,2024-03-02,2024-03-12,2024-03-06,Completed,100,2024-03-06,86.99,1,2,Yes,4,-6,Ritika Bose,ritika.bose.184@gmail.com,9615679334,Surat,2023-10-28,Premium,OSINT & Threat Intelligence,Cybersecurity,INS009,Suresh Gupta,5,Beginner,440,865,Disengaged
CRS015,LRN0325,ENR00126,2024-01-03,2024-01-13,2024-01-16,Completed,100,2024-01-16,82.13,1,5,Yes,13,3,Anita Pandey,anita.pandey.325@rediffmail.com,9478129142,Hyderabad,2022-09-27,Premium,Azure Data Engineering,Cloud Computing,INS013,Manish Verma,5,Beginner,942,915,Disengaged
CRS047,LRN0448,ENR00862,2024-02-16,2024-04-16,,Not Started,0,,,1,,No,,,Megha Bose,megha.bose.448@outlook.com,9904712814,Bengaluru,2023-09-23,Free,Cloud Security Best Practices,Cybersecurity,INS008,Kavita Reddy,30,Intermediate,2407,,Disengaged
CRS014,LRN0406,ENR00955,2024-02-20,2024-03-21,2024-03-12,Completed,100,,93.44,3,5,Yes,21,-9,Manish Joshi,manish.joshi.406@gmail.com,9677223306,Chennai,2023-02-27,Free,Google Cloud Fundamentals,Cloud Computing,INS002,Meera Nair,15,Beginner,67,,Disengaged
CRS056,LRN0266,ENR00790,2024-02-18,2024-04-18,2024-02-26,Completed,100,2024-02-26,77.47,1,1,Yes,8,-52,Geeta Mishra,geeta.mishra.266@yahoo.com,9679970246,Lucknow,2023-09-16,Premium,NoSQL & MongoDB,Data Science,INS007,Vikas Mehta,30,Advanced,9660,874,Disengaged
CRS038,LRN0391,ENR01658,2024-01-15,2024-02-14,,In Progress,81,2024-02-17,,1,,No,,,Sachin Jain,sachin.jain.391@yahoo.com,9320679981,Pune,2022-10-24,Premium,Reinforcement Learning,AI & ML,INS010,Unknown,15,Advanced,10834,883,Disengaged
CRS007,LRN0233,ENR00105,2024-01-19,2024-02-28,,Dropped,26,2024-02-01,,1,2,No,,,Ajay Gupta,ajay.gupta.233@gmail.com,9617445187,Kolkata,2022-07-25,Free,Business Analytics Essentials,Business,INS003,Arjun Patel,20,Advanced,10604,899,Disengaged
CRS013,LRN0159,ENR00372,2024-03-11,2024-05-30,2024-03-14,Completed,100,2024-03-14,58.22,1,5,No,3,-77,Sachin Verma,sachin.verma.159@outlook.com,9431527420,Indore,2022-10-30,Basic,AWS Solutions Architect,Cloud Computing,INS013,Manish Verma,40,Advanced,12685,857,Disengaged
CRS033,LRN0269,ENR00464,2024-01-22,2024-03-02,,Dropped,6,2024-02-03,,1,,No,,,Geeta Malhotra,geeta.malhotra.269@hotmail.com,9785082148,Bengaluru,2023-06-21,Premium,Penetration Testing,Cybersecurity,INS007,Vikas Mehta,20,Advanced,6392,897,Disengaged
CRS027,LRN0499,ENR00686,2024-02-22,2024-03-23,2024-02-25,Completed,100,2024-02-25,79.04,1,5,Yes,3,-27,Divya Pandey,divya.pandey.499@rediffmail.com,9204565044,Surat,2022-03-20,Basic,Financial Modelling,Business,INS012,Nisha Agarwal,15,Advanced,6347,875,Disengaged
CRS037,LRN0362,ENR00263,2024-03-02,2024-04-11,,In Progress,73,,,1,,No,,,Ajay Kapoor,ajay.kapoor.362@yahoo.com,9114921643,Chandigarh,2022-10-18,Basic,Data Engineering with Spark,Data Science,INS004,Sunita Rao,20,Advanced,14534,,Disengaged
CRS029,LRN0385,ENR01233,2024-01-03,2024-03-23,,In Progress,79,2024-03-18,,1,,No,,,Vijay Pillai,vijay.pillai.385@rediffmail.com,9755855665,Hyderabad,2023-07-31,Basic,Brand Identity Design,Design,INS010,Anjali Iyer,40,Intermediate,4998,853,Disengaged
CRS054,LRN0215,ENR01949,2024-01-08,2024-02-17,,In Progress,26,2024-03-03,,1,,No,,,Sunita Nair,sunita.nair.215@rediffmail.com,9294667116,Chandigarh,2022-10-12,Premium,Product Management,Business,INS010,Anjali Iyer,20,Intermediate,4499,868,Disengaged
CRS049,LRN0324,ENR01702,2024-01-27,2024-03-07,,In Progress,16,2024-02-11,,1,,No,,,Nisha Pandey,nisha.pandey.324@outlook.com,9562053364,Bengaluru,2023-11-27,Premium,Unity Game Development,Mobile Development,INS007,Vikas Mehta,20,Intermediate,2541,889,Disengaged
CRS035,LRN0360,ENR00831,2024-03-07,2024-05-26,2024-03-31,Completed,100,2024-03-31,80.38,1,2,Yes,24,-56,Ritika Pillai,ritika.pillai.360@yahoo.com,9647598762,Bhopal,2022-01-24,Free,React Native Cross-Platform,Mobile Development,INS002,Meera Nair,40,Beginner,66,840,Disengaged
CRS050,LRN0328,ENR01182,2024-03-14,2024-03-24,2024-03-26,Completed,100,2024-03-26,61.07,1,5,Yes,12,2,Reena Desai,reena.desai.328@hotmail.com,9282722992,Kolkata,2022-02-11,Free,Scala for Big Data,Data Science,INS008,Kavita Reddy,5,Beginner,181,845,Disengaged
CRS043,LRN0063,ENR01623,2024-02-24,2024-05-14,,Dropped,0,2024-02-29,,1,,No,,,Aditya Banerjee,aditya.banerjee.63@gmail.com,9659401399,Indore,2023-11-20,Premium,Leadership & Communication,Business,INS008,Kavita Reddy,40,Beginner,995,871,Disengaged
CRS056,LRN0350,ENR01385,2024-02-05,2024-04-05,,Dropped,35,2024-02-16,,1,,No,,,Varun Mehta,varun.mehta.350@gmail.com,9395211179,Indore,2023-07-09,Enterprise,NoSQL & MongoDB,Data Science,INS007,Vikas Mehta,30,Advanced,9660,884,Disengaged
CRS050,LRN0153,ENR01907,2024-03-13,2024-03-23,,Dropped,8,2024-03-13,,2,,No,,,Shreya Kapoor,shreya.kapoor.153@gmail.com,9437575844,Lucknow,2023-11-24,Basic,Scala for Big Data,Data Science,INS008,Kavita Reddy,5,Beginner,181,858,Disengaged
CRS027,LRN0474,ENR00228,2024-02-20,2024-03-21,,Not Started,0,,,1,,No,,,Geeta Chatterjee,geeta.chatterjee.474@yahoo.com,9363179706,Hyderabad,2023-09-17,Basic,Financial Modelling,Business,INS012,Nisha Agarwal,15,Advanced,6347,,Disengaged
CRS028,LRN0032,ENR01899,2024-03-10,2024-04-19,2024-03-13,Completed,100,2024-03-13,69.78,2,1,Yes,3,-37,Simran Agarwal,simran.agarwal.32@outlook.com,9556981693,Mumbai,2023-12-27,Basic,Entrepreneurship 101,Business,INS006,Priya Singh,20,Beginner,394,858,Disengaged
CRS035,LRN0287,ENR00801,2024-01-23,2024-04-12,2024-03-31,Completed,100,2024-03-31,49.18,1,5,No,68,-12,Preeti Mishra,preeti.mishra.287@rediffmail.com,9723046184,Lucknow,2023-12-19,Free,React Native Cross-Platform,Mobile Development,INS002,Meera Nair,40,Beginner,66,840,Disengaged
CRS018,LRN0361,ENR01816,2024-02-21,2024-03-22,,In Progress,16,2024-03-01,,1,,No,,,Pooja Desai,pooja.desai.361@rediffmail.com,9413261117,Mumbai,2022-01-27,Premium,Flutter App Development,Mobile Development,INS006,Priya Singh,15,Beginner,875,870,Disengaged
CRS024,LRN0066,ENR00907,2024-03-13,2024-04-12,,Not Started,0,,,1,,No,,,Ananya Kapoor,ananya.kapoor.66@outlook.com,9680876038,Lucknow,2023-05-26,Basic,Computer Vision,AI & ML,INS003,Arjun Patel,15,Intermediate,1877,,Disengaged
CRS056,LRN0260,ENR01300,2024-03-13,2024-05-12,,In Progress,57,2024-03-19,,1,,No,,,Deepak Pandey,deepak.pandey.260@rediffmail.com,9270477434,Mumbai,2022-06-04,Premium,NoSQL & MongoDB,Data Science,INS007,Vikas Mehta,30,Advanced,9660,852,Disengaged
CRS002,LRN0274,ENR00853,2024-01-22,2024-02-11,,Dropped,23,2024-01-27,,1,,No,,,Ritika Agarwal,ritika.agarwal.274@hotmail.com,9657437489,Lucknow,2022-04-15,Free,Machine Learning Fundamentals,AI & ML,INS006,Priya Singh,10,Beginner,223,904,Disengaged
CRS014,LRN0427,ENR00507,2024-03-14,2024-04-13,,Dropped,22,2024-03-22,,1,,No,,,Nikhil Malhotra,nikhil.malhotra.427@hotmail.com,9845218230,Pune,2024-01-01,Premium,Google Cloud Fundamentals,Cloud Computing,INS002,Meera Nair,15,Beginner,67,849,Disengaged
CRS005,LRN0229,ENR00194,2024-02-21,2024-04-01,,In Progress,77,2024-03-07,,1,,No,,,Kavya Joshi,kavya.joshi.229@gmail.com,9524105648,Chennai,2023-12-31,Enterprise,Node.js Backend Development,Web Development,INS007,Vikas Mehta,20,Beginner,119,864,Disengaged
CRS053,LRN0331,ENR01551,2024-01-06,2024-03-26,,Not Started,0,,,1,,No,,,Varun Iyer,varun.iyer.331@hotmail.com,9655779082,Bengaluru,2022-08-24,Free,Supply Chain Management,Business,INS010,Anjali Iyer,40,Intermediate,3268,,Disengaged
CRS022,LRN0076,ENR01070,2024-03-05,2024-03-25,2024-03-25,Completed,100,2024-03-25,93.93,3,5,Yes,20,0,Nisha Desai,nisha.desai.76@rediffmail.com,9222196937,Bengaluru,2022-08-26,Basic,Statistics for Data Science,Data Science,INS015,Kiran Desai,10,Advanced,12777,846,Disengaged
CRS037,LRN0237,ENR00195,2024-01-06,2024-02-15,,Dropped,29,2024-01-10,,1,,No,,,Rekha Desai,rekha.desai.237@outlook.com,9234456557,Hyderabad,2022-03-18,Enterprise,Data Engineering with Spark,Data Science,INS004,Sunita Rao,20,Advanced,14534,921,Disengaged
CRS050,LRN0119,ENR00501,2024-01-31,2024-02-10,2024-02-03,Completed,100,2024-02-03,85.05,1,4,Yes,3,-7,Priya Pandey,priya.pandey.119@hotmail.com,9305152204,Chandigarh,2022-05-23,Premium,Scala for Big Data,Data Science,INS008,Kavita Reddy,5,Beginner,181,897,Disengaged
CRS042,LRN0049,ENR01678,2024-01-06,2024-01-16,,In Progress,57,2024-03-26,,2,,No,,,Geeta Das,geeta.das.49@outlook.com,9716572628,Lucknow,2023-07-06,Premium,Operations Management,Business,INS001,Unknown,5,Advanced,6117,845,Disengaged
CRS060,LRN0470,ENR01546,2024-03-12,2024-04-11,2024-03-17,Completed,100,2024-03-17,56.5,2,3,No,5,-25,Priya Shah,priya.shah.470@gmail.com,9456083318,Lucknow,2023-01-06,Premium,Bayesian Statistics,Data Science,INS006,Unknown,15,Intermediate,1231,854,Disengaged
CRS025,LRN0303,ENR00438,2024-01-31,2024-03-11,,In Progress,12,2024-02-18,,1,,No,,,Simran Banerjee,simran.banerjee.303@outlook.com,9586693465,Ahmedabad,2022-05-17,Free,Vue.js & Nuxt Development,Web Development,INS004,Sunita Rao,20,Beginner,779,882,Disengaged
CRS033,LRN0058,ENR00544,2024-01-10,2024-02-19,2024-01-25,Completed,100,,76.37,2,4,Yes,15,-25,Priya Yadav,priya.yadav.58@hotmail.com,9186999386,Ahmedabad,2022-11-01,Premium,Penetration Testing,Cybersecurity,INS007,Vikas Mehta,20,Advanced,6392,,Disengaged
CRS007,LRN0165,ENR00503,2024-02-27,2024-04-07,2024-03-31,Completed,100,2024-03-31,76.56,1,3,Yes,33,-7,Ishaan Jain,ishaan.jain.165@hotmail.com,9971870728,Ahmedabad,2023-08-01,Free,Business Analytics Essentials,Business,INS003,Arjun Patel,20,Advanced,10604,840,Disengaged
CRS024,LRN0157,ENR00111,2024-02-08,2024-03-09,2024-02-11,Completed,100,2024-02-11,88.52,1,5,Yes,3,-27,Megha Tiwari,megha.tiwari.157@yahoo.com,9401938026,Mumbai,2023-02-11,Premium,Computer Vision,AI & ML,INS003,Arjun Patel,15,Intermediate,1877,889,Disengaged
CRS007,LRN0493,ENR00904,2024-01-09,2024-02-18,,Not Started,0,,,1,,No,,,Sachin Gupta,sachin.gupta.493@outlook.com,9562656504,Kolkata,2022-11-12,Enterprise,Business Analytics Essentials,Business,INS003,Arjun Patel,20,Advanced,10604,,Disengaged
CRS031,LRN0439,ENR00408,2024-01-16,2024-01-26,2024-02-05,Completed,100,,95.27,1,4,Yes,20,10,Megha Srivastava,megha.srivastava.439@hotmail.com,9997335494,Chandigarh,2022-12-19,Enterprise,Docker & Kubernetes,Cloud Computing,INS004,Sunita Rao,5,Intermediate,3781,,Disengaged
CRS049,LRN0377,ENR01400,2024-03-02,2024-04-11,2024-03-24,Completed,100,2024-03-24,64.01,1,4,Yes,22,-18,Mohit Mehta,mohit.mehta.377@yahoo.com,9928557498,Delhi,2023-06-28,Free,Unity Game Development,Mobile Development,INS007,Vikas Mehta,20,Intermediate,2541,847,Disengaged
CRS019,LRN0318,ENR00129,2024-01-22,2024-03-22,2024-03-18,Completed,100,2024-03-18,60.03,1,4,Yes,56,-4,Aarav Shah,aarav.shah.318@outlook.com,9919015814,Lucknow,2022-03-30,Free,iOS Development with Swift,Mobile Development,INS009,Suresh Gupta,30,Beginner,101,853,Disengaged
CRS049,LRN0142,ENR01328,2024-01-12,2024-02-21,,In Progress,76,2024-03-06,,1,1,No,,,Rohan Chauhan,rohan.chauhan.142@yahoo.com,9696325953,Ahmedabad,2023-06-12,Basic,Unity Game Development,Mobile Development,INS007,Vikas Mehta,20,Intermediate,2541,865,Disengaged
CRS029,LRN0271,ENR01193,2024-01-25,2024-04-14,2024-02-19,Completed,100,2024-02-19,71.23,1,5,Yes,25,-55,Ananya Desai,ananya.desai.271@rediffmail.com,9035797279,Kolkata,2022-12-19,Free,Brand Identity Design,Design,INS010,Anjali Iyer,40,Intermediate,4998,881,Disengaged
CRS027,LRN0467,ENR00560,2024-02-27,2024-03-28,,Dropped,18,2024-03-04,,1,,No,,,Ananya Mishra,ananya.mishra.467@gmail.com,9262582739,Bengaluru,2022-04-13,Premium,Financial Modelling,Business,INS012,Nisha Agarwal,15,Advanced,6347,867,Disengaged
CRS026,LRN0047,ENR00018,2024-01-18,2024-01-28,2024-01-31,Completed,100,2024-01-31,85.4,2,5,Yes,13,3,Rahul Chauhan,rahul.chauhan.47@rediffmail.com,9190496631,Chandigarh,2023-10-05,Free,Full Stack Django,Web Development,INS008,Kavita Reddy,5,Advanced,10918,900,Disengaged
CRS043,LRN0310,ENR00086,2024-01-14,2024-04-03,,Dropped,28,2024-01-28,,1,,No,,,Kavya Patel,kavya.patel.310@outlook.com,9294057202,Lucknow,2022-02-22,Premium,Leadership & Communication,Business,INS008,Kavita Reddy,40,Beginner,995,903,Disengaged
CRS058,LRN0272,ENR01138,2024-03-16,2024-04-15,,Dropped,21,2024-03-30,,2,,No,,,Kavya Malhotra,kavya.malhotra.272@yahoo.com,9140602933,Surat,2022-07-31,Free,Zero Trust Security,Cybersecurity,INS014,Pooja Mishra,15,Intermediate,4039,841,Disengaged
CRS021,LRN0046,ENR01263,2024-02-07,2024-02-27,,In Progress,51,2024-02-27,,1,,No,,,Pooja Patel,pooja.patel.46@rediffmail.com,9719374529,Chandigarh,2022-04-28,Premium,Power BI & Tableau,Data Science,INS005,Deepak Joshi,10,Advanced,6616,873,Disengaged
CRS019,LRN0359,ENR01390,2024-01-07,2024-03-07,2024-02-13,Completed,100,,78.2,1,1,Yes,37,-23,Rahul Shah,rahul.shah.359@yahoo.com,9569961125,Kolkata,2022-11-21,Premium,iOS Development with Swift,Mobile Development,INS009,Suresh Gupta,30,Beginner,101,,Disengaged
CRS009,LRN0228,ENR00282,2024-03-14,2024-04-03,,In Progress,76,2024-03-24,,2,,No,,,Shalini Pillai,shalini.pillai.228@hotmail.com,9904210202,Kolkata,2023-06-20,Basic,Digital Marketing Strategy,Business,INS004,Sunita Rao,10,Advanced,8712,847,Disengaged
CRS057,LRN0211,ENR01974,2024-03-01,2024-03-11,,Not Started,0,,,1,,No,,,Ananya Rao,ananya.rao.211@hotmail.com,9148580783,Delhi,2023-11-01,Premium,Microservices Architecture,Cloud Computing,INS006,Priya Singh,5,Beginner,604,,Disengaged
CRS035,LRN0039,ENR00326,2024-02-13,2024-05-03,2024-03-31,Completed,100,,99.43,1,2,Yes,47,-33,Sachin Agarwal,sachin.agarwal.39@hotmail.com,9872774348,Surat,2022-09-02,Free,React Native Cross-Platform,Mobile Development,INS002,Meera Nair,40,Beginner,66,,Disengaged
CRS050,LRN0191,ENR01912,2024-02-08,2024-02-18,,Dropped,2,2024-02-11,,1,,No,,,Sneha Patel,sneha.patel.191@gmail.com,9126788861,Delhi,2022-12-29,Basic,Scala for Big Data,Data Science,INS008,Kavita Reddy,5,Beginner,181,889,Disengaged
CRS023,LRN0402,ENR00085,2024-01-06,2024-03-26,,Dropped,17,2024-01-14,,2,,No,,,Simran Tiwari,simran.tiwari.402@outlook.com,9782329832,Chandigarh,2023-12-24,Premium,NLP with Python,AI & ML,INS006,Priya Singh,40,Advanced,6758,917,Disengaged
CRS029,LRN0430,ENR01418,2024-01-18,2024-04-07,2024-02-11,Completed,100,2024-02-11,47.0,1,5,No,24,-56,Reena Reddy,reena.reddy.430@outlook.com,9813858542,Lucknow,2022-09-08,Free,Brand Identity Design,Design,INS010,Anjali Iyer,40,Intermediate,4998,889,Disengaged
CRS029,LRN0199,ENR00856,2024-01-31,2024-04-20,,In Progress,42,2024-03-10,,1,,No,,,Manish Jain,manish.jain.199@rediffmail.com,9891135290,Surat,2023-11-25,Basic,Brand Identity Design,Design,INS010,Anjali Iyer,40,Intermediate,4998,861,Disengaged
CRS015,LRN0327,ENR00702,2024-01-04,2024-01-14,,Dropped,19,2024-01-13,,1,3,No,,,Neha Pandey,neha.pandey.327@hotmail.com,9639427881,Kolkata,2023-05-30,Free,Azure Data Engineering,Cloud Computing,INS013,Manish Verma,5,Beginner,942,918,Disengaged
CRS051,LRN0243,ENR01115,2024-03-08,2024-05-27,2024-03-31,Completed,100,2024-03-31,64.13,1,4,Yes,23,-57,Vivaan Srivastava,vivaan.srivastava.243@gmail.com,9625324472,Lucknow,2023-09-27,Basic,MLOps & Model Deployment,AI & ML,INS015,Kiran Desai,40,Beginner,503,840,Disengaged
CRS020,LRN0410,ENR01119,2024-02-21,2024-03-02,2024-03-05,Completed,100,2024-03-05,97.64,1,3,Yes,13,3,Megha Verma,megha.verma.410@gmail.com,9264908277,Chandigarh,2023-05-28,Free,SQL & Database Design,Data Science,INS013,Unknown,5,Advanced,8138,866,Disengaged
CRS010,LRN0472,ENR00097,2024-02-21,2024-03-12,,In Progress,79,2024-03-05,,1,,No,,,Manish Chauhan,manish.chauhan.472@rediffmail.com,9364597010,Bengaluru,2022-06-11,Premium,UI/UX Design Principles,Design,INS005,Deepak Joshi,10,Beginner,133,866,Disengaged
CRS044,LRN0361,ENR01756,2024-02-22,2024-05-12,2024-03-01,Completed,100,2024-03-01,79.29,1,3,Yes,8,-72,Pooja Desai,pooja.desai.361@rediffmail.com,9413261117,Mumbai,2022-01-27,Premium,Adobe Illustrator Mastery,Design,INS010,Anjali Iyer,40,Intermediate,2240,870,Disengaged
CRS050,LRN0312,ENR00706,2024-01-16,2024-01-26,,In Progress,73,2024-03-01,,1,,No,,,Rahul Agarwal,rahul.agarwal.312@outlook.com,9886153355,Chennai,2022-08-12,Enterprise,Scala for Big Data,Data Science,INS008,Kavita Reddy,5,Beginner,181,870,Disengaged
CRS021,LRN0013,ENR00726,2024-02-24,2024-03-15,,Dropped,35,2024-02-29,,1,,No,,,Divya Desai,divya.desai.13@yahoo.com,9782489638,Chandigarh,2022-11-16,Basic,Power BI & Tableau,Data Science,INS005,Deepak Joshi,10,Advanced,6616,871,Disengaged
CRS049,LRN0198,ENR00990,2024-03-16,2024-04-25,,In Progress,70,2024-03-20,,1,,No,,,Neha Jain,neha.jain.198@rediffmail.com,9661797968,Bhopal,2023-12-10,Basic,Unity Game Development,Mobile Development,INS007,Vikas Mehta,20,Intermediate,2541,851,Disengaged
CRS033,LRN0280,ENR01410,2024-01-19,2024-02-28,2024-01-28,Completed,100,,63.21,1,3,Yes,9,-31,Sachin Kumar,sachin.kumar.280@hotmail.com,9684602235,Lucknow,2023-04-14,Free,Penetration Testing,Cybersecurity,INS007,Vikas Mehta,20,Advanced,6392,,Disengaged
CRS010,LRN0227,ENR00093,2024-01-02,2024-01-22,,Dropped,4,2024-01-10,,1,,No,,,Shreya Singh,shreya.singh.227@hotmail.com,9832856914,Chandigarh,2022-09-02,Free,UI/UX Design Principles,Design,INS005,Deepak Joshi,10,Beginner,133,921,Disengaged
CRS044,LRN0182,ENR01852,2024-01-07,2024-03-27,,Dropped,6,2024-01-11,,1,,No,,,Reena Mukherjee,reena.mukherjee.182@rediffmail.com,9770088600,Chandigarh,2022-10-09,Basic,Adobe Illustrator Mastery,Design,INS010,Anjali Iyer,40,Intermediate,2240,920,Disengaged
CRS018,LRN0345,ENR00882,2024-02-18,2024-03-19,2024-03-16,Completed,100,2024-03-16,91.95,1,4,Yes,27,-3,Siddharth Iyer,siddharth.iyer.345@outlook.com,9011848955,Hyderabad,2023-09-13,Enterprise,Flutter App Development,Mobile Development,INS006,Priya Singh,15,Beginner,875,855,Disengaged
CRS041,LRN0332,ENR00821,2024-01-11,2024-02-10,2024-01-14,Completed,100,,73.81,1,5,Yes,3,-27,Neha Joshi,neha.joshi.332@hotmail.com,9259136517,Ahmedabad,2022-08-04,Basic,GraphQL APIs,Web Development,INS002,Meera Nair,15,Intermediate,1945,,Disengaged
CRS017,LRN0133,ENR01145,2024-02-12,2024-03-03,,In Progress,15,2024-02-23,,1,,No,,,Ravi Jain,ravi.jain.133@yahoo.com,9188442258,Delhi,2022-07-25,Premium,Network Security Essentials,Cybersecurity,INS002,Meera Nair,10,Advanced,14498,877,Disengaged
CRS013,LRN0394,ENR00479,2024-02-02,2024-04-22,2024-03-31,Completed,100,2024-03-31,55.97,1,3,No,58,-22,Amit Pandey,amit.pandey.394@hotmail.com,9904259792,Mumbai,2022-08-28,Free,AWS Solutions Architect,Cloud Computing,INS013,Manish Verma,40,Advanced,12685,840,Disengaged
CRS038,LRN0318,ENR00963,2024-03-02,2024-04-01,,In Progress,15,2024-03-20,,1,,No,,,Aarav Shah,aarav.shah.318@outlook.com,9919015814,Lucknow,2022-03-30,Free,Reinforcement Learning,AI & ML,INS010,Unknown,15,Advanced,10834,851,Disengaged
CRS057,LRN0318,ENR01264,2024-01-28,2024-02-07,,Dropped,33,2024-02-04,,1,,No,,,Aarav Shah,aarav.shah.318@outlook.com,9919015814,Lucknow,2022-03-30,Free,Microservices Architecture,Cloud Computing,INS006,Priya Singh,5,Beginner,604,896,Disengaged
CRS004,LRN0209,ENR01788,2024-01-19,2024-03-19,,Dropped,19,2024-01-31,,1,,No,,,Aarav Nair,aarav.nair.209@hotmail.com,9236887676,Ahmedabad,2022-06-21,Free,React.js Complete Guide,Web Development,INS014,Pooja Mishra,30,Advanced,6867,900,Disengaged
CRS006,LRN0083,ENR00978,2024-03-14,2024-03-24,2024-03-17,Completed,100,2024-03-17,69.54,3,3,Yes,3,-7,Kavya Rao,kavya.rao.83@rediffmail.com,9651370985,Hyderabad,2023-10-26,Free,HTML & CSS Mastery,Web Development,INS015,Unknown,5,Intermediate,2276,854,Disengaged
CRS047,LRN0432,ENR00787,2024-02-05,2024-04-05,,Not Started,0,,,1,,No,,,Arjun Jain,arjun.jain.432@gmail.com,9997954538,Indore,2023-04-22,Basic,Cloud Security Best Practices,Cybersecurity,INS008,Kavita Reddy,30,Intermediate,2407,,Disengaged
CRS009,LRN0129,ENR01884,2024-01-02,2024-01-22,,In Progress,36,2024-02-19,,1,,No,,,Rohan Singh,rohan.singh.129@yahoo.com,9658202970,Delhi,2022-08-30,Premium,Digital Marketing Strategy,Business,INS004,Sunita Rao,10,Advanced,8712,881,Disengaged
CRS022,LRN0039,ENR01431,2024-01-03,2024-01-23,,Not Started,0,,,1,,No,,,Sachin Agarwal,sachin.agarwal.39@hotmail.com,9872774348,Surat,2022-09-02,Free,Statistics for Data Science,Data Science,INS015,Kiran Desai,10,Advanced,12777,,Disengaged
CRS011,LRN0073,ENR01567,2024-03-06,2024-03-16,2024-03-09,Completed,100,2024-03-09,86.49,1,2,Yes,3,-7,Neha Agarwal,neha.agarwal.73@rediffmail.com,9217459615,Pune,2022-11-21,Basic,Figma for Beginners,Design,INS012,Nisha Agarwal,5,Beginner,19,862,Disengaged
CRS029,LRN0418,ENR01559,2024-01-30,2024-04-19,,In Progress,76,2024-02-11,,1,,No,,,Karan Chauhan,karan.chauhan.418@yahoo.com,9721458683,Lucknow,2022-03-01,Free,Brand Identity Design,Design,INS010,Anjali Iyer,40,Intermediate,4998,889,Disengaged
CRS024,LRN0434,ENR01315,2024-02-14,2024-03-15,,Dropped,4,,,2,,No,,,Amit Verma,amit.verma.434@outlook.com,9701715772,Indore,2022-12-23,Basic,Computer Vision,AI & ML,INS003,Arjun Patel,15,Intermediate,1877,,Disengaged
CRS020,LRN0419,ENR00935,2024-02-16,2024-02-26,,In Progress,90,2024-03-28,,1,,No,,,Ajay Singh,ajay.singh.419@rediffmail.com,9794695489,Kolkata,2022-05-13,Basic,SQL & Database Design,Data Science,INS013,Unknown,5,Advanced,8138,843,Disengaged
CRS025,LRN0132,ENR00226,2024-02-29,2024-04-09,2024-03-13,Completed,100,2024-03-13,65.63,1,1,Yes,13,-27,Ishaan Pillai,ishaan.pillai.132@gmail.com,9473121727,Indore,2023-11-30,Enterprise,Vue.js & Nuxt Development,Web Development,INS004,Sunita Rao,20,Beginner,779,858,Disengaged
CRS026,LRN0013,ENR01473,2024-02-17,2024-02-27,,Not Started,0,,,1,,No,,,Divya Desai,divya.desai.13@yahoo.com,9782489638,Chandigarh,2022-11-16,Basic,Full Stack Django,Web Development,INS008,Kavita Reddy,5,Advanced,10918,,Disengaged
CRS048,LRN0174,ENR01404,2024-01-19,2024-01-29,,Dropped,4,2024-02-01,,1,,No,,,Neha Bose,neha.bose.174@yahoo.com,9708668826,Chennai,2022-07-28,Basic,OSINT & Threat Intelligence,Cybersecurity,INS009,Suresh Gupta,5,Beginner,440,899,Disengaged
CRS034,LRN0423,ENR01106,2024-02-07,2024-02-27,2024-02-27,Completed,100,2024-02-27,98.55,1,5,Yes,20,0,Suresh Mukherjee,suresh.mukherjee.423@hotmail.com,9770272785,Indore,2023-02-28,Enterprise,Android Development Kotlin,Mobile Development,INS002,Meera Nair,10,Intermediate,3846,873,Disengaged
CRS057,LRN0377,ENR00565,2024-01-27,2024-02-06,,In Progress,83,2024-03-02,,2,,No,,,Mohit Mehta,mohit.mehta.377@yahoo.com,9928557498,Delhi,2023-06-28,Free,Microservices Architecture,Cloud Computing,INS006,Priya Singh,5,Beginner,604,869,Disengaged
CRS048,LRN0405,ENR01187,2024-01-06,2024-01-16,,In Progress,24,2024-01-18,,1,,No,,,Simran Rao,simran.rao.405@yahoo.com,9939330517,Jaipur,2023-09-12,Basic,OSINT & Threat Intelligence,Cybersecurity,INS009,Suresh Gupta,5,Beginner,440,913,Disengaged
CRS055,LRN0311,ENR01058,2024-02-03,2024-02-13,2024-02-22,Completed,100,2024-02-22,83.5,1,5,Yes,19,9,Reena Das,reena.das.311@yahoo.com,9479851583,Jaipur,2022-03-11,Premium,Motion UI Design,Design,INS009,Suresh Gupta,5,Intermediate,3026,878,Disengaged
CRS013,LRN0336,ENR01079,2024-01-02,2024-03-22,,In Progress,52,,,1,,No,,,Sneha Sharma,sneha.sharma.336@rediffmail.com,9388629127,Lucknow,2022-02-09,Premium,AWS Solutions Architect,Cloud Computing,INS013,Manish Verma,40,Advanced,12685,,Disengaged
CRS058,LRN0103,ENR00850,2024-01-08,2024-02-07,2024-01-12,Completed,100,2024-01-12,97.08,1,2,Yes,4,-26,Nisha Srivastava,nisha.srivastava.103@outlook.com,9641605297,Delhi,2023-03-24,Premium,Zero Trust Security,Cybersecurity,INS014,Pooja Mishra,15,Intermediate,4039,919,Disengaged
CRS027,LRN0099,ENR00327,2024-03-11,2024-04-10,,Dropped,35,2024-03-25,,3,,No,,,Nisha Pillai,nisha.pillai.99@hotmail.com,9102290147,Ahmedabad,2023-09-14,Basic,Financial Modelling,Business,INS012,Nisha Agarwal,15,Advanced,6347,846,Disengaged
CRS028,LRN0262,ENR00064,2024-02-22,2024-04-02,2024-03-30,Completed,100,2024-03-30,84.62,2,3,Yes,37,-3,Nikhil Rao,nikhil.rao.262@rediffmail.com,9374160898,Surat,2023-09-28,Free,Entrepreneurship 101,Business,INS006,Priya Singh,20,Beginner,394,841,Disengaged
CRS047,LRN0381,ENR00417,2024-01-17,2024-03-17,,Not Started,0,,,1,,No,,,Deepak Desai,deepak.desai.381@gmail.com,9789940539,Mumbai,2022-08-02,Premium,Cloud Security Best Practices,Cybersecurity,INS008,Kavita Reddy,30,Intermediate,2407,,Disengaged
CRS016,LRN0360,ENR01292,2024-03-14,2024-04-03,,Dropped,13,2024-03-22,,1,,No,,,Ritika Pillai,ritika.pillai.360@yahoo.com,9647598762,Bhopal,2022-01-24,Free,Ethical Hacking Basics,Cybersecurity,INS010,Unknown,10,Beginner,686,849,Disengaged
CRS052,LRN0258,ENR00004,2024-02-13,2024-05-03,2024-03-17,Completed,100,2024-03-17,64.98,1,4,Yes,33,-47,Sunita Rao,sunita.rao.258@rediffmail.com,9872050614,Ahmedabad,2022-07-24,Free,Svelte & SvelteKit,Web Development,INS005,Deepak Joshi,40,Intermediate,4129,854,Disengaged
CRS047,LRN0396,ENR01481,2024-01-02,2024-03-02,2024-03-11,Completed,100,2024-03-11,51.52,1,2,No,69,9,Suresh Mehta,suresh.mehta.396@yahoo.com,9833884879,Chandigarh,2023-12-17,Premium,Cloud Security Best Practices,Cybersecurity,INS008,Kavita Reddy,30,Intermediate,2407,860,Disengaged
CRS006,LRN0119,ENR01582,2024-01-24,2024-02-03,2024-02-08,Completed,100,2024-02-08,66.42,1,4,Yes,15,5,Priya Pandey,priya.pandey.119@hotmail.com,9305152204,Chandigarh,2022-05-23,Premium,HTML & CSS Mastery,Web Development,INS015,Unknown,5,Intermediate,2276,892,Disengaged
CRS055,LRN0344,ENR01568,2024-03-13,2024-03-23,2024-03-29,Completed,100,2024-03-29,99.49,1,2,Yes,16,6,Varun Pillai,varun.pillai.344@outlook.com,9205302146,Surat,2023-02-09,Basic,Motion UI Design,Design,INS009,Suresh Gupta,5,Intermediate,3026,842,Disengaged
CRS024,LRN0469,ENR00553,2024-03-02,2024-04-01,,In Progress,63,2024-03-16,,1,,No,,,Neha Shah,neha.shah.469@yahoo.com,9487632909,Chandigarh,2023-05-27,Basic,Computer Vision,AI & ML,INS003,Arjun Patel,15,Intermediate,1877,855,Disengaged
CRS038,LRN0136,ENR01226,2024-01-07,2024-02-06,,Dropped,20,2024-01-09,,1,,No,,,Preeti Shah,preeti.shah.136@outlook.com,9922680182,Bengaluru,2022-06-15,Basic,Reinforcement Learning,AI & ML,INS010,Unknown,15,Advanced,10834,922,Disengaged
CRS017,LRN0490,ENR01044,2024-03-14,2024-04-03,,In Progress,90,2024-03-24,,1,,No,,,Rahul Reddy,rahul.reddy.490@gmail.com,9410672752,Chandigarh,2023-07-14,Enterprise,Network Security Essentials,Cybersecurity,INS002,Meera Nair,10,Advanced,14498,847,Disengaged
CRS008,LRN0025,ENR01548,2024-03-04,2024-05-23,2024-03-19,Completed,100,2024-03-19,92.83,2,1,Yes,15,-65,Sneha Banerjee,sneha.banerjee.25@yahoo.com,9241182449,Chandigarh,2022-12-18,Free,Project Management Professional,Business,INS003,Arjun Patel,40,Intermediate,4049,852,Disengaged
CRS013,LRN0245,ENR01245,2024-03-10,2024-05-29,,Dropped,11,2024-03-20,,1,,No,,,Vijay Bose,vijay.bose.245@outlook.com,9065787598,Pune,2022-10-04,Free,AWS Solutions Architect,Cloud Computing,INS013,Manish Verma,40,Advanced,12685,851,Disengaged
CRS058,LRN0006,ENR00423,2024-01-23,2024-02-22,,In Progress,25,2024-01-27,,3,,No,,,Karan Pillai,karan.pillai.6@outlook.com,9283276483,Bhopal,2022-02-27,Free,Zero Trust Security,Cybersecurity,INS014,Pooja Mishra,15,Intermediate,4039,904,Disengaged
CRS041,LRN0236,ENR00887,2024-02-12,2024-03-13,,Dropped,7,2024-02-13,,1,,No,,,Ritika Singh,ritika.singh.236@rediffmail.com,9038657191,Bengaluru,2023-10-15,Premium,GraphQL APIs,Web Development,INS002,Meera Nair,15,Intermediate,1945,887,Disengaged
CRS053,LRN0007,ENR00466,2024-02-15,2024-05-05,2024-03-23,Completed,100,2024-03-23,94.03,1,5,Yes,37,-43,Aditya Bose,aditya.bose.7@hotmail.com,9564139537,Surat,2023-04-15,Free,Supply Chain Management,Business,INS010,Anjali Iyer,40,Intermediate,3268,848,Disengaged
CRS013,LRN0163,ENR00574,2024-03-12,2024-05-31,,In Progress,90,2024-03-13,,1,,No,,,Shalini Malhotra,shalini.malhotra.163@gmail.com,9956878339,Jaipur,2023-04-03,Basic,AWS Solutions Architect,Cloud Computing,INS013,Manish Verma,40,Advanced,12685,858,Disengaged
CRS003,LRN0477,ENR01100,2024-02-09,2024-02-29,,Not Started,0,,,1,,No,,,Shalini Mishra,shalini.mishra.477@yahoo.com,9063356939,Lucknow,2022-01-06,Basic,Deep Learning with TensorFlow,AI & ML,INS004,Sunita Rao,10,Advanced,13612,,Disengaged
CRS027,LRN0471,ENR00092,2024-02-28,2024-03-29,,Not Started,0,,,1,,No,,,Varun Verma,varun.verma.471@yahoo.com,9340312772,Surat,2022-02-14,Free,Financial Modelling,Business,INS012,Nisha Agarwal,15,Advanced,6347,,Disengaged
CRS051,LRN0087,ENR01942,2024-01-21,2024-04-10,2024-02-20,Completed,100,2024-02-20,49.8,1,2,No,30,-50,Ishaan Shah,ishaan.shah.87@rediffmail.com,9900532931,Hyderabad,2023-08-24,Free,MLOps & Model Deployment,AI & ML,INS015,Kiran Desai,40,Beginner,503,880,Disengaged
CRS022,LRN0033,ENR00084,2024-02-25,2024-03-16,2024-03-05,Completed,100,2024-03-05,51.64,1,3,No,9,-11,Ajay Mukherjee,ajay.mukherjee.33@outlook.com,9835615951,Jaipur,2022-11-13,Premium,Statistics for Data Science,Data Science,INS015,Kiran Desai,10,Advanced,12777,866,Disengaged
CRS060,LRN0247,ENR01319,2024-01-07,2024-02-06,,In Progress,88,2024-02-22,,1,,No,,,Rohan Kapoor,rohan.kapoor.247@outlook.com,9396522395,Lucknow,2022-01-29,Premium,Bayesian Statistics,Data Science,INS006,Unknown,15,Intermediate,1231,878,Disengaged
CRS052,LRN0252,ENR00058,2024-02-25,2024-05-15,,Dropped,19,2024-03-10,,2,,No,,,Arjun Malhotra,arjun.malhotra.252@yahoo.com,9096902959,Surat,2023-08-03,Free,Svelte & SvelteKit,Web Development,INS005,Deepak Joshi,40,Intermediate,4129,861,Disengaged
CRS028,LRN0404,ENR00288,2024-02-18,2024-03-29,2024-03-22,Completed,100,2024-03-22,58.61,1,5,No,33,-7,Amit Banerjee,amit.banerjee.404@yahoo.com,9664742312,Mumbai,2023-09-19,Basic,Entrepreneurship 101,Business,INS006,Priya Singh,20,Beginner,394,849,Disengaged
CRS030,LRN0023,ENR00200,2024-01-04,2024-03-04,2024-02-27,Completed,100,2024-02-27,65.96,1,2,Yes,54,-6,Shalini Tiwari,shalini.tiwari.23@rediffmail.com,9107991183,Chennai,2022-05-16,Enterprise,3D Modelling with Blender,Design,INS004,Sunita Rao,30,Intermediate,4503,873,Disengaged
CRS042,LRN0153,ENR01341,2024-03-17,2024-03-27,,Dropped,25,2024-03-31,,1,,No,,,Shreya Kapoor,shreya.kapoor.153@gmail.com,9437575844,Lucknow,2023-11-24,Basic,Operations Management,Business,INS001,Unknown,5,Advanced,6117,840,Disengaged
CRS001,LRN0351,ENR01901,2024-01-05,2024-02-04,2024-01-12,Completed,100,2024-01-12,56.48,1,4,No,7,-23,Nikhil Pandey,nikhil.pandey.351@hotmail.com,9957947284,Hyderabad,2023-08-14,Free,Python for Data Science,Data Science,INS009,Suresh Gupta,15,Intermediate,2986,919,Disengaged
CRS019,LRN0016,ENR00961,2024-01-16,2024-03-16,2024-01-20,Completed,100,2024-01-20,48.69,1,1,No,4,-56,Nisha Rao,nisha.rao.16@hotmail.com,9737631165,Pune,2023-04-24,Premium,iOS Development with Swift,Mobile Development,INS009,Suresh Gupta,30,Beginner,101,911,Disengaged
CRS032,LRN0443,ENR00598,2024-03-16,2024-03-26,2024-03-19,Completed,100,2024-03-19,67.18,2,5,Yes,3,-7,Mohit Desai,mohit.desai.443@yahoo.com,9621267969,Ahmedabad,2023-06-06,Basic,DevOps CI/CD Pipeline,Cloud Computing,INS003,Arjun Patel,5,Advanced,6723,852,Disengaged
CRS049,LRN0382,ENR01874,2024-01-15,2024-02-24,2024-02-28,Completed,100,2024-02-28,49.2,1,4,No,44,4,Priya Verma,priya.verma.382@gmail.com,9058650948,Chandigarh,2022-03-14,Premium,Unity Game Development,Mobile Development,INS007,Vikas Mehta,20,Intermediate,2541,872,Disengaged
CRS047,LRN0070,ENR01310,2024-02-13,2024-04-13,,In Progress,66,2024-03-17,,2,,No,,,Sachin Mishra,sachin.mishra.70@hotmail.com,9044997278,Kolkata,2022-12-07,Basic,Cloud Security Best Practices,Cybersecurity,INS008,Kavita Reddy,30,Intermediate,2407,854,Disengaged
CRS032,LRN0062,ENR01895,2024-01-14,2024-01-24,,In Progress,47,2024-01-21,,1,,No,,,Simran Malhotra,simran.malhotra.62@rediffmail.com,9947174648,Ahmedabad,2023-03-25,Free,DevOps CI/CD Pipeline,Cloud Computing,INS003,Arjun Patel,5,Advanced,6723,910,Disengaged
CRS052,LRN0440,ENR00983,2024-01-10,2024-03-30,2024-01-21,Completed,100,2024-01-21,92.18,1,1,Yes,11,-69,Komal Sharma,komal.sharma.440@gmail.com,9986240580,Chandigarh,2023-07-28,Premium,Svelte & SvelteKit,Web Development,INS005,Deepak Joshi,40,Intermediate,4129,910,Disengaged
CRS035,LRN0289,ENR00855,2024-01-10,2024-03-30,2024-03-05,Completed,100,2024-03-05,96.55,1,3,Yes,55,-25,Preeti Nair,preeti.nair.289@hotmail.com,9375300119,Bengaluru,2022-04-03,Premium,React Native Cross-Platform,Mobile Development,INS002,Meera Nair,40,Beginner,66,866,Disengaged
CRS003,LRN0302,ENR00120,2024-03-03,2024-03-23,,Dropped,21,2024-03-03,,1,,No,,,Aarav Iyer,aarav.iyer.302@yahoo.com,9086978292,Delhi,2023-02-01,Premium,Deep Learning with TensorFlow,AI & ML,INS004,Sunita Rao,10,Advanced,13612,868,Disengaged
CRS048,LRN0032,ENR00916,2024-01-25,2024-02-04,,In Progress,46,2024-03-29,,1,,No,,,Simran Agarwal,simran.agarwal.32@outlook.com,9556981693,Mumbai,2023-12-27,Basic,OSINT & Threat Intelligence,Cybersecurity,INS009,Suresh Gupta,5,Beginner,440,842,Disengaged
CRS041,LRN0500,ENR00674,2024-02-10,2024-03-11,2024-02-19,Completed,100,2024-02-19,45.99,1,1,No,9,-21,Sneha Pillai,sneha.pillai.500@rediffmail.com,9285544518,Kolkata,2022-05-28,Free,GraphQL APIs,Web Development,INS002,Meera Nair,15,Intermediate,1945,881,Disengaged
CRS032,LRN0247,ENR00972,2024-02-01,2024-02-11,2024-02-20,Completed,100,2024-02-20,85.95,1,2,Yes,19,9,Rohan Kapoor,rohan.kapoor.247@outlook.com,9396522395,Lucknow,2022-01-29,Premium,DevOps CI/CD Pipeline,Cloud Computing,INS003,Arjun Patel,5,Advanced,6723,880,Disengaged
CRS025,LRN0087,ENR01525,2024-01-18,2024-02-27,,In Progress,21,2024-02-02,,1,,No,,,Ishaan Shah,ishaan.shah.87@rediffmail.com,9900532931,Hyderabad,2023-08-24,Free,Vue.js & Nuxt Development,Web Development,INS004,Sunita Rao,20,Beginner,779,898,Disengaged
CRS031,LRN0223,ENR01046,2024-02-04,2024-02-14,2024-02-15,Completed,100,,61.53,3,4,Yes,11,1,Ritika Shah,ritika.shah.223@yahoo.com,9138999404,Jaipur,2023-09-14,Basic,Docker & Kubernetes,Cloud Computing,INS004,Sunita Rao,5,Intermediate,3781,,Disengaged
CRS018,LRN0403,ENR00178,2024-01-30,2024-02-29,2024-02-02,Completed,100,2024-02-02,64.81,1,3,Yes,3,-27,Divya Agarwal,divya.agarwal.403@outlook.com,9292518812,Bhopal,2022-05-30,Premium,Flutter App Development,Mobile Development,INS006,Priya Singh,15,Beginner,875,898,Disengaged
CRS029,LRN0044,ENR01406,2024-02-26,2024-05-16,,Not Started,0,,,1,,No,,,Shalini Joshi,shalini.joshi.44@outlook.com,9046537556,Indore,2023-03-08,Free,Brand Identity Design,Design,INS010,Anjali Iyer,40,Intermediate,4998,,Disengaged
CRS048,LRN0098,ENR00634,2024-01-17,2024-01-27,2024-01-24,Completed,100,2024-01-24,83.83,1,2,Yes,7,-3,Sunita Singh,sunita.singh.98@yahoo.com,9201836675,Kolkata,2022-11-16,Premium,OSINT & Threat Intelligence,Cybersecurity,INS009,Suresh Gupta,5,Beginner,440,907,Disengaged
CRS005,LRN0037,ENR01576,2024-03-13,2024-04-22,,Dropped,21,2024-03-23,,1,,No,,,Karan Verma,karan.verma.37@gmail.com,9693676320,Indore,2023-03-12,Free,Node.js Backend Development,Web Development,INS007,Vikas Mehta,20,Beginner,119,848,Disengaged
CRS007,LRN0468,ENR01869,2024-02-24,2024-04-04,,In Progress,11,2024-02-28,,1,,No,,,Reena Srivastava,reena.srivastava.468@outlook.com,9207100219,Pune,2023-12-12,Premium,Business Analytics Essentials,Business,INS003,Arjun Patel,20,Advanced,10604,872,Disengaged
CRS024,LRN0218,ENR00362,2024-01-07,2024-02-06,,Dropped,4,2024-01-17,,1,,No,,,Shalini Sharma,shalini.sharma.218@yahoo.com,9127706324,Bhopal,2022-10-08,Free,Computer Vision,AI & ML,INS003,Arjun Patel,15,Intermediate,1877,914,Disengaged
CRS044,LRN0337,ENR00158,2024-01-19,2024-04-08,2024-03-18,Completed,100,2024-03-18,90.06,1,1,Yes,59,-21,Ananya Singh,ananya.singh.337@gmail.com,9729806865,Chandigarh,2023-06-27,Basic,Adobe Illustrator Mastery,Design,INS010,Anjali Iyer,40,Intermediate,2240,853,Disengaged
CRS044,LRN0416,ENR01298,2024-01-13,2024-04-02,2024-02-23,Completed,100,2024-02-23,66.84,1,1,Yes,41,-39,Ravi Gupta,ravi.gupta.416@hotmail.com,9209945101,Bengaluru,2022-06-15,Premium,Adobe Illustrator Mastery,Design,INS010,Anjali Iyer,40,Intermediate,2240,877,Disengaged
CRS052,LRN0038,ENR00514,2024-03-13,2024-06-01,,Not Started,0,,,1,,No,,,Ajay Verma,ajay.verma.38@rediffmail.com,9083172788,Kolkata,2023-03-30,Basic,Svelte & SvelteKit,Web Development,INS005,Deepak Joshi,40,Intermediate,4129,,Disengaged
CRS001,LRN0068,ENR01918,2024-03-09,2024-04-08,2024-03-31,Completed,100,2024-03-31,86.06,1,2,Yes,22,-8,Aarav Reddy,aarav.reddy.68@rediffmail.com,9613171274,Chandigarh,2022-10-07,Basic,Python for Data Science,Data Science,INS009,Suresh Gupta,15,Intermediate,2986,840,Disengaged
CRS035,LRN0071,ENR01467,2024-01-07,2024-03-27,2024-01-10,Completed,100,2024-01-10,69.5,1,3,Yes,3,-77,Vijay Srivastava,vijay.srivastava.71@outlook.com,9753396360,Chandigarh,2023-04-30,Premium,React Native Cross-Platform,Mobile Development,INS002,Meera Nair,40,Beginner,66,921,Disengaged
CRS023,LRN0126,ENR01914,2024-01-09,2024-03-29,2024-02-20,Completed,100,2024-02-20,94.82,2,3,Yes,42,-38,Siddharth Chauhan,siddharth.chauhan.126@hotmail.com,9505415667,Kolkata,2022-07-11,Basic,NLP with Python,AI & ML,INS006,Priya Singh,40,Advanced,6758,880,Disengaged
CRS025,LRN0408,ENR00376,2024-03-02,2024-04-11,,In Progress,14,2024-03-29,,1,,No,,,Deepak Malhotra,deepak.malhotra.408@gmail.com,9569998808,Ahmedabad,2023-04-13,Premium,Vue.js & Nuxt Development,Web Development,INS004,Sunita Rao,20,Beginner,779,842,Disengaged
CRS018,LRN0421,ENR01766,2024-01-05,2024-02-04,2024-01-13,Completed,100,2024-01-13,77.49,1,1,Yes,8,-22,Ishaan Bose,ishaan.bose.421@yahoo.com,9966055830,Chandigarh,2022-10-16,Free,Flutter App Development,Mobile Development,INS006,Priya Singh,15,Beginner,875,918,Disengaged
CRS008,LRN0291,ENR00036,2024-01-02,2024-03-22,,Dropped,29,2024-01-08,,2,,No,,,Manish Bose,manish.bose.291@outlook.com,9561100225,Ahmedabad,2023-09-29,Free,Project Management Professional,Business,INS003,Arjun Patel,40,Intermediate,4049,923,Disengaged
CRS023,LRN0323,ENR00641,2024-01-02,2024-03-22,2024-02-26,Completed,100,2024-02-26,63.41,1,1,Yes,55,-25,Pooja Kumar,pooja.kumar.323@outlook.com,9491357759,Chandigarh,2023-08-22,Free,NLP with Python,AI & ML,INS006,Priya Singh,40,Advanced,6758,874,Disengaged
CRS055,LRN0099,ENR00689,2024-01-21,2024-01-31,,In Progress,32,2024-02-20,,1,,No,,,Nisha Pillai,nisha.pillai.99@hotmail.com,9102290147,Ahmedabad,2023-09-14,Basic,Motion UI Design,Design,INS009,Suresh Gupta,5,Intermediate,3026,880,Disengaged
CRS047,LRN0492,ENR01180,2024-02-23,2024-04-23,,Not Started,0,,,2,,No,,,Ravi Singh,ravi.singh.492@gmail.com,9509398343,Delhi,2023-07-06,Premium,Cloud Security Best Practices,Cybersecurity,INS008,Kavita Reddy,30,Intermediate,2407,,Disengaged
CRS026,LRN0091,ENR01674,2024-02-28,2024-03-09,2024-03-07,Completed,100,,75.37,3,1,Yes,8,-2,Nikhil Chatterjee,nikhil.chatterjee.91@yahoo.com,9661771159,Delhi,2022-05-10,Free,Full Stack Django,Web Development,INS008,Kavita Reddy,5,Advanced,10918,,Disengaged
CRS021,LRN0284,ENR00995,2024-01-27,2024-02-16,,Dropped,33,2024-02-05,,1,,No,,,Shreya Joshi,shreya.joshi.284@hotmail.com,9104478985,Surat,2022-05-18,Basic,Power BI & Tableau,Data Science,INS005,Deepak Joshi,10,Advanced,6616,895,Disengaged
CRS042,LRN0213,ENR00218,2024-02-06,2024-02-16,,Dropped,21,,,1,,No,,,Ishaan Das,ishaan.das.213@outlook.com,9309584982,Chandigarh,2022-10-27,Free,Operations Management,Business,INS001,Unknown,5,Advanced,6117,,Disengaged
CRS010,LRN0008,ENR01697,2024-02-27,2024-03-18,,Dropped,0,2024-03-12,,1,,No,,,Divya Yadav,divya.yadav.8@yahoo.com,9884969653,Jaipur,2023-05-21,Free,UI/UX Design Principles,Design,INS005,Deepak Joshi,10,Beginner,133,859,Disengaged
CRS013,LRN0326,ENR00223,2024-02-04,2024-04-24,,Dropped,5,2024-02-11,,3,,No,,,Vivaan Chatterjee,vivaan.chatterjee.326@outlook.com,9809969308,Jaipur,2023-07-07,Basic,AWS Solutions Architect,Cloud Computing,INS013,Manish Verma,40,Advanced,12685,889,Disengaged
CRS017,LRN0085,ENR01255,2024-01-11,2024-01-31,,In Progress,33,2024-02-21,,1,,No,,,Shalini Pandey,shalini.pandey.85@outlook.com,9869261796,Mumbai,2023-12-08,Basic,Network Security Essentials,Cybersecurity,INS002,Meera Nair,10,Advanced,14498,879,Disengaged
CRS058,LRN0301,ENR01368,2024-02-01,2024-03-02,2024-03-05,Completed,100,2024-03-05,80.21,1,2,Yes,33,3,Sunita Mehta,sunita.mehta.301@hotmail.com,9735160917,Surat,2023-08-27,Enterprise,Zero Trust Security,Cybersecurity,INS014,Pooja Mishra,15,Intermediate,4039,866,Disengaged
CRS026,LRN0235,ENR00648,2024-01-22,2024-02-01,,In Progress,35,2024-02-09,,2,,No,,,Vijay Pandey,vijay.pandey.235@hotmail.com,9050641383,Ahmedabad,2022-03-03,Enterprise,Full Stack Django,Web Development,INS008,Kavita Reddy,5,Advanced,10918,891,Disengaged
CRS024,LRN0367,ENR01827,2024-01-02,2024-02-01,,In Progress,65,2024-02-25,,1,,No,,,Rekha Srivastava,rekha.srivastava.367@rediffmail.com,9326634163,Indore,2023-09-20,Premium,Computer Vision,AI & ML,INS003,Arjun Patel,15,Intermediate,1877,875,Disengaged
CRS013,LRN0177,ENR00767,2024-03-14,2024-06-02,,In Progress,68,2024-03-20,,1,,No,,,Simran Jain,simran.jain.177@outlook.com,9363854678,Chennai,2022-09-25,Basic,AWS Solutions Architect,Cloud Computing,INS013,Manish Verma,40,Advanced,12685,851,Disengaged
CRS014,LRN0450,ENR01805,2024-01-28,2024-02-27,2024-01-31,Completed,100,2024-01-31,46.0,1,2,No,3,-27,Aditya Tiwari,aditya.tiwari.450@yahoo.com,9129276637,Hyderabad,2023-08-15,Premium,Google Cloud Fundamentals,Cloud Computing,INS002,Meera Nair,15,Beginner,67,900,Disengaged
CRS028,LRN0280,ENR00022,2024-03-01,2024-04-10,,In Progress,45,2024-03-31,,2,,No,,,Sachin Kumar,sachin.kumar.280@hotmail.com,9684602235,Lucknow,2023-04-14,Free,Entrepreneurship 101,Business,INS006,Priya Singh,20,Beginner,394,840,Disengaged
CRS016,LRN0431,ENR00063,2024-03-07,2024-03-27,,In Progress,16,2024-03-25,,1,,No,,,Shreya Pillai,shreya.pillai.431@hotmail.com,9587020701,Mumbai,2022-03-30,Basic,Ethical Hacking Basics,Cybersecurity,INS010,Unknown,10,Beginner,686,846,Disengaged
CRS025,LRN0152,ENR01141,2024-03-09,2024-04-18,,In Progress,84,2024-03-11,,1,,No,,,Arjun Verma,arjun.verma.152@outlook.com,9858549733,Jaipur,2022-11-02,Free,Vue.js & Nuxt Development,Web Development,INS004,Sunita Rao,20,Beginner,779,860,Disengaged
CRS014,LRN0268,ENR01276,2024-02-24,2024-03-25,,In Progress,22,2024-03-06,,1,,No,,,Sneha Chatterjee,sneha.chatterjee.268@yahoo.com,9324754691,Ahmedabad,2022-08-05,Enterprise,Google Cloud Fundamentals,Cloud Computing,INS002,Meera Nair,15,Beginner,67,865,Disengaged
CRS019,LRN0278,ENR01708,2024-02-11,2024-04-11,2024-03-05,Completed,100,2024-03-05,78.04,1,1,Yes,23,-37,Arjun Chauhan,arjun.chauhan.278@outlook.com,9172482513,Hyderabad,2022-11-11,Basic,iOS Development with Swift,Mobile Development,INS009,Suresh Gupta,30,Beginner,101,866,Disengaged
CRS004,LRN0286,ENR00822,2024-02-17,2024-04-17,2024-02-20,Completed,100,2024-02-20,98.0,1,1,Yes,3,-57,Deepak Banerjee,deepak.banerjee.286@gmail.com,9489090100,Pune,2023-03-31,Basic,React.js Complete Guide,Web Development,INS014,Pooja Mishra,30,Advanced,6867,880,Disengaged
CRS060,LRN0212,ENR00028,2024-02-12,2024-03-13,,Dropped,6,2024-02-26,,2,,No,,,Aditya Verma,aditya.verma.212@rediffmail.com,9451713395,Surat,2023-03-15,Free,Bayesian Statistics,Data Science,INS006,Unknown,15,Intermediate,1231,874,Disengaged
CRS016,LRN0327,ENR00996,2024-01-27,2024-02-16,,In Progress,33,2024-03-10,,2,,No,,,Neha Pandey,neha.pandey.327@hotmail.com,9639427881,Kolkata,2023-05-30,Free,Ethical Hacking Basics,Cybersecurity,INS010,Unknown,10,Beginner,686,861,Disengaged
CRS032,LRN0343,ENR00579,2024-03-03,2024-03-13,,Dropped,22,2024-03-09,,1,,No,,,Ajay Chauhan,ajay.chauhan.343@yahoo.com,9902770384,Mumbai,2023-09-06,Basic,DevOps CI/CD Pipeline,Cloud Computing,INS003,Arjun Patel,5,Advanced,6723,862,Disengaged
CRS030,LRN0452,ENR01891,2024-03-04,2024-05-03,,Dropped,16,2024-03-09,,1,,No,,,Nikhil Mishra,nikhil.mishra.452@gmail.com,9286047658,Delhi,2023-06-29,Basic,3D Modelling with Blender,Design,INS004,Sunita Rao,30,Intermediate,4503,862,Disengaged
CRS011,LRN0057,ENR01594,2024-03-08,2024-03-18,2024-03-16,Completed,100,2024-03-16,82.09,1,2,Yes,8,-2,Kavya Chatterjee,kavya.chatterjee.57@yahoo.com,9711671902,Indore,2023-07-31,Enterprise,Figma for Beginners,Design,INS012,Nisha Agarwal,5,Beginner,19,855,Disengaged
CRS045,LRN0331,ENR00365,2024-01-02,2024-01-12,2024-01-05,Completed,100,2024-01-05,48.3,1,5,No,3,-7,Varun Iyer,varun.iyer.331@hotmail.com,9655779082,Bengaluru,2022-08-24,Free,Photography & Lightroom,Design,INS013,Manish Verma,5,Advanced,13064,926,Disengaged
CRS035,LRN0481,ENR00534,2024-02-29,2024-05-19,,In Progress,30,2024-03-16,,3,,No,,,Ritika Jain,ritika.jain.481@outlook.com,9989319508,Mumbai,2022-04-24,Basic,React Native Cross-Platform,Mobile Development,INS002,Meera Nair,40,Beginner,66,855,Disengaged
CRS002,LRN0180,ENR00964,2024-02-02,2024-02-22,,Dropped,24,2024-02-15,,1,,No,,,Mohit Malhotra,mohit.malhotra.180@rediffmail.com,9772522872,Surat,2022-03-02,Basic,Machine Learning Fundamentals,AI & ML,INS006,Priya Singh,10,Beginner,223,885,Disengaged
CRS053,LRN0228,ENR01951,2024-02-24,2024-05-14,,In Progress,24,2024-03-09,,1,,No,,,Shalini Pillai,shalini.pillai.228@hotmail.com,9904210202,Kolkata,2023-06-20,Basic,Supply Chain Management,Business,INS010,Anjali Iyer,40,Intermediate,3268,862,Disengaged
CRS029,LRN0430,ENR01011,2024-01-27,2024-04-16,2024-03-31,Completed,100,2024-03-31,49.25,2,4,No,64,-16,Reena Reddy,reena.reddy.430@outlook.com,9813858542,Lucknow,2022-09-08,Free,Brand Identity Design,Design,INS010,Anjali Iyer,40,Intermediate,4998,840,Disengaged
CRS045,LRN0116,ENR00146,2024-02-24,2024-03-05,,Not Started,0,,,2,,No,,,Nikhil Banerjee,nikhil.banerjee.116@hotmail.com,9359774688,Bengaluru,2022-07-24,Premium,Photography & Lightroom,Design,INS013,Manish Verma,5,Advanced,13064,,Disengaged
CRS049,LRN0254,ENR00684,2024-02-29,2024-04-09,2024-03-23,Completed,100,2024-03-23,53.63,2,4,No,23,-17,Karan Pandey,karan.pandey.254@hotmail.com,9410067626,Pune,2022-12-26,Basic,Unity Game Development,Mobile Development,INS007,Vikas Mehta,20,Intermediate,2541,848,Disengaged
CRS021,LRN0324,ENR00027,2024-02-22,2024-03-13,,Dropped,5,2024-02-26,,2,,No,,,Nisha Pandey,nisha.pandey.324@outlook.com,9562053364,Bengaluru,2023-11-27,Premium,Power BI & Tableau,Data Science,INS005,Deepak Joshi,10,Advanced,6616,874,Disengaged
CRS046,LRN0364,ENR01616,2024-01-19,2024-02-28,,In Progress,58,2024-02-23,,1,,No,,,Komal Pillai,komal.pillai.364@yahoo.com,9796884578,Indore,2022-04-02,Basic,Terraform Infrastructure,Cloud Computing,INS013,Manish Verma,20,Beginner,300,877,Disengaged
CRS022,LRN0262,ENR01271,2024-02-05,2024-02-25,,In Progress,85,2024-02-26,,1,,No,,,Nikhil Rao,nikhil.rao.262@rediffmail.com,9374160898,Surat,2023-09-28,Free,Statistics for Data Science,Data Science,INS015,Kiran Desai,10,Advanced,12777,874,Disengaged
CRS023,LRN0055,ENR00210,2024-02-11,2024-05-01,2024-03-28,Completed,100,2024-03-28,80.97,1,2,Yes,46,-34,Ajay Pillai,ajay.pillai.55@rediffmail.com,9413435240,Bengaluru,2022-10-08,Free,NLP with Python,AI & ML,INS006,Priya Singh,40,Advanced,6758,843,Disengaged
CRS055,LRN0077,ENR01247,2024-03-14,2024-03-24,,Not Started,0,,,1,,No,,,Kavya Verma,kavya.verma.77@rediffmail.com,9407482175,Chennai,2023-10-17,Enterprise,Motion UI Design,Design,INS009,Suresh Gupta,5,Intermediate,3026,,Disengaged
CRS048,LRN0294,ENR00102,2024-01-01,2024-01-11,,In Progress,84,2024-01-31,,1,,No,,,Divya Nair,divya.nair.294@rediffmail.com,9716701450,Indore,2023-08-14,Premium,OSINT & Threat Intelligence,Cybersecurity,INS009,Suresh Gupta,5,Beginner,440,900,Disengaged
CRS005,LRN0411,ENR00508,2024-02-26,2024-04-06,,In Progress,19,2024-03-21,,1,,No,,,Komal Banerjee,komal.banerjee.411@rediffmail.com,9826657027,Chandigarh,2022-07-26,Premium,Node.js Backend Development,Web Development,INS007,Vikas Mehta,20,Beginner,119,850,Disengaged
CRS048,LRN0092,ENR01682,2024-01-03,2024-01-13,,Not Started,0,,,2,,No,,,Komal Reddy,komal.reddy.92@gmail.com,9569847896,Indore,2023-12-20,Free,OSINT & Threat Intelligence,Cybersecurity,INS009,Suresh Gupta,5,Beginner,440,,Disengaged
CRS022,LRN0415,ENR00264,2024-01-20,2024-02-09,,Dropped,14,2024-01-23,,1,2,No,,,Geeta Verma,geeta.verma.415@yahoo.com,9199038498,Mumbai,2022-07-09,Free,Statistics for Data Science,Data Science,INS015,Kiran Desai,10,Advanced,12777,908,Disengaged
CRS007,LRN0255,ENR00381,2024-01-02,2024-02-11,2024-02-21,Completed,100,2024-02-21,62.02,2,1,Yes,50,10,Sneha Das,sneha.das.255@outlook.com,9793271040,Chennai,2022-04-18,Free,Business Analytics Essentials,Business,INS003,Arjun Patel,20,Advanced,10604,879,Disengaged
CRS006,LRN0144,ENR00526,2024-01-27,2024-02-06,,Not Started,0,,,2,,No,,,Nikhil Chauhan,nikhil.chauhan.144@gmail.com,9801624565,Pune,2022-02-22,Basic,HTML & CSS Mastery,Web Development,INS015,Unknown,5,Intermediate,2276,,Disengaged
CRS032,LRN0443,ENR00582,2024-03-17,2024-03-27,,In Progress,13,2024-03-20,,1,,No,,,Mohit Desai,mohit.desai.443@yahoo.com,9621267969,Ahmedabad,2023-06-06,Basic,DevOps CI/CD Pipeline,Cloud Computing,INS003,Arjun Patel,5,Advanced,6723,851,Disengaged
CRS028,LRN0022,ENR01653,2024-02-18,2024-03-29,2024-03-26,Completed,100,2024-03-26,59.26,1,5,No,37,-3,Geeta Desai,geeta.desai.22@hotmail.com,9998543534,Bengaluru,2023-11-19,Basic,Entrepreneurship 101,Business,INS006,Priya Singh,20,Beginner,394,845,Disengaged
CRS034,LRN0167,ENR00722,2024-03-01,2024-03-21,,In Progress,63,2024-03-26,,1,,No,,,Rohan Mukherjee,rohan.mukherjee.167@hotmail.com,9170462265,Ahmedabad,2023-01-22,Basic,Android Development Kotlin,Mobile Development,INS002,Meera Nair,10,Intermediate,3846,845,Disengaged
CRS025,LRN0471,ENR00558,2024-02-24,2024-04-04,2024-03-15,Completed,100,2024-03-15,83.33,1,3,Yes,20,-20,Varun Verma,varun.verma.471@yahoo.com,9340312772,Surat,2022-02-14,Free,Vue.js & Nuxt Development,Web Development,INS004,Sunita Rao,20,Beginner,779,856,Disengaged
CRS028,LRN0323,ENR01565,2024-02-03,2024-03-14,,In Progress,61,2024-02-19,,1,,No,,,Pooja Kumar,pooja.kumar.323@outlook.com,9491357759,Chandigarh,2023-08-22,Free,Entrepreneurship 101,Business,INS006,Priya Singh,20,Beginner,394,881,Disengaged
CRS010,LRN0345,ENR00721,2024-02-11,2024-03-02,2024-03-02,Completed,100,2024-03-02,88.22,2,5,Yes,20,0,Siddharth Iyer,siddharth.iyer.345@outlook.com,9011848955,Hyderabad,2023-09-13,Enterprise,UI/UX Design Principles,Design,INS005,Deepak Joshi,10,Beginner,133,869,Disengaged
CRS023,LRN0050,ENR00271,2024-03-01,2024-05-20,2024-03-04,Completed,100,2024-03-04,51.45,1,3,No,3,-77,Shalini Agarwal,shalini.agarwal.50@rediffmail.com,9945314737,Lucknow,2023-11-16,Basic,NLP with Python,AI & ML,INS006,Priya Singh,40,Advanced,6758,867,Disengaged
CRS022,LRN0050,ENR00375,2024-02-22,2024-03-13,,Dropped,6,,,1,,No,,,Shalini Agarwal,shalini.agarwal.50@rediffmail.com,9945314737,Lucknow,2023-11-16,Basic,Statistics for Data Science,Data Science,INS015,Kiran Desai,10,Advanced,12777,,Disengaged
CRS014,LRN0471,ENR00746,2024-02-15,2024-03-16,2024-03-09,Completed,100,2024-03-09,51.77,2,1,No,23,-7,Varun Verma,varun.verma.471@yahoo.com,9340312772,Surat,2022-02-14,Free,Google Cloud Fundamentals,Cloud Computing,INS002,Meera Nair,15,Beginner,67,862,Disengaged
CRS022,LRN0423,ENR00993,2024-03-07,2024-03-27,,In Progress,43,2024-03-15,,1,,No,,,Suresh Mukherjee,suresh.mukherjee.423@hotmail.com,9770272785,Indore,2023-02-28,Enterprise,Statistics for Data Science,Data Science,INS015,Kiran Desai,10,Advanced,12777,856,Disengaged
CRS038,LRN0437,ENR00613,2024-02-05,2024-03-06,,Not Started,0,,,1,,No,,,Nisha Das,nisha.das.437@yahoo.com,9719975817,Chennai,2023-02-20,Free,Reinforcement Learning,AI & ML,INS010,Unknown,15,Advanced,10834,,Disengaged
CRS023,LRN0112,ENR00824,2024-01-13,2024-04-02,,Dropped,9,2024-01-27,,1,,No,,,Shreya Shah,shreya.shah.112@rediffmail.com,9629148652,Delhi,2023-10-24,Premium,NLP with Python,AI & ML,INS006,Priya Singh,40,Advanced,6758,904,Disengaged
CRS012,LRN0064,ENR00291,2024-03-08,2024-04-17,,Dropped,31,2024-03-12,,1,,No,,,Nisha Gupta,nisha.gupta.64@gmail.com,9278742967,Ahmedabad,2022-12-23,Basic,Motion Graphics & Animation,Design,INS013,Manish Verma,20,Beginner,201,859,Disengaged
CRS032,LRN0300,ENR00107,2024-02-24,2024-03-05,,Not Started,0,,,1,,No,,,Megha Reddy,megha.reddy.300@outlook.com,9851027261,Lucknow,2022-07-20,Free,DevOps CI/CD Pipeline,Cloud Computing,INS003,Arjun Patel,5,Advanced,6723,,Disengaged
CRS044,LRN0352,ENR01477,2024-03-16,2024-06-04,2024-03-31,Completed,100,2024-03-31,93.98,1,4,Yes,15,-65,Ajay Bose,ajay.bose.352@gmail.com,9678085627,Chandigarh,2023-06-15,Basic,Adobe Illustrator Mastery,Design,INS010,Anjali Iyer,40,Intermediate,2240,840,Disengaged
CRS035,LRN0474,ENR00554,2024-02-01,2024-04-21,,Dropped,8,2024-02-07,,1,,No,,,Geeta Chatterjee,geeta.chatterjee.474@yahoo.com,9363179706,Hyderabad,2023-09-17,Basic,React Native Cross-Platform,Mobile Development,INS002,Meera Nair,40,Beginner,66,893,Disengaged
CRS008,LRN0384,ENR00591,2024-02-18,2024-05-08,,In Progress,44,2024-02-26,,2,5,No,,,Preeti Agarwal,preeti.agarwal.384@hotmail.com,9195761228,Jaipur,2022-12-12,Premium,Project Management Professional,Business,INS003,Arjun Patel,40,Intermediate,4049,874,Disengaged
CRS048,LRN0207,ENR01893,2024-01-17,2024-01-27,,In Progress,33,2024-02-12,,1,,No,,,Amit Kumar,amit.kumar.207@rediffmail.com,9341252866,Bengaluru,2023-08-12,Basic,OSINT & Threat Intelligence,Cybersecurity,INS009,Suresh Gupta,5,Beginner,440,888,Disengaged
CRS051,LRN0462,ENR01968,2024-01-09,2024-03-29,2024-02-11,Completed,100,2024-02-11,93.52,1,3,Yes,33,-47,Sneha Shah,sneha.shah.462@rediffmail.com,9571732030,Hyderabad,2023-05-16,Basic,MLOps & Model Deployment,AI & ML,INS015,Kiran Desai,40,Beginner,503,889,Disengaged
CRS042,LRN0399,ENR00353,2024-01-19,2024-01-29,2024-01-26,Completed,100,2024-01-26,69.57,1,4,Yes,7,-3,Vijay Singh,vijay.singh.399@outlook.com,9238780038,Kolkata,2023-05-17,Basic,Operations Management,Business,INS001,Unknown,5,Advanced,6117,905,Disengaged
CRS023,LRN0374,ENR01710,2024-01-28,2024-04-17,2024-03-31,Completed,100,,90.59,2,1,Yes,63,-17,Rahul Bose,rahul.bose.374@rediffmail.com,9491630097,Bengaluru,2023-01-16,Premium,NLP with Python,AI & ML,INS006,Priya Singh,40,Advanced,6758,,Disengaged
CRS023,LRN0491,ENR01569,2024-02-21,2024-05-11,2024-03-10,Completed,100,2024-03-10,90.16,1,3,Yes,18,-62,Megha Kapoor,megha.kapoor.491@rediffmail.com,9929751702,Delhi,2022-11-12,Free,NLP with Python,AI & ML,INS006,Priya Singh,40,Advanced,6758,861,Disengaged
CRS014,LRN0139,ENR01929,2024-01-18,2024-02-17,2024-02-22,Completed,100,2024-02-22,50.78,1,1,No,35,5,Kavya Shah,kavya.shah.139@hotmail.com,9396907844,Hyderabad,2023-12-03,Basic,Google Cloud Fundamentals,Cloud Computing,INS002,Meera Nair,15,Beginner,67,878,Disengaged
CRS014,LRN0159,ENR00841,2024-02-04,2024-03-05,,In Progress,63,2024-02-04,,2,,No,,,Sachin Verma,sachin.verma.159@outlook.com,9431527420,Indore,2022-10-30,Basic,Google Cloud Fundamentals,Cloud Computing,INS002,Meera Nair,15,Beginner,67,896,Disengaged
CRS031,LRN0437,ENR01560,2024-01-29,2024-02-08,,Dropped,8,2024-02-01,,1,,No,,,Nisha Das,nisha.das.437@yahoo.com,9719975817,Chennai,2023-02-20,Free,Docker & Kubernetes,Cloud Computing,INS004,Sunita Rao,5,Intermediate,3781,899,Disengaged
CRS059,LRN0073,ENR00697,2024-02-01,2024-04-21,,Dropped,16,,,1,,No,,,Neha Agarwal,neha.agarwal.73@rediffmail.com,9217459615,Pune,2022-11-21,Basic,Wearable App Development,Mobile Development,INS001,Rajiv Sharma,40,Intermediate,1398,,Disengaged
CRS043,LRN0386,ENR01308,2024-01-18,2024-04-07,2024-03-30,Completed,100,2024-03-30,87.43,1,1,Yes,72,-8,Deepak Kapoor,deepak.kapoor.386@rediffmail.com,9845776004,Mumbai,2023-06-15,Free,Leadership & Communication,Business,INS008,Kavita Reddy,40,Beginner,995,841,Disengaged
CRS052,LRN0344,ENR00042,2024-03-17,2024-06-05,,Dropped,2,2024-03-29,,1,,No,,,Varun Pillai,varun.pillai.344@outlook.com,9205302146,Surat,2023-02-09,Basic,Svelte & SvelteKit,Web Development,INS005,Deepak Joshi,40,Intermediate,4129,842,Disengaged
CRS009,LRN0385,ENR01659,2024-01-01,2024-01-21,2024-01-20,Completed,100,2024-01-20,54.77,2,4,No,19,-1,Vijay Pillai,vijay.pillai.385@rediffmail.com,9755855665,Hyderabad,2023-07-31,Basic,Digital Marketing Strategy,Business,INS004,Sunita Rao,10,Advanced,8712,911,Disengaged
CRS015,LRN0094,ENR01586,2024-01-16,2024-01-26,2024-01-19,Completed,100,2024-01-19,51.66,1,1,No,3,-7,Kavya Pandey,kavya.pandey.94@yahoo.com,9271111615,Jaipur,2022-03-03,Basic,Azure Data Engineering,Cloud Computing,INS013,Manish Verma,5,Beginner,942,912,Disengaged
CRS058,LRN0424,ENR00124,2024-01-16,2024-02-15,2024-01-26,Completed,100,2024-01-26,86.37,1,4,Yes,10,-20,Nisha Malhotra,nisha.malhotra.424@yahoo.com,9588039551,Chennai,2022-02-01,Basic,Zero Trust Security,Cybersecurity,INS014,Pooja Mishra,15,Intermediate,4039,905,Disengaged
CRS014,LRN0437,ENR00057,2024-01-21,2024-02-20,2024-02-10,Completed,100,2024-02-10,60.67,1,2,Yes,20,-10,Nisha Das,nisha.das.437@yahoo.com,9719975817,Chennai,2023-02-20,Free,Google Cloud Fundamentals,Cloud Computing,INS002,Meera Nair,15,Beginner,67,890,Disengaged
CRS054,LRN0359,ENR01457,2024-01-12,2024-02-21,,Dropped,19,2024-01-21,,1,,No,,,Rahul Shah,rahul.shah.359@yahoo.com,9569961125,Kolkata,2022-11-21,Premium,Product Management,Business,INS010,Anjali Iyer,20,Intermediate,4499,910,Disengaged
CRS024,LRN0425,ENR01186,2024-01-03,2024-02-02,,Dropped,15,2024-01-08,,1,,No,,,Deepak Shah,deepak.shah.425@outlook.com,9829962914,Chandigarh,2022-02-02,Free,Computer Vision,AI & ML,INS003,Arjun Patel,15,Intermediate,1877,923,Disengaged
CRS049,LRN0250,ENR00785,2024-02-07,2024-03-18,2024-02-10,Completed,100,2024-02-10,49.87,1,5,No,3,-37,Neha Kapoor,neha.kapoor.250@outlook.com,9185156915,Kolkata,2022-05-20,Enterprise,Unity Game Development,Mobile Development,INS007,Vikas Mehta,20,Intermediate,2541,890,Disengaged
CRS012,LRN0399,ENR00672,2024-02-05,2024-03-16,,In Progress,87,2024-02-07,,1,,No,,,Vijay Singh,vijay.singh.399@outlook.com,9238780038,Kolkata,2023-05-17,Basic,Motion Graphics & Animation,Design,INS013,Manish Verma,20,Beginner,201,893,Disengaged
CRS009,LRN0051,ENR01875,2024-01-30,2024-02-19,,In Progress,82,2024-03-18,,1,3,No,,,Vivaan Nair,vivaan.nair.51@outlook.com,9527354549,Jaipur,2022-01-11,Basic,Digital Marketing Strategy,Business,INS004,Sunita Rao,10,Advanced,8712,853,Disengaged
CRS031,LRN0201,ENR00997,2024-02-04,2024-02-14,,Not Started,0,,,1,,No,,,Komal Jain,komal.jain.201@gmail.com,9825071461,Bhopal,2022-05-26,Basic,Docker & Kubernetes,Cloud Computing,INS004,Sunita Rao,5,Intermediate,3781,,Disengaged
CRS033,LRN0272,ENR01169,2024-01-03,2024-02-12,,Dropped,6,2024-01-14,,1,,No,,,Kavya Malhotra,kavya.malhotra.272@yahoo.com,9140602933,Surat,2022-07-31,Free,Penetration Testing,Cybersecurity,INS007,Vikas Mehta,20,Advanced,6392,917,Disengaged
CRS009,LRN0023,ENR00045,2024-03-04,2024-03-24,,Dropped,17,2024-03-17,,1,,No,,,Shalini Tiwari,shalini.tiwari.23@rediffmail.com,9107991183,Chennai,2022-05-16,Enterprise,Digital Marketing Strategy,Business,INS004,Sunita Rao,10,Advanced,8712,854,Disengaged
CRS025,LRN0351,ENR00349,2024-01-15,2024-02-24,,In Progress,38,2024-01-29,,1,,No,,,Nikhil Pandey,nikhil.pandey.351@hotmail.com,9957947284,Hyderabad,2023-08-14,Free,Vue.js & Nuxt Development,Web Development,INS004,Sunita Rao,20,Beginner,779,902,Disengaged
CRS028,LRN0085,ENR00094,2024-01-08,2024-02-17,2024-01-11,Completed,100,,81.31,1,5,Yes,3,-37,Shalini Pandey,shalini.pandey.85@outlook.com,9869261796,Mumbai,2023-12-08,Basic,Entrepreneurship 101,Business,INS006,Priya Singh,20,Beginner,394,,Disengaged
CRS059,LRN0032,ENR00150,2024-01-05,2024-03-25,2024-03-28,Completed,100,,48.58,1,4,No,83,3,Simran Agarwal,simran.agarwal.32@outlook.com,9556981693,Mumbai,2023-12-27,Basic,Wearable App Development,Mobile Development,INS001,Rajiv Sharma,40,Intermediate,1398,,Disengaged
CRS045,LRN0162,ENR01591,2024-01-29,2024-02-08,,In Progress,85,2024-01-31,,1,,No,,,Ananya Verma,ananya.verma.162@yahoo.com,9426841459,Hyderabad,2022-05-17,Basic,Photography & Lightroom,Design,INS013,Manish Verma,5,Advanced,13064,900,Disengaged
CRS057,LRN0314,ENR00994,2024-01-18,2024-01-28,,Dropped,18,2024-01-29,,1,,No,,,Deepak Mukherjee,deepak.mukherjee.314@rediffmail.com,9164840858,Ahmedabad,2023-05-14,Free,Microservices Architecture,Cloud Computing,INS006,Priya Singh,5,Beginner,604,902,Disengaged
CRS020,LRN0108,ENR01838,2024-01-07,2024-01-17,2024-01-15,Completed,100,2024-01-15,93.33,1,5,Yes,8,-2,Karan Shah,karan.shah.108@hotmail.com,9199867980,Indore,2023-08-09,Premium,SQL & Database Design,Data Science,INS013,Unknown,5,Advanced,8138,916,Disengaged
CRS013,LRN0482,ENR01254,2024-03-10,2024-05-29,,Not Started,0,,,2,,No,,,Aditya Pandey,aditya.pandey.482@rediffmail.com,9528183253,Delhi,2023-10-27,Basic,AWS Solutions Architect,Cloud Computing,INS013,Manish Verma,40,Advanced,12685,,Disengaged
CRS004,LRN0001,ENR00475,2024-02-02,2024-04-02,2024-03-04,Completed,100,2024-03-04,88.19,1,5,Yes,31,-29,Ananya Sharma,ananya.sharma.1@gmail.com,9433218196,Mumbai,2022-04-06,Free,React.js Complete Guide,Web Development,INS014,Pooja Mishra,30,Advanced,6867,867,Disengaged
CRS022,LRN0056,ENR00188,2024-03-13,2024-04-02,,Not Started,0,,,1,,No,,,Rohan Reddy,rohan.reddy.56@hotmail.com,9427109477,Kolkata,2022-07-08,Enterprise,Statistics for Data Science,Data Science,INS015,Kiran Desai,10,Advanced,12777,,Disengaged
CRS035,LRN0474,ENR00970,2024-01-07,2024-03-27,2024-01-17,Completed,100,2024-01-17,83.4,1,4,Yes,10,-70,Geeta Chatterjee,geeta.chatterjee.474@yahoo.com,9363179706,Hyderabad,2023-09-17,Basic,React Native Cross-Platform,Mobile Development,INS002,Meera Nair,40,Beginner,66,914,Disengaged
CRS002,LRN0121,ENR01020,2024-01-26,2024-02-15,,In Progress,18,2024-02-04,,1,,No,,,Ananya Gupta,ananya.gupta.121@gmail.com,9369711798,Surat,2023-06-12,Basic,Machine Learning Fundamentals,AI & ML,INS006,Priya Singh,10,Beginner,223,896,Disengaged
CRS026,LRN0473,ENR00390,2024-02-25,2024-03-06,2024-03-01,Completed,100,2024-03-01,48.55,1,5,No,5,-5,Pooja Malhotra,pooja.malhotra.473@outlook.com,9799563531,Hyderabad,2022-04-11,Free,Full Stack Django,Web Development,INS008,Kavita Reddy,5,Advanced,10918,870,Disengaged
CRS021,LRN0249,ENR00915,2024-03-09,2024-03-29,2024-03-16,Completed,100,2024-03-16,97.67,1,1,Yes,7,-13,Ajay Nair,ajay.nair.249@gmail.com,9059325250,Bengaluru,2023-08-24,Premium,Power BI & Tableau,Data Science,INS005,Deepak Joshi,10,Advanced,6616,855,Disengaged
CRS039,LRN0311,ENR01184,2024-03-05,2024-05-24,2024-03-30,Completed,100,,69.82,1,4,Yes,25,-55,Reena Das,reena.das.311@yahoo.com,9479851583,Jaipur,2022-03-11,Premium,Transformer Models & LLMs,AI & ML,INS008,Kavita Reddy,40,Advanced,12938,,Disengaged
CRS015,LRN0056,ENR01369,2024-01-28,2024-02-07,,In Progress,10,,,1,,No,,,Rohan Reddy,rohan.reddy.56@hotmail.com,9427109477,Kolkata,2022-07-08,Enterprise,Azure Data Engineering,Cloud Computing,INS013,Manish Verma,5,Beginner,942,,Disengaged
CRS042,LRN0071,ENR01818,2024-01-29,2024-02-08,,In Progress,46,2024-03-07,,3,,No,,,Vijay Srivastava,vijay.srivastava.71@outlook.com,9753396360,Chandigarh,2023-04-30,Premium,Operations Management,Business,INS001,Unknown,5,Advanced,6117,864,Disengaged
CRS050,LRN0499,ENR01937,2024-02-11,2024-02-21,,In Progress,71,,,1,,No,,,Divya Pandey,divya.pandey.499@rediffmail.com,9204565044,Surat,2022-03-20,Basic,Scala for Big Data,Data Science,INS008,Kavita Reddy,5,Beginner,181,,Disengaged
CRS036,LRN0302,ENR01465,2024-01-29,2024-02-18,,Not Started,0,,,3,,No,,,Aarav Iyer,aarav.iyer.302@yahoo.com,9086978292,Delhi,2023-02-01,Premium,Advanced Python OOP,Data Science,INS006,Priya Singh,10,Advanced,7011,,Disengaged
CRS021,LRN0137,ENR00525,2024-03-10,2024-03-30,,In Progress,54,2024-03-11,,2,,No,,,Varun Pandey,varun.pandey.137@rediffmail.com,9841438424,Jaipur,2022-04-06,Basic,Power BI & Tableau,Data Science,INS005,Deepak Joshi,10,Advanced,6616,860,Disengaged
CRS019,LRN0145,ENR00267,2024-01-25,2024-03-25,,Dropped,25,2024-02-02,,1,,No,,,Siddharth Pandey,siddharth.pandey.145@rediffmail.com,9841687849,Delhi,2022-05-12,Enterprise,iOS Development with Swift,Mobile Development,INS009,Suresh Gupta,30,Beginner,101,898,Disengaged
CRS024,LRN0370,ENR00628,2024-03-07,2024-04-06,2024-03-31,Completed,100,,67.17,2,1,Yes,24,-6,Aarav Yadav,aarav.yadav.370@outlook.com,9120735647,Ahmedabad,2023-12-15,Premium,Computer Vision,AI & ML,INS003,Arjun Patel,15,Intermediate,1877,,Disengaged
CRS024,LRN0467,ENR00622,2024-02-02,2024-03-03,,In Progress,87,2024-02-02,,1,,No,,,Ananya Mishra,ananya.mishra.467@gmail.com,9262582739,Bengaluru,2022-04-13,Premium,Computer Vision,AI & ML,INS003,Arjun Patel,15,Intermediate,1877,898,Disengaged
CRS046,LRN0461,ENR00698,2024-03-03,2024-04-12,,Dropped,16,2024-03-15,,1,,No,,,Vijay Chatterjee,vijay.chatterjee.461@yahoo.com,9517432806,Chennai,2023-12-14,Basic,Terraform Infrastructure,Cloud Computing,INS013,Manish Verma,20,Beginner,300,856,Disengaged
CRS043,LRN0096,ENR01492,2024-03-14,2024-06-02,,Dropped,14,2024-03-16,,1,,No,,,Neha Desai,neha.desai.96@yahoo.com,9731585149,Indore,2023-03-16,Premium,Leadership & Communication,Business,INS008,Kavita Reddy,40,Beginner,995,855,Disengaged
CRS033,LRN0439,ENR01747,2024-01-16,2024-02-25,2024-01-31,Completed,100,2024-01-31,48.35,1,2,No,15,-25,Megha Srivastava,megha.srivastava.439@hotmail.com,9997335494,Chandigarh,2022-12-19,Enterprise,Penetration Testing,Cybersecurity,INS007,Vikas Mehta,20,Advanced,6392,900,Disengaged
CRS019,LRN0314,ENR00336,2024-02-11,2024-04-11,,Not Started,0,,,1,3,No,,,Deepak Mukherjee,deepak.mukherjee.314@rediffmail.com,9164840858,Ahmedabad,2023-05-14,Free,iOS Development with Swift,Mobile Development,INS009,Suresh Gupta,30,Beginner,101,,Disengaged
CRS031,LRN0450,ENR01013,2024-01-04,2024-01-14,,In Progress,41,2024-03-16,,1,1,No,,,Aditya Tiwari,aditya.tiwari.450@yahoo.com,9129276637,Hyderabad,2023-08-15,Premium,Docker & Kubernetes,Cloud Computing,INS004,Sunita Rao,5,Intermediate,3781,855,Disengaged
CRS054,LRN0311,ENR00986,2024-01-29,2024-03-09,,Dropped,30,2024-01-31,,1,,No,,,Reena Das,reena.das.311@yahoo.com,9479851583,Jaipur,2022-03-11,Premium,Product Management,Business,INS010,Anjali Iyer,20,Intermediate,4499,900,Disengaged
CRS053,LRN0268,ENR01086,2024-03-09,2024-05-28,2024-03-31,Completed,100,2024-03-31,64.33,1,4,Yes,22,-58,Sneha Chatterjee,sneha.chatterjee.268@yahoo.com,9324754691,Ahmedabad,2022-08-05,Enterprise,Supply Chain Management,Business,INS010,Anjali Iyer,40,Intermediate,3268,840,Disengaged
CRS007,LRN0398,ENR01630,2024-03-01,2024-04-10,,In Progress,73,2024-03-23,,1,,No,,,Karan Srivastava,karan.srivastava.398@gmail.com,9451046368,Kolkata,2023-05-12,Premium,Business Analytics Essentials,Business,INS003,Arjun Patel,20,Advanced,10604,848,Disengaged
CRS060,LRN0142,ENR01512,2024-01-20,2024-02-19,2024-01-23,Completed,100,2024-01-23,52.18,1,3,No,3,-27,Rohan Chauhan,rohan.chauhan.142@yahoo.com,9696325953,Ahmedabad,2023-06-12,Basic,Bayesian Statistics,Data Science,INS006,Unknown,15,Intermediate,1231,908,Disengaged
CRS060,LRN0131,ENR01185,2024-01-05,2024-02-04,,In Progress,26,2024-02-11,,1,,No,,,Sunita Tiwari,sunita.tiwari.131@gmail.com,9431027868,Chennai,2022-09-24,Premium,Bayesian Statistics,Data Science,INS006,Unknown,15,Intermediate,1231,889,Disengaged
CRS022,LRN0085,ENR01935,2024-02-29,2024-03-20,,Dropped,18,2024-03-10,,3,,No,,,Shalini Pandey,shalini.pandey.85@outlook.com,9869261796,Mumbai,2023-12-08,Basic,Statistics for Data Science,Data Science,INS015,Kiran Desai,10,Advanced,12777,861,Disengaged
CRS025,LRN0348,ENR00945,2024-01-04,2024-02-13,2024-01-26,Completed,100,2024-01-26,90.67,1,1,Yes,22,-18,Varun Bose,varun.bose.348@gmail.com,9565880434,Pune,2023-11-21,Premium,Vue.js & Nuxt Development,Web Development,INS004,Sunita Rao,20,Beginner,779,905,Disengaged
CRS058,LRN0138,ENR00077,2024-02-23,2024-03-24,,Dropped,31,2024-02-24,,1,,No,,,Rahul Rao,rahul.rao.138@gmail.com,9922995900,Mumbai,2023-10-19,Premium,Zero Trust Security,Cybersecurity,INS014,Pooja Mishra,15,Intermediate,4039,876,Disengaged
CRS014,LRN0040,ENR00422,2024-02-23,2024-03-24,2024-03-09,Completed,100,2024-03-09,79.85,1,2,Yes,15,-15,Megha Yadav,megha.yadav.40@yahoo.com,9455812236,Chandigarh,2022-08-08,Free,Google Cloud Fundamentals,Cloud Computing,INS002,Meera Nair,15,Beginner,67,862,Disengaged
CRS035,LRN0354,ENR01099,2024-02-08,2024-04-28,,Not Started,0,,,1,,No,,,Reena Tiwari,reena.tiwari.354@outlook.com,9527636556,Ahmedabad,2022-07-04,Basic,React Native Cross-Platform,Mobile Development,INS002,Meera Nair,40,Beginner,66,,Disengaged
CRS011,LRN0245,ENR00650,2024-02-14,2024-02-24,2024-02-26,Completed,100,2024-02-26,82.77,1,4,Yes,12,2,Vijay Bose,vijay.bose.245@outlook.com,9065787598,Pune,2022-10-04,Free,Figma for Beginners,Design,INS012,Nisha Agarwal,5,Beginner,19,874,Disengaged
CRS008,LRN0180,ENR01794,2024-02-18,2024-05-08,2024-02-26,Completed,100,2024-02-26,50.85,1,3,No,8,-72,Mohit Malhotra,mohit.malhotra.180@rediffmail.com,9772522872,Surat,2022-03-02,Basic,Project Management Professional,Business,INS003,Arjun Patel,40,Intermediate,4049,874,Disengaged
CRS048,LRN0225,ENR00848,2024-01-19,2024-01-29,,In Progress,74,2024-01-24,,1,,No,,,Divya Srivastava,divya.srivastava.225@gmail.com,9965827109,Mumbai,2022-09-26,Free,OSINT & Threat Intelligence,Cybersecurity,INS009,Suresh Gupta,5,Beginner,440,907,Disengaged
CRS002,LRN0233,ENR01821,2024-01-02,2024-01-22,2024-01-07,Completed,100,2024-01-07,79.09,3,5,Yes,5,-15,Ajay Gupta,ajay.gupta.233@gmail.com,9617445187,Kolkata,2022-07-25,Free,Machine Learning Fundamentals,AI & ML,INS006,Priya Singh,10,Beginner,223,924,Disengaged
CRS006,LRN0299,ENR01056,2024-01-06,2024-01-16,,In Progress,31,2024-01-30,,2,,No,,,Rohan Das,rohan.das.299@gmail.com,9375899757,Delhi,2023-11-06,Free,HTML & CSS Mastery,Web Development,INS015,Unknown,5,Intermediate,2276,901,Disengaged
CRS025,LRN0357,ENR00213,2024-01-18,2024-02-27,2024-02-22,Completed,100,,86.89,1,4,Yes,35,-5,Nikhil Das,nikhil.das.357@outlook.com,9175455884,Mumbai,2023-02-26,Free,Vue.js & Nuxt Development,Web Development,INS004,Sunita Rao,20,Beginner,779,,Disengaged
CRS020,LRN0142,ENR01098,2024-03-11,2024-03-21,,Dropped,5,2024-03-25,,2,,No,,,Rohan Chauhan,rohan.chauhan.142@yahoo.com,9696325953,Ahmedabad,2023-06-12,Basic,SQL & Database Design,Data Science,INS013,Unknown,5,Advanced,8138,846,Disengaged
CRS044,LRN0352,ENR01688,2024-03-04,2024-05-23,2024-03-31,Completed,100,2024-03-31,82.71,2,3,Yes,27,-53,Ajay Bose,ajay.bose.352@gmail.com,9678085627,Chandigarh,2023-06-15,Basic,Adobe Illustrator Mastery,Design,INS010,Anjali Iyer,40,Intermediate,2240,840,Disengaged
CRS005,LRN0180,ENR00780,2024-01-29,2024-03-09,,Not Started,0,,,1,,No,,,Mohit Malhotra,mohit.malhotra.180@rediffmail.com,9772522872,Surat,2022-03-02,Basic,Node.js Backend Development,Web Development,INS007,Vikas Mehta,20,Beginner,119,,Disengaged
CRS030,LRN0422,ENR01671,2024-02-25,2024-04-25,,Not Started,0,,,2,,No,,,Shreya Iyer,shreya.iyer.422@gmail.com,9850155699,Bhopal,2022-06-29,Free,3D Modelling with Blender,Design,INS004,Sunita Rao,30,Intermediate,4503,,Disengaged
CRS017,LRN0422,ENR01786,2024-02-10,2024-03-01,,Dropped,17,2024-02-21,,1,,No,,,Shreya Iyer,shreya.iyer.422@gmail.com,9850155699,Bhopal,2022-06-29,Free,Network Security Essentials,Cybersecurity,INS002,Meera Nair,10,Advanced,14498,879,Disengaged
CRS010,LRN0276,ENR01657,2024-02-25,2024-03-16,,In Progress,73,,,3,,No,,,Neha Iyer,neha.iyer.276@outlook.com,9309652074,Pune,2023-02-19,Basic,UI/UX Design Principles,Design,INS005,Deepak Joshi,10,Beginner,133,,Disengaged
CRS008,LRN0271,ENR01267,2024-03-16,2024-06-04,,In Progress,87,2024-03-17,,1,,No,,,Ananya Desai,ananya.desai.271@rediffmail.com,9035797279,Kolkata,2022-12-19,Free,Project Management Professional,Business,INS003,Arjun Patel,40,Intermediate,4049,854,Disengaged
CRS047,LRN0056,ENR01122,2024-02-09,2024-04-09,,Dropped,16,2024-02-15,,1,,No,,,Rohan Reddy,rohan.reddy.56@hotmail.com,9427109477,Kolkata,2022-07-08,Enterprise,Cloud Security Best Practices,Cybersecurity,INS008,Kavita Reddy,30,Intermediate,2407,885,Disengaged
CRS021,LRN0115,ENR01593,2024-01-27,2024-02-16,2024-02-14,Completed,100,2024-02-14,77.65,1,2,Yes,18,-2,Rahul Malhotra,rahul.malhotra.115@yahoo.com,9706537947,Jaipur,2022-09-02,Basic,Power BI & Tableau,Data Science,INS005,Deepak Joshi,10,Advanced,6616,886,Disengaged
CRS028,LRN0317,ENR00906,2024-01-16,2024-02-25,,In Progress,46,2024-03-23,,1,,No,,,Preeti Singh,preeti.singh.317@gmail.com,9934667665,Pune,2023-11-21,Free,Entrepreneurship 101,Business,INS006,Priya Singh,20,Beginner,394,848,Disengaged
CRS030,LRN0479,ENR01809,2024-03-15,2024-05-14,,In Progress,89,2024-03-29,,1,3,No,,,Aarav Jain,aarav.jain.479@outlook.com,9632543107,Bengaluru,2023-12-22,Basic,3D Modelling with Blender,Design,INS004,Sunita Rao,30,Intermediate,4503,842,Disengaged
CRS029,LRN0275,ENR00760,2024-01-18,2024-04-07,,Dropped,0,2024-01-30,,1,,No,,,Manish Reddy,manish.reddy.275@outlook.com,9994417154,Bhopal,2022-10-11,Free,Brand Identity Design,Design,INS010,Anjali Iyer,40,Intermediate,4998,901,Disengaged
CRS005,LRN0354,ENR01663,2024-01-06,2024-02-15,2024-02-09,Completed,100,2024-02-09,58.91,1,1,No,34,-6,Reena Tiwari,reena.tiwari.354@outlook.com,9527636556,Ahmedabad,2022-07-04,Basic,Node.js Backend Development,Web Development,INS007,Vikas Mehta,20,Beginner,119,891,Disengaged
CRS032,LRN0026,ENR01344,2024-03-02,2024-03-12,,In Progress,39,2024-03-09,,2,,No,,,Kavya Iyer,kavya.iyer.26@yahoo.com,9740164005,Surat,2022-09-26,Free,DevOps CI/CD Pipeline,Cloud Computing,INS003,Arjun Patel,5,Advanced,6723,862,Disengaged
CRS027,LRN0472,ENR00794,2024-01-04,2024-02-03,,Dropped,16,2024-01-17,,1,,No,,,Manish Chauhan,manish.chauhan.472@rediffmail.com,9364597010,Bengaluru,2022-06-11,Premium,Financial Modelling,Business,INS012,Nisha Agarwal,15,Advanced,6347,914,Disengaged
CRS026,LRN0046,ENR00131,2024-01-16,2024-01-26,,Dropped,35,2024-01-27,,3,,No,,,Pooja Patel,pooja.patel.46@rediffmail.com,9719374529,Chandigarh,2022-04-28,Premium,Full Stack Django,Web Development,INS008,Kavita Reddy,5,Advanced,10918,904,Disengaged
CRS028,LRN0280,ENR01377,2024-03-09,2024-04-18,,In Progress,84,2024-03-16,,1,,No,,,Sachin Kumar,sachin.kumar.280@hotmail.com,9684602235,Lucknow,2023-04-14,Free,Entrepreneurship 101,Business,INS006,Priya Singh,20,Beginner,394,855,Disengaged
CRS039,LRN0398,ENR00694,2024-03-09,2024-05-28,,Dropped,30,2024-03-16,,2,4,No,,,Karan Srivastava,karan.srivastava.398@gmail.com,9451046368,Kolkata,2023-05-12,Premium,Transformer Models & LLMs,AI & ML,INS008,Kavita Reddy,40,Advanced,12938,855,Disengaged
CRS024,LRN0095,ENR01789,2024-01-19,2024-02-18,2024-02-08,Completed,100,2024-02-08,45.85,1,2,No,20,-10,Preeti Reddy,preeti.reddy.95@outlook.com,9516560494,Delhi,2023-08-15,Basic,Computer Vision,AI & ML,INS003,Arjun Patel,15,Intermediate,1877,892,Disengaged
CRS055,LRN0309,ENR00110,2024-02-22,2024-03-03,2024-02-28,Completed,100,2024-02-28,76.45,1,2,Yes,6,-4,Simran Mehta,simran.mehta.309@hotmail.com,9347212281,Mumbai,2023-03-15,Free,Motion UI Design,Design,INS009,Suresh Gupta,5,Intermediate,3026,872,Disengaged
CRS059,LRN0395,ENR00896,2024-02-16,2024-05-06,,In Progress,18,2024-03-25,,1,,No,,,Manish Patel,manish.patel.395@gmail.com,9110392405,Chennai,2023-04-06,Basic,Wearable App Development,Mobile Development,INS001,Rajiv Sharma,40,Intermediate,1398,846,Disengaged
CRS031,LRN0039,ENR01921,2024-02-28,2024-03-09,2024-03-05,Completed,100,2024-03-05,60.28,1,1,Yes,6,-4,Sachin Agarwal,sachin.agarwal.39@hotmail.com,9872774348,Surat,2022-09-02,Free,Docker & Kubernetes,Cloud Computing,INS004,Sunita Rao,5,Intermediate,3781,866,Disengaged
CRS043,LRN0455,ENR01206,2024-01-16,2024-04-05,,Not Started,0,,,2,,No,,,Varun Malhotra,varun.malhotra.455@yahoo.com,9443009109,Lucknow,2023-10-16,Free,Leadership & Communication,Business,INS008,Kavita Reddy,40,Beginner,995,,Disengaged
CRS008,LRN0085,ENR00566,2024-02-06,2024-04-26,2024-03-28,Completed,100,2024-03-28,57.3,1,3,No,51,-29,Shalini Pandey,shalini.pandey.85@outlook.com,9869261796,Mumbai,2023-12-08,Basic,Project Management Professional,Business,INS003,Arjun Patel,40,Intermediate,4049,843,Disengaged
CRS014,LRN0159,ENR01543,2024-01-08,2024-02-07,,In Progress,38,2024-02-29,,1,,No,,,Sachin Verma,sachin.verma.159@outlook.com,9431527420,Indore,2022-10-30,Basic,Google Cloud Fundamentals,Cloud Computing,INS002,Meera Nair,15,Beginner,67,871,Disengaged
CRS057,LRN0233,ENR00161,2024-01-06,2024-01-16,,In Progress,38,2024-01-06,,1,,No,,,Ajay Gupta,ajay.gupta.233@gmail.com,9617445187,Kolkata,2022-07-25,Free,Microservices Architecture,Cloud Computing,INS006,Priya Singh,5,Beginner,604,925,Disengaged
CRS054,LRN0020,ENR00847,2024-02-19,2024-03-30,2024-03-31,Completed,100,2024-03-31,83.15,1,4,Yes,41,1,Megha Mehta,megha.mehta.20@rediffmail.com,9098050097,Bhopal,2023-06-28,Free,Product Management,Business,INS010,Anjali Iyer,20,Intermediate,4499,840,Disengaged
CRS036,LRN0089,ENR01941,2024-02-22,2024-03-13,2024-03-04,Completed,100,2024-03-04,93.44,1,1,Yes,11,-9,Ravi Bose,ravi.bose.89@rediffmail.com,9395024026,Delhi,2022-03-07,Basic,Advanced Python OOP,Data Science,INS006,Priya Singh,10,Advanced,7011,867,Disengaged
CRS028,LRN0476,ENR00564,2024-02-06,2024-03-17,2024-02-21,Completed,100,2024-02-21,86.65,3,1,Yes,15,-25,Rahul Kapoor,rahul.kapoor.476@yahoo.com,9534929298,Delhi,2023-02-26,Premium,Entrepreneurship 101,Business,INS006,Priya Singh,20,Beginner,394,879,Disengaged
CRS025,LRN0293,ENR00397,2024-01-02,2024-02-11,,In Progress,35,2024-03-18,,1,,No,,,Rahul Kumar,rahul.kumar.293@rediffmail.com,9697972965,Mumbai,2023-12-02,Premium,Vue.js & Nuxt Development,Web Development,INS004,Sunita Rao,20,Beginner,779,853,Disengaged
CRS017,LRN0251,ENR01909,2024-03-16,2024-04-05,2024-03-31,Completed,100,2024-03-31,84.75,1,5,Yes,15,-5,Rekha Bose,rekha.bose.251@hotmail.com,9752895392,Chennai,2023-12-07,Free,Network Security Essentials,Cybersecurity,INS002,Meera Nair,10,Advanced,14498,840,Disengaged
CRS058,LRN0287,ENR01704,2024-02-21,2024-03-22,,Dropped,10,2024-02-26,,1,2,No,,,Preeti Mishra,preeti.mishra.287@rediffmail.com,9723046184,Lucknow,2023-12-19,Free,Zero Trust Security,Cybersecurity,INS014,Pooja Mishra,15,Intermediate,4039,874,Disengaged
CRS045,LRN0487,ENR00247,2024-02-01,2024-02-11,2024-02-15,Completed,100,2024-02-15,82.74,2,5,Yes,14,4,Amit Nair,amit.nair.487@yahoo.com,9988774924,Indore,2022-09-24,Free,Photography & Lightroom,Design,INS013,Manish Verma,5,Advanced,13064,885,Disengaged
CRS008,LRN0233,ENR00528,2024-01-03,2024-03-23,,In Progress,44,2024-01-07,,1,,No,,,Ajay Gupta,ajay.gupta.233@gmail.com,9617445187,Kolkata,2022-07-25,Free,Project Management Professional,Business,INS003,Arjun Patel,40,Intermediate,4049,924,Disengaged
CRS015,LRN0212,ENR00635,2024-01-25,2024-02-04,2024-01-28,Completed,100,2024-01-28,54.74,1,4,No,3,-7,Aditya Verma,aditya.verma.212@rediffmail.com,9451713395,Surat,2023-03-15,Free,Azure Data Engineering,Cloud Computing,INS013,Manish Verma,5,Beginner,942,903,Disengaged
CRS014,LRN0196,ENR00838,2024-01-15,2024-02-14,,Not Started,0,,,1,,No,,,Megha Malhotra,megha.malhotra.196@rediffmail.com,9793564651,Hyderabad,2023-08-30,Enterprise,Google Cloud Fundamentals,Cloud Computing,INS002,Meera Nair,15,Beginner,67,,Disengaged
CRS047,LRN0186,ENR00270,2024-03-14,2024-05-13,2024-03-27,Completed,100,2024-03-27,65.71,3,2,Yes,13,-47,Aditya Yadav,aditya.yadav.186@gmail.com,9397401489,Bengaluru,2022-11-19,Free,Cloud Security Best Practices,Cybersecurity,INS008,Kavita Reddy,30,Intermediate,2407,844,Disengaged
CRS059,LRN0074,ENR00758,2024-02-22,2024-05-12,2024-03-31,Completed,100,2024-03-31,86.94,1,2,Yes,38,-42,Mohit Chatterjee,mohit.chatterjee.74@gmail.com,9809134316,Indore,2023-10-11,Premium,Wearable App Development,Mobile Development,INS001,Rajiv Sharma,40,Intermediate,1398,840,Disengaged
CRS028,LRN0383,ENR00310,2024-01-01,2024-02-10,2024-02-20,Completed,100,,84.01,1,3,Yes,50,10,Karan Mehta,karan.mehta.383@yahoo.com,9811386338,Lucknow,2023-10-03,Enterprise,Entrepreneurship 101,Business,INS006,Priya Singh,20,Beginner,394,,Disengaged
CRS019,LRN0269,ENR01114,2024-01-27,2024-03-27,,In Progress,28,2024-03-03,,1,,No,,,Geeta Malhotra,geeta.malhotra.269@hotmail.com,9785082148,Bengaluru,2023-06-21,Premium,iOS Development with Swift,Mobile Development,INS009,Suresh Gupta,30,Beginner,101,868,Disengaged
CRS050,LRN0172,ENR01178,2024-02-23,2024-03-04,2024-02-26,Completed,100,2024-02-26,91.07,1,1,Yes,3,-7,Ajay Yadav,ajay.yadav.172@hotmail.com,9644089268,Mumbai,2022-12-19,Enterprise,Scala for Big Data,Data Science,INS008,Kavita Reddy,5,Beginner,181,874,Disengaged
CRS054,LRN0148,ENR01690,2024-02-28,2024-04-08,,In Progress,36,2024-03-20,,1,,No,,,Shreya Rao,shreya.rao.148@outlook.com,9588879470,Kolkata,2023-11-21,Free,Product Management,Business,INS010,Anjali Iyer,20,Intermediate,4499,851,Disengaged
CRS008,LRN0259,ENR00101,2024-01-08,2024-03-28,,Dropped,32,2024-01-12,,1,1,No,,,Ishaan Joshi,ishaan.joshi.259@gmail.com,9417146774,Surat,2023-07-12,Basic,Project Management Professional,Business,INS003,Arjun Patel,40,Intermediate,4049,919,Disengaged
CRS037,LRN0058,ENR00354,2024-02-24,2024-04-04,,Not Started,0,,,1,2,No,,,Priya Yadav,priya.yadav.58@hotmail.com,9186999386,Ahmedabad,2022-11-01,Premium,Data Engineering with Spark,Data Science,INS004,Sunita Rao,20,Advanced,14534,,Disengaged
CRS039,LRN0120,ENR00249,2024-03-03,2024-05-22,,In Progress,20,2024-03-22,,1,,No,,,Nikhil Verma,nikhil.verma.120@rediffmail.com,9901043289,Pune,2022-04-24,Premium,Transformer Models & LLMs,AI & ML,INS008,Kavita Reddy,40,Advanced,12938,849,Disengaged
CRS017,LRN0470,ENR00026,2024-02-08,2024-02-28,2024-02-18,Completed,100,2024-02-18,61.36,2,2,Yes,10,-10,Priya Shah,priya.shah.470@gmail.com,9456083318,Lucknow,2023-01-06,Premium,Network Security Essentials,Cybersecurity,INS002,Meera Nair,10,Advanced,14498,882,Disengaged
CRS023,LRN0323,ENR01236,2024-02-11,2024-05-01,,In Progress,60,,,1,,No,,,Pooja Kumar,pooja.kumar.323@outlook.com,9491357759,Chandigarh,2023-08-22,Free,NLP with Python,AI & ML,INS006,Priya Singh,40,Advanced,6758,,Disengaged
CRS023,LRN0004,ENR00930,2024-01-11,2024-03-31,,In Progress,75,2024-02-27,,2,,No,,,Vijay Kumar,vijay.kumar.4@gmail.com,9618495931,Surat,2022-08-22,Premium,NLP with Python,AI & ML,INS006,Priya Singh,40,Advanced,6758,873,Disengaged
CRS025,LRN0004,ENR00854,2024-01-01,2024-02-10,,In Progress,82,2024-02-19,,1,,No,,,Vijay Kumar,vijay.kumar.4@gmail.com,9618495931,Surat,2022-08-22,Premium,Vue.js & Nuxt Development,Web Development,INS004,Sunita Rao,20,Beginner,779,881,Disengaged
CRS033,LRN0043,ENR01673,2024-02-13,2024-03-24,,In Progress,79,2024-03-24,,2,,No,,,Sunita Malhotra,sunita.malhotra.43@gmail.com,9272980699,Delhi,2023-10-21,Basic,Penetration Testing,Cybersecurity,INS007,Vikas Mehta,20,Advanced,6392,847,Disengaged
CRS043,LRN0237,ENR00764,2024-03-16,2024-06-04,,In Progress,26,2024-03-24,,1,,No,,,Rekha Desai,rekha.desai.237@outlook.com,9234456557,Hyderabad,2022-03-18,Enterprise,Leadership & Communication,Business,INS008,Kavita Reddy,40,Beginner,995,847,Disengaged
CRS024,LRN0402,ENR01199,2024-03-15,2024-04-14,2024-03-31,Completed,100,2024-03-31,58.65,1,1,No,16,-14,Simran Tiwari,simran.tiwari.402@outlook.com,9782329832,Chandigarh,2023-12-24,Premium,Computer Vision,AI & ML,INS003,Arjun Patel,15,Intermediate,1877,840,Disengaged
CRS002,LRN0215,ENR01770,2024-01-24,2024-02-13,,In Progress,27,2024-03-14,,1,,No,,,Sunita Nair,sunita.nair.215@rediffmail.com,9294667116,Chandigarh,2022-10-12,Premium,Machine Learning Fundamentals,AI & ML,INS006,Priya Singh,10,Beginner,223,857,Disengaged
CRS007,LRN0386,ENR00567,2024-01-30,2024-03-10,,In Progress,22,2024-02-08,,1,,No,,,Deepak Kapoor,deepak.kapoor.386@rediffmail.com,9845776004,Mumbai,2023-06-15,Free,Business Analytics Essentials,Business,INS003,Arjun Patel,20,Advanced,10604,892,Disengaged
CRS017,LRN0431,ENR00757,2024-02-11,2024-03-02,2024-02-14,Completed,100,2024-02-14,63.24,2,1,Yes,3,-17,Shreya Pillai,shreya.pillai.431@hotmail.com,9587020701,Mumbai,2022-03-30,Basic,Network Security Essentials,Cybersecurity,INS002,Meera Nair,10,Advanced,14498,886,Disengaged
CRS005,LRN0415,ENR01956,2024-03-01,2024-04-10,2024-03-17,Completed,100,2024-03-17,50.5,1,1,No,16,-24,Geeta Verma,geeta.verma.415@yahoo.com,9199038498,Mumbai,2022-07-09,Free,Node.js Backend Development,Web Development,INS007,Vikas Mehta,20,Beginner,119,854,Disengaged
CRS047,LRN0094,ENR01469,2024-01-02,2024-03-02,,In Progress,52,,,2,,No,,,Kavya Pandey,kavya.pandey.94@yahoo.com,9271111615,Jaipur,2022-03-03,Basic,Cloud Security Best Practices,Cybersecurity,INS008,Kavita Reddy,30,Intermediate,2407,,Disengaged
CRS011,LRN0061,ENR00333,2024-01-29,2024-02-08,2024-02-01,Completed,100,2024-02-01,61.05,1,3,Yes,3,-7,Kavya Bose,kavya.bose.61@gmail.com,9936183242,Mumbai,2022-06-19,Premium,Figma for Beginners,Design,INS012,Nisha Agarwal,5,Beginner,19,899,Disengaged
CRS017,LRN0479,ENR00611,2024-03-12,2024-04-01,,In Progress,19,2024-03-18,,1,,No,,,Aarav Jain,aarav.jain.479@outlook.com,9632543107,Bengaluru,2023-12-22,Basic,Network Security Essentials,Cybersecurity,INS002,Meera Nair,10,Advanced,14498,853,Disengaged
CRS047,LRN0154,ENR01793,2024-03-12,2024-05-11,2024-03-24,Completed,100,2024-03-24,59.87,1,3,No,12,-48,Sunita Das,sunita.das.154@hotmail.com,9524041574,Hyderabad,2022-07-26,Premium,Cloud Security Best Practices,Cybersecurity,INS008,Kavita Reddy,30,Intermediate,2407,847,Disengaged
CRS002,LRN0231,ENR01987,2024-02-18,2024-03-09,,In Progress,88,2024-02-22,,1,,No,,,Ananya Yadav,ananya.yadav.231@yahoo.com,9800030756,Bengaluru,2022-02-06,Basic,Machine Learning Fundamentals,AI & ML,INS006,Priya Singh,10,Beginner,223,878,Disengaged
CRS020,LRN0330,ENR00863,2024-01-28,2024-02-07,2024-02-07,Completed,100,2024-02-07,50.98,1,3,No,10,0,Ajay Shah,ajay.shah.330@rediffmail.com,9449892665,Surat,2022-03-21,Basic,SQL & Database Design,Data Science,INS013,Unknown,5,Advanced,8138,893,Disengaged
CRS059,LRN0069,ENR00359,2024-01-15,2024-04-04,2024-02-23,Completed,100,2024-02-23,64.85,2,2,Yes,39,-41,Nikhil Nair,nikhil.nair.69@gmail.com,9378263982,Chennai,2023-03-01,Basic,Wearable App Development,Mobile Development,INS001,Rajiv Sharma,40,Intermediate,1398,877,Disengaged
CRS060,LRN0225,ENR01552,2024-03-09,2024-04-08,2024-03-27,Completed,100,,62.9,1,1,Yes,18,-12,Divya Srivastava,divya.srivastava.225@gmail.com,9965827109,Mumbai,2022-09-26,Free,Bayesian Statistics,Data Science,INS006,Unknown,15,Intermediate,1231,,Disengaged
CRS013,LRN0469,ENR01040,2024-01-12,2024-04-01,,In Progress,60,2024-02-16,,1,1,No,,,Neha Shah,neha.shah.469@yahoo.com,9487632909,Chandigarh,2023-05-27,Basic,AWS Solutions Architect,Cloud Computing,INS013,Manish Verma,40,Advanced,12685,884,Disengaged
CRS019,LRN0043,ENR00062,2024-02-29,2024-04-29,,In Progress,48,2024-03-30,,1,,No,,,Sunita Malhotra,sunita.malhotra.43@gmail.com,9272980699,Delhi,2023-10-21,Basic,iOS Development with Swift,Mobile Development,INS009,Suresh Gupta,30,Beginner,101,841,Disengaged
CRS019,LRN0147,ENR00845,2024-03-13,2024-05-12,2024-03-23,Completed,100,2024-03-23,66.72,2,2,Yes,10,-50,Suresh Bose,suresh.bose.147@outlook.com,9787298259,Bengaluru,2023-02-07,Enterprise,iOS Development with Swift,Mobile Development,INS009,Suresh Gupta,30,Beginner,101,848,Disengaged
CRS051,LRN0426,ENR01919,2024-02-04,2024-04-24,,Dropped,10,2024-02-05,,2,3,No,,,Anita Das,anita.das.426@gmail.com,9438421503,Ahmedabad,2023-06-03,Free,MLOps & Model Deployment,AI & ML,INS015,Kiran Desai,40,Beginner,503,895,Disengaged
CRS042,LRN0309,ENR00933,2024-03-06,2024-03-16,,Dropped,11,2024-03-09,,1,,No,,,Simran Mehta,simran.mehta.309@hotmail.com,9347212281,Mumbai,2023-03-15,Free,Operations Management,Business,INS001,Unknown,5,Advanced,6117,862,Disengaged
CRS050,LRN0200,ENR00913,2024-01-25,2024-02-04,,Dropped,9,2024-01-29,,1,,No,,,Rekha Kumar,rekha.kumar.200@yahoo.com,9014388899,Ahmedabad,2023-01-19,Basic,Scala for Big Data,Data Science,INS008,Kavita Reddy,5,Beginner,181,902,Disengaged
CRS042,LRN0484,ENR00356,2024-02-01,2024-02-11,2024-02-13,Completed,100,2024-02-13,72.34,1,5,Yes,12,2,Sachin Iyer,sachin.iyer.484@yahoo.com,9178847951,Ahmedabad,2022-03-31,Free,Operations Management,Business,INS001,Unknown,5,Advanced,6117,887,Disengaged
CRS057,LRN0350,ENR01517,2024-01-10,2024-01-20,,In Progress,87,2024-02-27,,1,,No,,,Varun Mehta,varun.mehta.350@gmail.com,9395211179,Indore,2023-07-09,Enterprise,Microservices Architecture,Cloud Computing,INS006,Priya Singh,5,Beginner,604,873,Disengaged
CRS004,LRN0113,ENR01824,2024-02-03,2024-04-03,,In Progress,16,2024-02-04,,1,,No,,,Sachin Pandey,sachin.pandey.113@yahoo.com,9054235733,Bengaluru,2022-03-21,Free,React.js Complete Guide,Web Development,INS014,Pooja Mishra,30,Advanced,6867,896,Disengaged
CRS060,LRN0439,ENR01159,2024-03-08,2024-04-07,2024-03-11,Completed,100,2024-03-11,48.34,2,1,No,3,-27,Megha Srivastava,megha.srivastava.439@hotmail.com,9997335494,Chandigarh,2022-12-19,Enterprise,Bayesian Statistics,Data Science,INS006,Unknown,15,Intermediate,1231,860,Disengaged
CRS019,LRN0087,ENR01958,2024-03-12,2024-05-11,2024-03-31,Completed,100,2024-03-31,59.66,1,4,No,19,-41,Ishaan Shah,ishaan.shah.87@rediffmail.com,9900532931,Hyderabad,2023-08-24,Free,iOS Development with Swift,Mobile Development,INS009,Suresh Gupta,30,Beginner,101,840,Disengaged
CRS050,LRN0430,ENR01201,2024-01-29,2024-02-08,2024-02-01,Completed,100,2024-02-01,87.69,1,5,Yes,3,-7,Reena Reddy,reena.reddy.430@outlook.com,9813858542,Lucknow,2022-09-08,Free,Scala for Big Data,Data Science,INS008,Kavita Reddy,5,Beginner,181,899,Disengaged
CRS005,LRN0337,ENR00523,2024-01-10,2024-02-19,2024-02-08,Completed,100,2024-02-08,56.32,1,3,No,29,-11,Ananya Singh,ananya.singh.337@gmail.com,9729806865,Chandigarh,2023-06-27,Basic,Node.js Backend Development,Web Development,INS007,Vikas Mehta,20,Beginner,119,892,Disengaged
CRS026,LRN0122,ENR01781,2024-02-23,2024-03-04,,Dropped,23,2024-02-24,,1,,No,,,Neha Chauhan,neha.chauhan.122@rediffmail.com,9609539621,Kolkata,2022-03-11,Enterprise,Full Stack Django,Web Development,INS008,Kavita Reddy,5,Advanced,10918,876,Disengaged
CRS032,LRN0307,ENR00212,2024-01-14,2024-01-24,,Dropped,10,2024-01-26,,1,3,No,,,Vijay Gupta,vijay.gupta.307@rediffmail.com,9571983863,Indore,2023-12-14,Free,DevOps CI/CD Pipeline,Cloud Computing,INS003,Arjun Patel,5,Advanced,6723,905,Disengaged
CRS004,LRN0273,ENR01401,2024-02-29,2024-04-29,,In Progress,57,2024-03-10,,3,,No,,,Geeta Iyer,geeta.iyer.273@rediffmail.com,9007229034,Indore,2022-11-09,Premium,React.js Complete Guide,Web Development,INS014,Pooja Mishra,30,Advanced,6867,861,Disengaged
CRS051,LRN0289,ENR00373,2024-03-02,2024-05-21,2024-03-31,Completed,100,2024-03-31,50.13,1,3,No,29,-51,Preeti Nair,preeti.nair.289@hotmail.com,9375300119,Bengaluru,2022-04-03,Premium,MLOps & Model Deployment,AI & ML,INS015,Kiran Desai,40,Beginner,503,840,Disengaged
CRS023,LRN0073,ENR00468,2024-03-04,2024-05-23,2024-03-31,Completed,100,2024-03-31,85.76,3,3,Yes,27,-53,Neha Agarwal,neha.agarwal.73@rediffmail.com,9217459615,Pune,2022-11-21,Basic,NLP with Python,AI & ML,INS006,Priya Singh,40,Advanced,6758,840,Disengaged
CRS028,LRN0196,ENR00225,2024-01-11,2024-02-20,,Dropped,19,2024-01-25,,1,,No,,,Megha Malhotra,megha.malhotra.196@rediffmail.com,9793564651,Hyderabad,2023-08-30,Enterprise,Entrepreneurship 101,Business,INS006,Priya Singh,20,Beginner,394,906,Disengaged
CRS024,LRN0433,ENR00421,2024-01-27,2024-02-26,2024-02-22,Completed,100,2024-02-22,88.75,1,4,Yes,26,-4,Priya Das,priya.das.433@rediffmail.com,9717477332,Chennai,2023-01-08,Basic,Computer Vision,AI & ML,INS003,Arjun Patel,15,Intermediate,1877,878,Disengaged
CRS010,LRN0331,ENR00232,2024-02-03,2024-02-23,,In Progress,28,2024-03-17,,1,,No,,,Varun Iyer,varun.iyer.331@hotmail.com,9655779082,Bengaluru,2022-08-24,Free,UI/UX Design Principles,Design,INS005,Deepak Joshi,10,Beginner,133,854,Disengaged
CRS018,LRN0026,ENR01358,2024-01-06,2024-02-05,,In Progress,25,2024-02-04,,1,,No,,,Kavya Iyer,kavya.iyer.26@yahoo.com,9740164005,Surat,2022-09-26,Free,Flutter App Development,Mobile Development,INS006,Priya Singh,15,Beginner,875,896,Disengaged
CRS038,LRN0438,ENR00318,2024-01-20,2024-02-19,2024-01-23,Completed,100,2024-01-23,67.07,1,2,Yes,3,-27,Sneha Desai,sneha.desai.438@gmail.com,9965701329,Indore,2022-05-31,Premium,Reinforcement Learning,AI & ML,INS010,Unknown,15,Advanced,10834,908,Disengaged
CRS041,LRN0474,ENR01826,2024-02-24,2024-03-25,2024-02-27,Completed,100,2024-02-27,51.88,1,3,No,3,-27,Geeta Chatterjee,geeta.chatterjee.474@yahoo.com,9363179706,Hyderabad,2023-09-17,Basic,GraphQL APIs,Web Development,INS002,Meera Nair,15,Intermediate,1945,873,Disengaged
CRS054,LRN0057,ENR01734,2024-03-16,2024-04-25,2024-03-20,Completed,100,2024-03-20,48.93,1,4,No,4,-36,Kavya Chatterjee,kavya.chatterjee.57@yahoo.com,9711671902,Indore,2023-07-31,Enterprise,Product Management,Business,INS010,Anjali Iyer,20,Intermediate,4499,851,Disengaged
CRS017,LRN0415,ENR01326,2024-02-29,2024-03-20,,In Progress,15,2024-03-07,,1,,No,,,Geeta Verma,geeta.verma.415@yahoo.com,9199038498,Mumbai,2022-07-09,Free,Network Security Essentials,Cybersecurity,INS002,Meera Nair,10,Advanced,14498,864,Disengaged
CRS041,LRN0075,ENR00666,2024-03-04,2024-04-03,,In Progress,54,2024-03-12,,3,,No,,,Sneha Verma,sneha.verma.75@hotmail.com,9240050455,Bengaluru,2022-09-08,Basic,GraphQL APIs,Web Development,INS002,Meera Nair,15,Intermediate,1945,859,Disengaged
CRS020,LRN0472,ENR00478,2024-03-17,2024-03-27,2024-03-30,Completed,100,2024-03-30,68.97,2,5,Yes,13,3,Manish Chauhan,manish.chauhan.472@rediffmail.com,9364597010,Bengaluru,2022-06-11,Premium,SQL & Database Design,Data Science,INS013,Unknown,5,Advanced,8138,841,Disengaged
CRS004,LRN0365,ENR01588,2024-01-01,2024-03-01,2024-03-07,Completed,100,2024-03-07,70.53,1,5,Yes,66,6,Manish Agarwal,manish.agarwal.365@hotmail.com,9424008254,Jaipur,2022-01-09,Premium,React.js Complete Guide,Web Development,INS014,Pooja Mishra,30,Advanced,6867,864,Disengaged
CRS024,LRN0499,ENR01285,2024-03-12,2024-04-11,,In Progress,27,2024-03-27,,1,,No,,,Divya Pandey,divya.pandey.499@rediffmail.com,9204565044,Surat,2022-03-20,Basic,Computer Vision,AI & ML,INS003,Arjun Patel,15,Intermediate,1877,844,Disengaged
CRS025,LRN0093,ENR01882,2024-01-07,2024-02-16,2024-01-13,Completed,100,2024-01-13,63.28,1,4,Yes,6,-34,Preeti Malhotra,preeti.malhotra.93@gmail.com,9367365766,Kolkata,2023-03-14,Basic,Vue.js & Nuxt Development,Web Development,INS004,Sunita Rao,20,Beginner,779,918,Disengaged
CRS016,LRN0284,ENR00165,2024-01-23,2024-02-12,2024-01-29,Completed,100,2024-01-29,91.36,2,1,Yes,6,-14,Shreya Joshi,shreya.joshi.284@hotmail.com,9104478985,Surat,2022-05-18,Basic,Ethical Hacking Basics,Cybersecurity,INS010,Unknown,10,Beginner,686,902,Disengaged
CRS017,LRN0270,ENR00499,2024-01-17,2024-02-06,,In Progress,54,,,1,,No,,,Vivaan Joshi,vivaan.joshi.270@outlook.com,9330307053,Kolkata,2023-04-21,Basic,Network Security Essentials,Cybersecurity,INS002,Meera Nair,10,Advanced,14498,,Disengaged
CRS029,LRN0366,ENR01218,2024-01-18,2024-04-07,,Dropped,26,2024-01-30,,1,,No,,,Mohit Kapoor,mohit.kapoor.366@outlook.com,9740649308,Hyderabad,2023-02-26,Premium,Brand Identity Design,Design,INS010,Anjali Iyer,40,Intermediate,4998,901,Disengaged
CRS041,LRN0107,ENR01584,2024-03-14,2024-04-13,,Not Started,0,,,1,,No,,,Shreya Bose,shreya.bose.107@gmail.com,9490581477,Mumbai,2023-01-13,Premium,GraphQL APIs,Web Development,INS002,Meera Nair,15,Intermediate,1945,,Disengaged
CRS037,LRN0301,ENR00275,2024-03-14,2024-04-23,,In Progress,85,2024-03-17,,1,,No,,,Sunita Mehta,sunita.mehta.301@hotmail.com,9735160917,Surat,2023-08-27,Enterprise,Data Engineering with Spark,Data Science,INS004,Sunita Rao,20,Advanced,14534,854,Disengaged
CRS041,LRN0154,ENR01483,2024-01-13,2024-02-12,,Not Started,0,,,3,,No,,,Sunita Das,sunita.das.154@hotmail.com,9524041574,Hyderabad,2022-07-26,Premium,GraphQL APIs,Web Development,INS002,Meera Nair,15,Intermediate,1945,,Disengaged
CRS014,LRN0417,ENR00239,2024-01-24,2024-02-23,2024-01-30,Completed,100,2024-01-30,89.5,1,4,Yes,6,-24,Preeti Joshi,preeti.joshi.417@gmail.com,9795014556,Indore,2023-03-14,Premium,Google Cloud Fundamentals,Cloud Computing,INS002,Meera Nair,15,Beginner,67,901,Disengaged
CRS026,LRN0200,ENR00331,2024-02-04,2024-02-14,2024-02-07,Completed,100,2024-02-07,53.8,1,1,No,3,-7,Rekha Kumar,rekha.kumar.200@yahoo.com,9014388899,Ahmedabad,2023-01-19,Basic,Full Stack Django,Web Development,INS008,Kavita Reddy,5,Advanced,10918,893,Disengaged
CRS027,LRN0284,ENR01637,2024-01-07,2024-02-06,,In Progress,68,2024-01-16,,2,,No,,,Shreya Joshi,shreya.joshi.284@hotmail.com,9104478985,Surat,2022-05-18,Basic,Financial Modelling,Business,INS012,Nisha Agarwal,15,Advanced,6347,915,Disengaged
CRS004,LRN0366,ENR00123,2024-02-08,2024-04-08,2024-03-14,Completed,100,2024-03-14,52.84,2,3,No,35,-25,Mohit Kapoor,mohit.kapoor.366@outlook.com,9740649308,Hyderabad,2023-02-26,Premium,React.js Complete Guide,Web Development,INS014,Pooja Mishra,30,Advanced,6867,857,Disengaged
CRS035,LRN0479,ENR01679,2024-03-07,2024-05-26,2024-03-31,Completed,100,2024-03-31,89.73,1,1,Yes,24,-56,Aarav Jain,aarav.jain.479@outlook.com,9632543107,Bengaluru,2023-12-22,Basic,React Native Cross-Platform,Mobile Development,INS002,Meera Nair,40,Beginner,66,840,Disengaged
CRS040,LRN0076,ENR00912,2024-02-11,2024-03-12,2024-03-08,Completed,100,,70.45,2,3,Yes,26,-4,Nisha Desai,nisha.desai.76@rediffmail.com,9222196937,Bengaluru,2022-08-26,Basic,TypeScript Advanced,Web Development,INS009,Suresh Gupta,15,Beginner,786,,Disengaged
CRS005,LRN0124,ENR01532,2024-01-11,2024-02-20,,Dropped,33,2024-01-16,,1,3,No,,,Sneha Kapoor,sneha.kapoor.124@hotmail.com,9952058527,Surat,2022-07-06,Premium,Node.js Backend Development,Web Development,INS007,Vikas Mehta,20,Beginner,119,915,Disengaged
CRS006,LRN0297,ENR00539,2024-02-05,2024-02-15,,Dropped,20,2024-02-13,,3,,No,,,Varun Reddy,varun.reddy.297@hotmail.com,9663177971,Ahmedabad,2022-11-20,Free,HTML & CSS Mastery,Web Development,INS015,Unknown,5,Intermediate,2276,887,Disengaged
CRS059,LRN0176,ENR01755,2024-02-01,2024-04-21,2024-03-31,Completed,100,,49.52,2,3,No,59,-21,Komal Malhotra,komal.malhotra.176@gmail.com,9837354033,Chandigarh,2023-05-06,Enterprise,Wearable App Development,Mobile Development,INS001,Rajiv Sharma,40,Intermediate,1398,,Disengaged
CRS016,LRN0327,ENR01253,2024-01-18,2024-02-07,,In Progress,44,2024-03-31,,1,,No,,,Neha Pandey,neha.pandey.327@hotmail.com,9639427881,Kolkata,2023-05-30,Free,Ethical Hacking Basics,Cybersecurity,INS010,Unknown,10,Beginner,686,840,Disengaged
CRS013,LRN0258,ENR01466,2024-03-11,2024-05-30,2024-03-28,Completed,100,2024-03-28,62.49,1,3,Yes,17,-63,Sunita Rao,sunita.rao.258@rediffmail.com,9872050614,Ahmedabad,2022-07-24,Free,AWS Solutions Architect,Cloud Computing,INS013,Manish Verma,40,Advanced,12685,843,Disengaged
CRS039,LRN0010,ENR00214,2024-03-15,2024-06-03,,In Progress,39,,,1,,No,,,Aarav Desai,aarav.desai.10@gmail.com,9184514627,Chandigarh,2022-09-27,Enterprise,Transformer Models & LLMs,AI & ML,INS008,Kavita Reddy,40,Advanced,12938,,Disengaged
CRS018,LRN0278,ENR00664,2024-01-23,2024-02-22,2024-02-13,Completed,100,2024-02-13,45.96,1,1,No,21,-9,Arjun Chauhan,arjun.chauhan.278@outlook.com,9172482513,Hyderabad,2022-11-11,Basic,Flutter App Development,Mobile Development,INS006,Priya Singh,15,Beginner,875,887,Disengaged
CRS002,LRN0172,ENR00371,2024-01-31,2024-02-20,2024-02-29,Completed,100,2024-02-29,50.86,1,1,No,29,9,Ajay Yadav,ajay.yadav.172@hotmail.com,9644089268,Mumbai,2022-12-19,Enterprise,Machine Learning Fundamentals,AI & ML,INS006,Priya Singh,10,Beginner,223,871,Disengaged
CRS002,LRN0288,ENR01125,2024-01-10,2024-01-30,2024-01-13,Completed,100,2024-01-13,57.72,2,2,No,3,-17,Reena Kumar,reena.kumar.288@yahoo.com,9411739348,Kolkata,2023-12-22,Basic,Machine Learning Fundamentals,AI & ML,INS006,Priya Singh,10,Beginner,223,918,Disengaged
CRS036,LRN0124,ENR00412,2024-02-20,2024-03-11,2024-03-11,Completed,100,2024-03-11,90.57,2,5,Yes,20,0,Sneha Kapoor,sneha.kapoor.124@hotmail.com,9952058527,Surat,2022-07-06,Premium,Advanced Python OOP,Data Science,INS006,Priya Singh,10,Advanced,7011,860,Disengaged
CRS033,LRN0405,ENR00332,2024-02-28,2024-04-08,,In Progress,48,2024-03-15,,2,,No,,,Simran Rao,simran.rao.405@yahoo.com,9939330517,Jaipur,2023-09-12,Basic,Penetration Testing,Cybersecurity,INS007,Vikas Mehta,20,Advanced,6392,856,Disengaged
CRS020,LRN0223,ENR00276,2024-03-14,2024-03-24,2024-03-19,Completed,100,2024-03-19,48.49,2,5,No,5,-5,Ritika Shah,ritika.shah.223@yahoo.com,9138999404,Jaipur,2023-09-14,Basic,SQL & Database Design,Data Science,INS013,Unknown,5,Advanced,8138,852,Disengaged
CRS018,LRN0495,ENR00337,2024-01-23,2024-02-22,2024-01-26,Completed,100,2024-01-26,74.56,3,5,Yes,3,-27,Ajay Tiwari,ajay.tiwari.495@rediffmail.com,9196106462,Ahmedabad,2023-12-29,Basic,Flutter App Development,Mobile Development,INS006,Priya Singh,15,Beginner,875,905,Disengaged
CRS060,LRN0082,ENR01364,2024-02-15,2024-03-16,,In Progress,90,2024-03-01,,1,,No,,,Karan Patel,karan.patel.82@gmail.com,9368516048,Ahmedabad,2023-01-13,Premium,Bayesian Statistics,Data Science,INS006,Unknown,15,Intermediate,1231,870,Disengaged
CRS044,LRN0355,ENR00142,2024-03-09,2024-05-28,,In Progress,81,2024-03-30,,2,4,No,,,Varun Das,varun.das.355@hotmail.com,9143866322,Indore,2022-01-10,Free,Adobe Illustrator Mastery,Design,INS010,Anjali Iyer,40,Intermediate,2240,841,Disengaged
CRS052,LRN0323,ENR00187,2024-03-14,2024-06-02,,Dropped,13,2024-03-20,,2,4,No,,,Pooja Kumar,pooja.kumar.323@outlook.com,9491357759,Chandigarh,2023-08-22,Free,Svelte & SvelteKit,Web Development,INS005,Deepak Joshi,40,Intermediate,4129,851,Disengaged
CRS051,LRN0168,ENR01386,2024-02-25,2024-05-15,2024-02-28,Completed,100,2024-02-28,90.11,2,3,Yes,3,-77,Vijay Patel,vijay.patel.168@gmail.com,9512868230,Chennai,2023-04-20,Premium,MLOps & Model Deployment,AI & ML,INS015,Kiran Desai,40,Beginner,503,872,Disengaged
CRS026,LRN0106,ENR01748,2024-01-09,2024-01-19,,Not Started,0,,,2,,No,,,Karan Joshi,karan.joshi.106@yahoo.com,9779979955,Ahmedabad,2022-03-11,Basic,Full Stack Django,Web Development,INS008,Kavita Reddy,5,Advanced,10918,,Disengaged
CRS032,LRN0204,ENR00330,2024-03-09,2024-03-19,,Dropped,10,2024-03-10,,1,,No,,,Arjun Joshi,arjun.joshi.204@gmail.com,9660937966,Chandigarh,2022-08-08,Free,DevOps CI/CD Pipeline,Cloud Computing,INS003,Arjun Patel,5,Advanced,6723,861,Disengaged
CRS032,LRN0230,ENR01646,2024-02-02,2024-02-12,,In Progress,33,2024-03-30,,1,,No,,,Karan Nair,karan.nair.230@outlook.com,9785079252,Indore,2022-04-16,Premium,DevOps CI/CD Pipeline,Cloud Computing,INS003,Arjun Patel,5,Advanced,6723,841,Disengaged
CRS055,LRN0105,ENR01223,2024-01-22,2024-02-01,,In Progress,87,2024-02-01,,1,,No,,,Ajay Iyer,ajay.iyer.105@yahoo.com,9355231243,Lucknow,2022-06-06,Premium,Motion UI Design,Design,INS009,Suresh Gupta,5,Intermediate,3026,899,Disengaged
CRS042,LRN0488,ENR00716,2024-02-08,2024-02-18,2024-02-20,Completed,100,2024-02-20,58.7,1,5,No,12,2,Rohan Patel,rohan.patel.488@yahoo.com,9547292842,Bhopal,2023-12-27,Premium,Operations Management,Business,INS001,Unknown,5,Advanced,6117,880,Disengaged
CRS037,LRN0057,ENR01787,2024-01-22,2024-03-02,,In Progress,70,2024-01-30,,2,,No,,,Kavya Chatterjee,kavya.chatterjee.57@yahoo.com,9711671902,Indore,2023-07-31,Enterprise,Data Engineering with Spark,Data Science,INS004,Sunita Rao,20,Advanced,14534,901,Disengaged
CRS006,LRN0490,ENR01176,2024-03-05,2024-03-15,,In Progress,59,2024-03-15,,1,,No,,,Rahul Reddy,rahul.reddy.490@gmail.com,9410672752,Chandigarh,2023-07-14,Enterprise,HTML & CSS Mastery,Web Development,INS015,Unknown,5,Intermediate,2276,856,Disengaged
CRS007,LRN0056,ENR00154,2024-01-02,2024-02-11,,In Progress,85,2024-01-10,,1,,No,,,Rohan Reddy,rohan.reddy.56@hotmail.com,9427109477,Kolkata,2022-07-08,Enterprise,Business Analytics Essentials,Business,INS003,Arjun Patel,20,Advanced,10604,921,Disengaged
CRS058,LRN0286,ENR00619,2024-02-25,2024-03-26,,In Progress,13,2024-03-07,,2,,No,,,Deepak Banerjee,deepak.banerjee.286@gmail.com,9489090100,Pune,2023-03-31,Basic,Zero Trust Security,Cybersecurity,INS014,Pooja Mishra,15,Intermediate,4039,864,Disengaged
CRS060,LRN0026,ENR01479,2024-02-15,2024-03-16,,Dropped,23,2024-02-24,,1,,No,,,Kavya Iyer,kavya.iyer.26@yahoo.com,9740164005,Surat,2022-09-26,Free,Bayesian Statistics,Data Science,INS006,Unknown,15,Intermediate,1231,876,Disengaged
CRS032,LRN0035,ENR00577,2024-03-12,2024-03-22,,In Progress,14,2024-03-17,,1,,No,,,Shreya Chauhan,shreya.chauhan.35@rediffmail.com,9369957773,Ahmedabad,2022-06-23,Premium,DevOps CI/CD Pipeline,Cloud Computing,INS003,Arjun Patel,5,Advanced,6723,854,Disengaged
CRS052,LRN0229,ENR01346,2024-01-02,2024-03-22,2024-01-30,Completed,100,,54.08,1,2,No,28,-52,Kavya Joshi,kavya.joshi.229@gmail.com,9524105648,Chennai,2023-12-31,Enterprise,Svelte & SvelteKit,Web Development,INS005,Deepak Joshi,40,Intermediate,4129,,Disengaged
CRS034,LRN0302,ENR00324,2024-02-17,2024-03-08,2024-02-29,Completed,100,2024-02-29,56.55,1,1,No,12,-8,Aarav Iyer,aarav.iyer.302@yahoo.com,9086978292,Delhi,2023-02-01,Premium,Android Development Kotlin,Mobile Development,INS002,Meera Nair,10,Intermediate,3846,871,Disengaged
CRS016,LRN0341,ENR00091,2024-01-20,2024-02-09,,Dropped,26,2024-01-28,,1,,No,,,Arjun Pandey,arjun.pandey.341@gmail.com,9887449562,Chandigarh,2022-08-24,Basic,Ethical Hacking Basics,Cybersecurity,INS010,Unknown,10,Beginner,686,903,Disengaged
CRS004,LRN0429,ENR00811,2024-02-28,2024-04-28,,In Progress,85,2024-03-30,,1,,No,,,Ishaan Tiwari,ishaan.tiwari.429@yahoo.com,9334485714,Bengaluru,2022-10-08,Free,React.js Complete Guide,Web Development,INS014,Pooja Mishra,30,Advanced,6867,841,Disengaged
CRS003,LRN0146,ENR01059,2024-02-20,2024-03-11,,Dropped,10,2024-03-01,,1,,No,,,Sunita Pandey,sunita.pandey.146@gmail.com,9585239868,Mumbai,2022-02-09,Free,Deep Learning with TensorFlow,AI & ML,INS004,Sunita Rao,10,Advanced,13612,870,Disengaged
CRS026,LRN0281,ENR00266,2024-02-13,2024-02-23,,In Progress,54,2024-03-14,,1,,No,,,Arjun Kapoor,arjun.kapoor.281@yahoo.com,9175250074,Indore,2022-06-22,Basic,Full Stack Django,Web Development,INS008,Kavita Reddy,5,Advanced,10918,857,Disengaged
CRS014,LRN0262,ENR00283,2024-01-13,2024-02-12,,In Progress,40,2024-01-18,,1,,No,,,Nikhil Rao,nikhil.rao.262@rediffmail.com,9374160898,Surat,2023-09-28,Free,Google Cloud Fundamentals,Cloud Computing,INS002,Meera Nair,15,Beginner,67,913,Disengaged
CRS008,LRN0090,ENR01332,2024-01-26,2024-04-15,2024-03-31,Completed,100,2024-03-31,68.93,1,5,Yes,65,-15,Manish Iyer,manish.iyer.90@hotmail.com,9917839084,Surat,2022-02-01,Free,Project Management Professional,Business,INS003,Arjun Patel,40,Intermediate,4049,840,Disengaged
CRS053,LRN0460,ENR00559,2024-02-13,2024-05-03,,In Progress,23,2024-03-23,,3,3,No,,,Karan Reddy,karan.reddy.460@outlook.com,9306719855,Pune,2022-02-26,Basic,Supply Chain Management,Business,INS010,Anjali Iyer,40,Intermediate,3268,848,Disengaged
CRS051,LRN0192,ENR00409,2024-01-29,2024-04-18,,In Progress,43,2024-02-15,,1,,No,,,Simran Pillai,simran.pillai.192@rediffmail.com,9560466183,Jaipur,2022-06-23,Premium,MLOps & Model Deployment,AI & ML,INS015,Kiran Desai,40,Beginner,503,885,Disengaged
CRS010,LRN0496,ENR01039,2024-02-18,2024-03-09,2024-03-12,Completed,100,2024-03-12,85.23,1,2,Yes,23,3,Arjun Das,arjun.das.496@rediffmail.com,9648704947,Chandigarh,2023-04-20,Free,UI/UX Design Principles,Design,INS005,Deepak Joshi,10,Beginner,133,859,Disengaged
CRS020,LRN0356,ENR00960,2024-01-31,2024-02-10,,Dropped,13,,,1,2,No,,,Ajay Reddy,ajay.reddy.356@yahoo.com,9574489061,Mumbai,2022-08-09,Premium,SQL & Database Design,Data Science,INS013,Unknown,5,Advanced,8138,,Disengaged
CRS039,LRN0048,ENR01444,2024-03-16,2024-06-04,,In Progress,65,2024-03-20,,1,,No,,,Shreya Chatterjee,shreya.chatterjee.48@rediffmail.com,9919058651,Surat,2022-12-16,Free,Transformer Models & LLMs,AI & ML,INS008,Kavita Reddy,40,Advanced,12938,851,Disengaged
CRS027,LRN0203,ENR00311,2024-02-12,2024-03-13,,Not Started,0,,,1,,No,,,Suresh Shah,suresh.shah.203@hotmail.com,9123828258,Ahmedabad,2022-08-26,Premium,Financial Modelling,Business,INS012,Nisha Agarwal,15,Advanced,6347,,Disengaged
CRS042,LRN0291,ENR01581,2024-02-28,2024-03-09,,In Progress,37,2024-03-29,,1,,No,,,Manish Bose,manish.bose.291@outlook.com,9561100225,Ahmedabad,2023-09-29,Free,Operations Management,Business,INS001,Unknown,5,Advanced,6117,842,Disengaged
CRS002,LRN0400,ENR00969,2024-03-05,2024-03-25,,In Progress,33,2024-03-21,,1,,No,,,Ravi Desai,ravi.desai.400@gmail.com,9554384046,Jaipur,2022-10-14,Free,Machine Learning Fundamentals,AI & ML,INS006,Priya Singh,10,Beginner,223,850,Disengaged
CRS037,LRN0066,ENR00658,2024-03-05,2024-04-14,2024-03-29,Completed,100,2024-03-29,45.64,1,4,No,24,-16,Ananya Kapoor,ananya.kapoor.66@outlook.com,9680876038,Lucknow,2023-05-26,Basic,Data Engineering with Spark,Data Science,INS004,Sunita Rao,20,Advanced,14534,842,Disengaged
CRS056,LRN0280,ENR01240,2024-01-03,2024-03-03,,Not Started,0,,,1,,No,,,Sachin Kumar,sachin.kumar.280@hotmail.com,9684602235,Lucknow,2023-04-14,Free,NoSQL & MongoDB,Data Science,INS007,Vikas Mehta,30,Advanced,9660,,Disengaged
CRS060,LRN0491,ENR00549,2024-01-29,2024-02-28,,In Progress,90,2024-03-05,,1,,No,,,Megha Kapoor,megha.kapoor.491@rediffmail.com,9929751702,Delhi,2022-11-12,Free,Bayesian Statistics,Data Science,INS006,Unknown,15,Intermediate,1231,866,Disengaged
CRS057,LRN0454,ENR01417,2024-03-17,2024-03-27,2024-03-22,Completed,100,2024-03-22,71.47,1,4,Yes,5,-5,Suresh Desai,suresh.desai.454@rediffmail.com,9258001061,Delhi,2023-12-03,Basic,Microservices Architecture,Cloud Computing,INS006,Priya Singh,5,Beginner,604,849,Disengaged
CRS009,LRN0385,ENR00647,2024-01-17,2024-02-06,,In Progress,21,2024-01-23,,1,,No,,,Vijay Pillai,vijay.pillai.385@rediffmail.com,9755855665,Hyderabad,2023-07-31,Basic,Digital Marketing Strategy,Business,INS004,Sunita Rao,10,Advanced,8712,908,Disengaged
CRS037,LRN0038,ENR00984,2024-01-22,2024-03-02,2024-03-05,Completed,100,2024-03-05,67.74,1,2,Yes,43,3,Ajay Verma,ajay.verma.38@rediffmail.com,9083172788,Kolkata,2023-03-30,Basic,Data Engineering with Spark,Data Science,INS004,Sunita Rao,20,Advanced,14534,866,Disengaged
CRS004,LRN0201,ENR01287,2024-03-11,2024-05-10,,Dropped,28,2024-03-22,,3,,No,,,Komal Jain,komal.jain.201@gmail.com,9825071461,Bhopal,2022-05-26,Basic,React.js Complete Guide,Web Development,INS014,Pooja Mishra,30,Advanced,6867,849,Disengaged
CRS012,LRN0281,ENR00009,2024-01-03,2024-02-12,,In Progress,33,2024-03-09,,1,,No,,,Arjun Kapoor,arjun.kapoor.281@yahoo.com,9175250074,Indore,2022-06-22,Basic,Motion Graphics & Animation,Design,INS013,Manish Verma,20,Beginner,201,862,Disengaged
CRS024,LRN0419,ENR00874,2024-02-26,2024-03-27,,In Progress,67,2024-03-08,,2,,No,,,Ajay Singh,ajay.singh.419@rediffmail.com,9794695489,Kolkata,2022-05-13,Basic,Computer Vision,AI & ML,INS003,Arjun Patel,15,Intermediate,1877,863,Disengaged
CRS046,LRN0045,ENR00476,2024-02-04,2024-03-15,2024-03-16,Completed,100,2024-03-16,55.82,1,1,No,41,1,Priya Nair,priya.nair.45@yahoo.com,9080531003,Bhopal,2022-01-21,Basic,Terraform Infrastructure,Cloud Computing,INS013,Manish Verma,20,Beginner,300,855,Disengaged
CRS008,LRN0368,ENR00328,2024-02-25,2024-05-15,2024-03-31,Completed,100,2024-03-31,73.81,3,1,Yes,35,-45,Ritika Chauhan,ritika.chauhan.368@hotmail.com,9846312241,Lucknow,2023-04-09,Free,Project Management Professional,Business,INS003,Arjun Patel,40,Intermediate,4049,840,Disengaged
CRS040,LRN0032,ENR00609,2024-02-29,2024-03-30,,In Progress,54,2024-03-04,,1,,No,,,Simran Agarwal,simran.agarwal.32@outlook.com,9556981693,Mumbai,2023-12-27,Basic,TypeScript Advanced,Web Development,INS009,Suresh Gupta,15,Beginner,786,867,Disengaged
CRS025,LRN0106,ENR01749,2024-02-21,2024-04-01,2024-03-15,Completed,100,2024-03-15,49.34,1,5,No,23,-17,Karan Joshi,karan.joshi.106@yahoo.com,9779979955,Ahmedabad,2022-03-11,Basic,Vue.js & Nuxt Development,Web Development,INS004,Sunita Rao,20,Beginner,779,856,Disengaged
CRS049,LRN0267,ENR00243,2024-02-04,2024-03-15,,Not Started,0,,,1,,No,,,Sunita Gupta,sunita.gupta.267@outlook.com,9653074505,Chennai,2022-10-15,Premium,Unity Game Development,Mobile Development,INS007,Vikas Mehta,20,Intermediate,2541,,Disengaged
CRS030,LRN0261,ENR01763,2024-02-04,2024-04-04,,Dropped,22,2024-02-16,,1,,No,,,Sneha Singh,sneha.singh.261@hotmail.com,9586938068,Jaipur,2023-12-05,Premium,3D Modelling with Blender,Design,INS004,Sunita Rao,30,Intermediate,4503,884,Disengaged
CRS022,LRN0146,ENR01072,2024-01-03,2024-01-23,,In Progress,18,2024-03-23,,1,,No,,,Sunita Pandey,sunita.pandey.146@gmail.com,9585239868,Mumbai,2022-02-09,Free,Statistics for Data Science,Data Science,INS015,Kiran Desai,10,Advanced,12777,848,Disengaged
CRS059,LRN0329,ENR00442,2024-01-16,2024-04-05,,Dropped,6,2024-01-25,,1,1,No,,,Mohit Yadav,mohit.yadav.329@hotmail.com,9145303856,Ahmedabad,2022-02-17,Free,Wearable App Development,Mobile Development,INS001,Rajiv Sharma,40,Intermediate,1398,906,Disengaged
CRS056,LRN0162,ENR00816,2024-01-01,2024-03-01,,Not Started,0,,,1,,No,,,Ananya Verma,ananya.verma.162@yahoo.com,9426841459,Hyderabad,2022-05-17,Basic,NoSQL & MongoDB,Data Science,INS007,Vikas Mehta,30,Advanced,9660,,Disengaged
CRS050,LRN0073,ENR00378,2024-01-21,2024-01-31,,Not Started,0,,,1,,No,,,Neha Agarwal,neha.agarwal.73@rediffmail.com,9217459615,Pune,2022-11-21,Basic,Scala for Big Data,Data Science,INS008,Kavita Reddy,5,Beginner,181,,Disengaged
CRS001,LRN0180,ENR01940,2024-01-14,2024-02-13,,In Progress,61,2024-02-28,,1,,No,,,Mohit Malhotra,mohit.malhotra.180@rediffmail.com,9772522872,Surat,2022-03-02,Basic,Python for Data Science,Data Science,INS009,Suresh Gupta,15,Intermediate,2986,872,Disengaged
CRS043,LRN0192,ENR00950,2024-02-17,2024-05-07,,Dropped,9,2024-02-25,,1,,No,,,Simran Pillai,simran.pillai.192@rediffmail.com,9560466183,Jaipur,2022-06-23,Premium,Leadership & Communication,Business,INS008,Kavita Reddy,40,Beginner,995,875,Disengaged
CRS036,LRN0473,ENR00034,2024-01-30,2024-02-19,,Not Started,0,,,3,,No,,,Pooja Malhotra,pooja.malhotra.473@outlook.com,9799563531,Hyderabad,2022-04-11,Free,Advanced Python OOP,Data Science,INS006,Priya Singh,10,Advanced,7011,,Disengaged
CRS028,LRN0456,ENR00571,2024-03-04,2024-04-13,2024-03-31,Completed,100,2024-03-31,52.52,1,1,No,27,-13,Simran Patel,simran.patel.456@hotmail.com,9692124471,Chennai,2023-03-14,Premium,Entrepreneurship 101,Business,INS006,Priya Singh,20,Beginner,394,840,Disengaged
CRS006,LRN0238,ENR01330,2024-01-26,2024-02-05,,In Progress,67,2024-03-18,,1,2,No,,,Divya Kapoor,divya.kapoor.238@gmail.com,9912127756,Jaipur,2023-01-02,Enterprise,HTML & CSS Mastery,Web Development,INS015,Unknown,5,Intermediate,2276,853,Disengaged
CRS056,LRN0043,ENR00772,2024-03-05,2024-05-04,2024-03-31,Completed,100,2024-03-31,55.72,2,2,No,26,-34,Sunita Malhotra,sunita.malhotra.43@gmail.com,9272980699,Delhi,2023-10-21,Basic,NoSQL & MongoDB,Data Science,INS007,Vikas Mehta,30,Advanced,9660,840,Disengaged
CRS014,LRN0456,ENR01672,2024-03-05,2024-04-04,,In Progress,36,2024-03-17,,1,,No,,,Simran Patel,simran.patel.456@hotmail.com,9692124471,Chennai,2023-03-14,Premium,Google Cloud Fundamentals,Cloud Computing,INS002,Meera Nair,15,Beginner,67,854,Disengaged
CRS025,LRN0129,ENR00510,2024-02-15,2024-03-26,2024-03-31,Completed,100,2024-03-31,53.68,1,5,No,45,5,Rohan Singh,rohan.singh.129@yahoo.com,9658202970,Delhi,2022-08-30,Premium,Vue.js & Nuxt Development,Web Development,INS004,Sunita Rao,20,Beginner,779,840,Disengaged
CRS033,LRN0396,ENR01200,2024-02-09,2024-03-20,,In Progress,34,2024-03-30,,3,,No,,,Suresh Mehta,suresh.mehta.396@yahoo.com,9833884879,Chandigarh,2023-12-17,Premium,Penetration Testing,Cybersecurity,INS007,Vikas Mehta,20,Advanced,6392,841,Disengaged
CRS059,LRN0231,ENR00039,2024-02-01,2024-04-21,2024-03-31,Completed,100,2024-03-31,80.6,1,4,Yes,59,-21,Ananya Yadav,ananya.yadav.231@yahoo.com,9800030756,Bengaluru,2022-02-06,Basic,Wearable App Development,Mobile Development,INS001,Rajiv Sharma,40,Intermediate,1398,840,Disengaged
CRS055,LRN0269,ENR00836,2024-01-23,2024-02-02,,In Progress,37,2024-01-28,,1,,No,,,Geeta Malhotra,geeta.malhotra.269@hotmail.com,9785082148,Bengaluru,2023-06-21,Premium,Motion UI Design,Design,INS009,Suresh Gupta,5,Intermediate,3026,903,Disengaged
CRS050,LRN0387,ENR01917,2024-02-01,2024-02-11,2024-02-04,Completed,100,2024-02-04,61.2,1,2,Yes,3,-7,Shreya Sharma,shreya.sharma.387@rediffmail.com,9433504888,Lucknow,2022-06-08,Free,Scala for Big Data,Data Science,INS008,Kavita Reddy,5,Beginner,181,896,Disengaged
CRS015,LRN0368,ENR00542,2024-01-08,2024-01-18,,Not Started,0,,,3,,No,,,Ritika Chauhan,ritika.chauhan.368@hotmail.com,9846312241,Lucknow,2023-04-09,Free,Azure Data Engineering,Cloud Computing,INS013,Manish Verma,5,Beginner,942,,Disengaged
CRS033,LRN0477,ENR01378,2024-02-18,2024-03-29,,In Progress,51,2024-02-23,,1,,No,,,Shalini Mishra,shalini.mishra.477@yahoo.com,9063356939,Lucknow,2022-01-06,Basic,Penetration Testing,Cybersecurity,INS007,Vikas Mehta,20,Advanced,6392,877,Disengaged
CRS055,LRN0309,ENR01158,2024-03-12,2024-03-22,,In Progress,12,2024-03-23,,1,,No,,,Simran Mehta,simran.mehta.309@hotmail.com,9347212281,Mumbai,2023-03-15,Free,Motion UI Design,Design,INS009,Suresh Gupta,5,Intermediate,3026,848,Disengaged
CRS012,LRN0137,ENR01541,2024-02-19,2024-03-30,2024-03-31,Completed,100,2024-03-31,60.73,3,3,Yes,41,1,Varun Pandey,varun.pandey.137@rediffmail.com,9841438424,Jaipur,2022-04-06,Basic,Motion Graphics & Animation,Design,INS013,Manish Verma,20,Beginner,201,840,Disengaged
CRS052,LRN0249,ENR01587,2024-02-18,2024-05-08,2024-03-20,Completed,100,2024-03-20,75.97,1,3,Yes,31,-49,Ajay Nair,ajay.nair.249@gmail.com,9059325250,Bengaluru,2023-08-24,Premium,Svelte & SvelteKit,Web Development,INS005,Deepak Joshi,40,Intermediate,4129,851,Disengaged
CRS051,LRN0479,ENR00260,2024-01-17,2024-04-06,,In Progress,23,2024-02-14,,1,,No,,,Aarav Jain,aarav.jain.479@outlook.com,9632543107,Bengaluru,2023-12-22,Basic,MLOps & Model Deployment,AI & ML,INS015,Kiran Desai,40,Beginner,503,886,Disengaged
CRS025,LRN0161,ENR01151,2024-01-15,2024-02-24,,Dropped,18,2024-01-23,,1,,No,,,Aarav Mishra,aarav.mishra.161@outlook.com,9637454990,Surat,2023-01-04,Premium,Vue.js & Nuxt Development,Web Development,INS004,Sunita Rao,20,Beginner,779,908,Disengaged
CRS042,LRN0184,ENR00953,2024-02-29,2024-03-10,,In Progress,15,2024-03-10,,1,,No,,,Ritika Bose,ritika.bose.184@gmail.com,9615679334,Surat,2023-10-28,Premium,Operations Management,Business,INS001,Unknown,5,Advanced,6117,861,Disengaged
CRS004,LRN0485,ENR01619,2024-01-21,2024-03-21,2024-03-27,Completed,100,2024-03-27,78.52,1,4,Yes,66,6,Karan Kumar,karan.kumar.485@outlook.com,9241272380,Pune,2023-11-30,Basic,React.js Complete Guide,Web Development,INS014,Pooja Mishra,30,Advanced,6867,844,Disengaged
CRS017,LRN0169,ENR00179,2024-02-08,2024-02-28,,Dropped,17,2024-02-20,,1,,No,,,Vijay Agarwal,vijay.agarwal.169@gmail.com,9863375243,Mumbai,2023-11-08,Basic,Network Security Essentials,Cybersecurity,INS002,Meera Nair,10,Advanced,14498,880,Disengaged
CRS003,LRN0481,ENR01188,2024-01-25,2024-02-14,,Dropped,33,2024-01-25,,2,,No,,,Ritika Jain,ritika.jain.481@outlook.com,9989319508,Mumbai,2022-04-24,Basic,Deep Learning with TensorFlow,AI & ML,INS004,Sunita Rao,10,Advanced,13612,906,Disengaged
CRS014,LRN0345,ENR01778,2024-01-23,2024-02-22,,In Progress,78,2024-02-05,,2,2,No,,,Siddharth Iyer,siddharth.iyer.345@outlook.com,9011848955,Hyderabad,2023-09-13,Enterprise,Google Cloud Fundamentals,Cloud Computing,INS002,Meera Nair,15,Beginner,67,895,Disengaged
CRS036,LRN0493,ENR01564,2024-03-12,2024-04-01,,In Progress,21,2024-03-17,,3,,No,,,Sachin Gupta,sachin.gupta.493@outlook.com,9562656504,Kolkata,2022-11-12,Enterprise,Advanced Python OOP,Data Science,INS006,Priya Singh,10,Advanced,7011,854,Disengaged
CRS055,LRN0256,ENR00797,2024-01-12,2024-01-22,2024-01-26,Completed,100,2024-01-26,74.6,2,2,Yes,14,4,Rahul Banerjee,rahul.banerjee.256@gmail.com,9621815997,Pune,2023-11-01,Free,Motion UI Design,Design,INS009,Suresh Gupta,5,Intermediate,3026,905,Disengaged
CRS033,LRN0395,ENR01975,2024-02-27,2024-04-07,,In Progress,65,2024-03-30,,1,,No,,,Manish Patel,manish.patel.395@gmail.com,9110392405,Chennai,2023-04-06,Basic,Penetration Testing,Cybersecurity,INS007,Vikas Mehta,20,Advanced,6392,841,Disengaged
CRS049,LRN0230,ENR01620,2024-02-13,2024-03-24,,Dropped,10,2024-02-25,,1,,No,,,Karan Nair,karan.nair.230@outlook.com,9785079252,Indore,2022-04-16,Premium,Unity Game Development,Mobile Development,INS007,Vikas Mehta,20,Intermediate,2541,875,Disengaged
CRS013,LRN0172,ENR01535,2024-02-16,2024-05-06,,Not Started,0,,,1,,No,,,Ajay Yadav,ajay.yadav.172@hotmail.com,9644089268,Mumbai,2022-12-19,Enterprise,AWS Solutions Architect,Cloud Computing,INS013,Manish Verma,40,Advanced,12685,,Disengaged
CRS049,LRN0222,ENR01038,2024-03-06,2024-04-15,2024-03-31,Completed,100,,75.14,1,5,Yes,25,-15,Neha Mukherjee,neha.mukherjee.222@hotmail.com,9697311219,Kolkata,2023-03-16,Basic,Unity Game Development,Mobile Development,INS007,Vikas Mehta,20,Intermediate,2541,,Disengaged
CRS048,LRN0011,ENR01667,2024-01-22,2024-02-01,,Dropped,0,2024-01-22,,1,,No,,,Arjun Iyer,arjun.iyer.11@rediffmail.com,9148932528,Mumbai,2023-09-06,Basic,OSINT & Threat Intelligence,Cybersecurity,INS009,Suresh Gupta,5,Beginner,440,909,Disengaged
CRS048,LRN0300,ENR00020,2024-02-19,2024-02-29,,Dropped,15,2024-03-01,,2,,No,,,Megha Reddy,megha.reddy.300@outlook.com,9851027261,Lucknow,2022-07-20,Free,OSINT & Threat Intelligence,Cybersecurity,INS009,Suresh Gupta,5,Beginner,440,870,Disengaged
CRS025,LRN0176,ENR01634,2024-02-20,2024-03-31,,Dropped,16,2024-02-24,,2,,No,,,Komal Malhotra,komal.malhotra.176@gmail.com,9837354033,Chandigarh,2023-05-06,Enterprise,Vue.js & Nuxt Development,Web Development,INS004,Sunita Rao,20,Beginner,779,876,Disengaged
CRS030,LRN0144,ENR00989,2024-02-13,2024-04-13,2024-03-31,Completed,100,2024-03-31,78.29,2,4,Yes,47,-13,Nikhil Chauhan,nikhil.chauhan.144@gmail.com,9801624565,Pune,2022-02-22,Basic,3D Modelling with Blender,Design,INS004,Sunita Rao,30,Intermediate,4503,840,Disengaged
CRS001,LRN0478,ENR01354,2024-03-10,2024-04-09,2024-03-13,Completed,100,2024-03-13,59.27,1,4,No,3,-27,Aditya Gupta,aditya.gupta.478@hotmail.com,9780686717,Hyderabad,2022-03-27,Basic,Python for Data Science,Data Science,INS009,Suresh Gupta,15,Intermediate,2986,858,Disengaged
CRS008,LRN0211,ENR01952,2024-01-02,2024-03-22,,In Progress,43,2024-03-21,,1,4,No,,,Ananya Rao,ananya.rao.211@hotmail.com,9148580783,Delhi,2023-11-01,Premium,Project Management Professional,Business,INS003,Arjun Patel,40,Intermediate,4049,850,Disengaged
CRS055,LRN0433,ENR00543,2024-02-15,2024-02-25,,In Progress,86,2024-02-17,,1,,No,,,Priya Das,priya.das.433@rediffmail.com,9717477332,Chennai,2023-01-08,Basic,Motion UI Design,Design,INS009,Suresh Gupta,5,Intermediate,3026,883,Disengaged
CRS004,LRN0388,ENR00118,2024-03-13,2024-05-12,,In Progress,74,2024-03-28,,2,,No,,,Neha Patel,neha.patel.388@hotmail.com,9459334419,Lucknow,2022-08-11,Premium,React.js Complete Guide,Web Development,INS014,Pooja Mishra,30,Advanced,6867,843,Disengaged
CRS031,LRN0278,ENR01933,2024-03-04,2024-03-14,2024-03-14,Completed,100,2024-03-14,79.87,2,2,Yes,10,0,Arjun Chauhan,arjun.chauhan.278@outlook.com,9172482513,Hyderabad,2022-11-11,Basic,Docker & Kubernetes,Cloud Computing,INS004,Sunita Rao,5,Intermediate,3781,857,Disengaged
CRS014,LRN0355,ENR01955,2024-02-02,2024-03-03,,In Progress,89,2024-02-13,,3,,No,,,Varun Das,varun.das.355@hotmail.com,9143866322,Indore,2022-01-10,Free,Google Cloud Fundamentals,Cloud Computing,INS002,Meera Nair,15,Beginner,67,887,Disengaged
CRS017,LRN0006,ENR00201,2024-01-15,2024-02-04,,Dropped,20,2024-01-17,,1,,No,,,Karan Pillai,karan.pillai.6@outlook.com,9283276483,Bhopal,2022-02-27,Free,Network Security Essentials,Cybersecurity,INS002,Meera Nair,10,Advanced,14498,914,Disengaged
CRS048,LRN0306,ENR00315,2024-01-02,2024-01-12,,In Progress,46,2024-02-08,,1,,No,,,Ajay Kumar,ajay.kumar.306@outlook.com,9062003424,Bengaluru,2022-03-05,Premium,OSINT & Threat Intelligence,Cybersecurity,INS009,Suresh Gupta,5,Beginner,440,892,Disengaged
CRS006,LRN0475,ENR00888,2024-01-24,2024-02-03,2024-01-27,Completed,100,2024-01-27,45.21,1,2,No,3,-7,Divya Verma,divya.verma.475@outlook.com,9354352090,Bengaluru,2022-04-24,Premium,HTML & CSS Mastery,Web Development,INS015,Unknown,5,Intermediate,2276,904,Disengaged
CRS008,LRN0075,ENR01118,2024-02-04,2024-04-24,,Dropped,16,2024-02-12,,1,,No,,,Sneha Verma,sneha.verma.75@hotmail.com,9240050455,Bengaluru,2022-09-08,Basic,Project Management Professional,Business,INS003,Arjun Patel,40,Intermediate,4049,888,Disengaged
CRS007,LRN0001,ENR00237,2024-01-09,2024-02-18,,Dropped,33,2024-01-15,,1,,No,,,Ananya Sharma,ananya.sharma.1@gmail.com,9433218196,Mumbai,2022-04-06,Free,Business Analytics Essentials,Business,INS003,Arjun Patel,20,Advanced,10604,916,Disengaged
CRS008,LRN0233,ENR01317,2024-01-19,2024-04-08,2024-03-08,Completed,100,2024-03-08,96.43,1,5,Yes,49,-31,Ajay Gupta,ajay.gupta.233@gmail.com,9617445187,Kolkata,2022-07-25,Free,Project Management Professional,Business,INS003,Arjun Patel,40,Intermediate,4049,863,Disengaged
CRS006,LRN0448,ENR01397,2024-01-23,2024-02-02,,In Progress,66,2024-03-08,,2,,No,,,Megha Bose,megha.bose.448@outlook.com,9904712814,Bengaluru,2023-09-23,Free,HTML & CSS Mastery,Web Development,INS015,Unknown,5,Intermediate,2276,863,Disengaged
CRS048,LRN0435,ENR00949,2024-01-07,2024-01-17,2024-01-10,Completed,100,2024-01-10,77.89,1,4,Yes,3,-7,Divya Iyer,divya.iyer.435@hotmail.com,9161581487,Lucknow,2023-02-28,Free,OSINT & Threat Intelligence,Cybersecurity,INS009,Suresh Gupta,5,Beginner,440,921,Disengaged
CRS040,LRN0035,ENR01519,2024-02-19,2024-03-20,2024-02-23,Completed,100,2024-02-23,76.21,2,2,Yes,4,-26,Shreya Chauhan,shreya.chauhan.35@rediffmail.com,9369957773,Ahmedabad,2022-06-23,Premium,TypeScript Advanced,Web Development,INS009,Suresh Gupta,15,Beginner,786,877,Disengaged
CRS025,LRN0496,ENR00858,2024-02-02,2024-03-13,,Dropped,1,,,1,,No,,,Arjun Das,arjun.das.496@rediffmail.com,9648704947,Chandigarh,2023-04-20,Free,Vue.js & Nuxt Development,Web Development,INS004,Sunita Rao,20,Beginner,779,,Disengaged
CRS018,LRN0487,ENR01403,2024-01-07,2024-02-06,2024-01-29,Completed,100,2024-01-29,59.0,1,3,No,22,-8,Amit Nair,amit.nair.487@yahoo.com,9988774924,Indore,2022-09-24,Free,Flutter App Development,Mobile Development,INS006,Priya Singh,15,Beginner,875,902,Disengaged
CRS050,LRN0046,ENR01841,2024-01-16,2024-01-26,2024-02-02,Completed,100,2024-02-02,78.69,1,5,Yes,17,7,Pooja Patel,pooja.patel.46@rediffmail.com,9719374529,Chandigarh,2022-04-28,Premium,Scala for Big Data,Data Science,INS008,Kavita Reddy,5,Beginner,181,898,Disengaged
CRS020,LRN0302,ENR00731,2024-03-14,2024-03-24,2024-03-17,Completed,100,2024-03-17,69.1,1,5,Yes,3,-7,Aarav Iyer,aarav.iyer.302@yahoo.com,9086978292,Delhi,2023-02-01,Premium,SQL & Database Design,Data Science,INS013,Unknown,5,Advanced,8138,854,Disengaged
CRS046,LRN0381,ENR01806,2024-02-21,2024-04-01,,In Progress,24,2024-03-29,,1,5,No,,,Deepak Desai,deepak.desai.381@gmail.com,9789940539,Mumbai,2022-08-02,Premium,Terraform Infrastructure,Cloud Computing,INS013,Manish Verma,20,Beginner,300,842,Disengaged
CRS026,LRN0147,ENR00385,2024-02-22,2024-03-03,,Dropped,8,2024-03-07,,1,,No,,,Suresh Bose,suresh.bose.147@outlook.com,9787298259,Bengaluru,2023-02-07,Enterprise,Full Stack Django,Web Development,INS008,Kavita Reddy,5,Advanced,10918,864,Disengaged
CRS022,LRN0006,ENR01782,2024-02-29,2024-03-20,,In Progress,13,2024-03-20,,1,,No,,,Karan Pillai,karan.pillai.6@outlook.com,9283276483,Bhopal,2022-02-27,Free,Statistics for Data Science,Data Science,INS015,Kiran Desai,10,Advanced,12777,851,Disengaged
CRS059,LRN0486,ENR00974,2024-01-15,2024-04-04,2024-01-27,Completed,100,2024-01-27,52.26,3,5,No,12,-68,Ravi Agarwal,ravi.agarwal.486@hotmail.com,9704310385,Lucknow,2022-12-18,Premium,Wearable App Development,Mobile Development,INS001,Rajiv Sharma,40,Intermediate,1398,904,Disengaged
CRS004,LRN0209,ENR00985,2024-02-25,2024-04-25,2024-03-31,Completed,100,2024-03-31,87.93,1,3,Yes,35,-25,Aarav Nair,aarav.nair.209@hotmail.com,9236887676,Ahmedabad,2022-06-21,Free,React.js Complete Guide,Web Development,INS014,Pooja Mishra,30,Advanced,6867,840,Disengaged
CRS049,LRN0291,ENR00599,2024-01-30,2024-03-10,2024-02-25,Completed,100,2024-02-25,58.86,1,3,No,26,-14,Manish Bose,manish.bose.291@outlook.com,9561100225,Ahmedabad,2023-09-29,Free,Unity Game Development,Mobile Development,INS007,Vikas Mehta,20,Intermediate,2541,875,Disengaged
CRS001,LRN0344,ENR00484,2024-02-29,2024-03-30,,Dropped,33,2024-03-13,,1,1,No,,,Varun Pillai,varun.pillai.344@outlook.com,9205302146,Surat,2023-02-09,Basic,Python for Data Science,Data Science,INS009,Suresh Gupta,15,Intermediate,2986,858,Disengaged
CRS023,LRN0481,ENR01950,2024-01-02,2024-03-22,2024-02-07,Completed,100,2024-02-07,57.55,1,3,No,36,-44,Ritika Jain,ritika.jain.481@outlook.com,9989319508,Mumbai,2022-04-24,Basic,NLP with Python,AI & ML,INS006,Priya Singh,40,Advanced,6758,893,Disengaged
CRS027,LRN0483,ENR00396,2024-03-02,2024-04-01,,In Progress,30,2024-03-24,,3,,No,,,Komal Chatterjee,komal.chatterjee.483@gmail.com,9335548640,Kolkata,2022-12-20,Basic,Financial Modelling,Business,INS012,Nisha Agarwal,15,Advanced,6347,847,Disengaged
CRS041,LRN0399,ENR01712,2024-01-19,2024-02-18,,In Progress,73,2024-03-18,,1,,No,,,Vijay Singh,vijay.singh.399@outlook.com,9238780038,Kolkata,2023-05-17,Basic,GraphQL APIs,Web Development,INS002,Meera Nair,15,Intermediate,1945,853,Disengaged
CRS048,LRN0029,ENR00361,2024-01-18,2024-01-28,2024-02-04,Completed,100,2024-02-04,83.72,1,1,Yes,17,7,Pooja Chatterjee,pooja.chatterjee.29@yahoo.com,9226025634,Indore,2023-12-20,Free,OSINT & Threat Intelligence,Cybersecurity,INS009,Suresh Gupta,5,Beginner,440,896,Disengaged
CRS006,LRN0360,ENR00752,2024-02-19,2024-02-29,,Dropped,17,,,1,,No,,,Ritika Pillai,ritika.pillai.360@yahoo.com,9647598762,Bhopal,2022-01-24,Free,HTML & CSS Mastery,Web Development,INS015,Unknown,5,Intermediate,2276,,Disengaged
CRS003,LRN0333,ENR01372,2024-01-25,2024-02-14,,In Progress,13,2024-02-29,,1,,No,,,Geeta Sharma,geeta.sharma.333@rediffmail.com,9302992280,Bengaluru,2022-02-27,Free,Deep Learning with TensorFlow,AI & ML,INS004,Sunita Rao,10,Advanced,13612,871,Disengaged
CRS035,LRN0325,ENR01147,2024-01-11,2024-03-31,,Dropped,29,2024-01-16,,1,,No,,,Anita Pandey,anita.pandey.325@rediffmail.com,9478129142,Hyderabad,2022-09-27,Premium,React Native Cross-Platform,Mobile Development,INS002,Meera Nair,40,Beginner,66,915,Disengaged
CRS027,LRN0257,ENR01601,2024-01-17,2024-02-16,,In Progress,37,2024-03-18,,3,,No,,,Rekha Joshi,rekha.joshi.257@outlook.com,9015336884,Chennai,2022-09-01,Free,Financial Modelling,Business,INS012,Nisha Agarwal,15,Advanced,6347,853,Disengaged
CRS022,LRN0100,ENR00851,2024-02-26,2024-03-17,2024-03-20,Completed,100,2024-03-20,48.82,1,5,No,23,3,Ritika Mehta,ritika.mehta.100@outlook.com,9815614978,Mumbai,2022-08-14,Basic,Statistics for Data Science,Data Science,INS015,Kiran Desai,10,Advanced,12777,851,Disengaged
CRS006,LRN0447,ENR01019,2024-01-07,2024-01-17,,In Progress,46,2024-01-29,,1,,No,,,Suresh Agarwal,suresh.agarwal.447@gmail.com,9544209494,Surat,2023-04-30,Basic,HTML & CSS Mastery,Web Development,INS015,Unknown,5,Intermediate,2276,902,Disengaged
CRS052,LRN0435,ENR00262,2024-01-05,2024-03-25,,In Progress,74,2024-02-13,,3,,No,,,Divya Iyer,divya.iyer.435@hotmail.com,9161581487,Lucknow,2023-02-28,Free,Svelte & SvelteKit,Web Development,INS005,Deepak Joshi,40,Intermediate,4129,887,Disengaged
CRS021,LRN0346,ENR01932,2024-03-10,2024-03-30,,Dropped,11,2024-03-19,,1,,No,,,Arjun Agarwal,arjun.agarwal.346@outlook.com,9818184518,Jaipur,2023-08-12,Free,Power BI & Tableau,Data Science,INS005,Deepak Joshi,10,Advanced,6616,852,Disengaged
CRS043,LRN0119,ENR01614,2024-02-27,2024-05-17,,Dropped,32,2024-03-04,,1,,No,,,Priya Pandey,priya.pandey.119@hotmail.com,9305152204,Chandigarh,2022-05-23,Premium,Leadership & Communication,Business,INS008,Kavita Reddy,40,Beginner,995,867,Disengaged
CRS058,LRN0003,ENR00134,2024-01-02,2024-02-01,,In Progress,81,2024-02-23,,2,,No,,,Suresh Mishra,suresh.mishra.3@rediffmail.com,9235116155,Chennai,2022-02-14,Premium,Zero Trust Security,Cybersecurity,INS014,Pooja Mishra,15,Intermediate,4039,877,Disengaged
CRS035,LRN0426,ENR00304,2024-01-16,2024-04-05,2024-03-12,Completed,100,2024-03-12,61.14,1,5,Yes,56,-24,Anita Das,anita.das.426@gmail.com,9438421503,Ahmedabad,2023-06-03,Free,React Native Cross-Platform,Mobile Development,INS002,Meera Nair,40,Beginner,66,859,Disengaged
CRS053,LRN0087,ENR01408,2024-01-10,2024-03-30,,Dropped,0,2024-01-15,,1,1,No,,,Ishaan Shah,ishaan.shah.87@rediffmail.com,9900532931,Hyderabad,2023-08-24,Free,Supply Chain Management,Business,INS010,Anjali Iyer,40,Intermediate,3268,916,Disengaged
CRS040,LRN0353,ENR00445,2024-02-18,2024-03-19,2024-02-23,Completed,100,2024-02-23,95.87,1,1,Yes,5,-25,Aarav Sharma,aarav.sharma.353@rediffmail.com,9369155942,Chennai,2022-08-31,Free,TypeScript Advanced,Web Development,INS009,Suresh Gupta,15,Beginner,786,877,Disengaged
CRS044,LRN0128,ENR00295,2024-02-23,2024-05-13,,Dropped,28,2024-02-25,,3,,No,,,Megha Chauhan,megha.chauhan.128@rediffmail.com,9796275705,Pune,2022-10-09,Basic,Adobe Illustrator Mastery,Design,INS010,Anjali Iyer,40,Intermediate,2240,875,Disengaged
CRS039,LRN0358,ENR01905,2024-01-29,2024-04-18,,Dropped,8,2024-02-01,,1,,No,,,Vijay Joshi,vijay.joshi.358@outlook.com,9455877169,Ahmedabad,2023-10-09,Enterprise,Transformer Models & LLMs,AI & ML,INS008,Kavita Reddy,40,Advanced,12938,899,Disengaged
CRS013,LRN0039,ENR01675,2024-01-20,2024-04-09,,In Progress,35,2024-02-09,,2,,No,,,Sachin Agarwal,sachin.agarwal.39@hotmail.com,9872774348,Surat,2022-09-02,Free,AWS Solutions Architect,Cloud Computing,INS013,Manish Verma,40,Advanced,12685,891,Disengaged
CRS035,LRN0392,ENR01494,2024-03-12,2024-05-31,,Not Started,0,,,1,,No,,,Sunita Mishra,sunita.mishra.392@hotmail.com,9168622783,Pune,2023-10-30,Basic,React Native Cross-Platform,Mobile Development,INS002,Meera Nair,40,Beginner,66,,Disengaged
CRS023,LRN0068,ENR00883,2024-02-03,2024-04-23,,In Progress,46,2024-03-05,,1,,No,,,Aarav Reddy,aarav.reddy.68@rediffmail.com,9613171274,Chandigarh,2022-10-07,Basic,NLP with Python,AI & ML,INS006,Priya Singh,40,Advanced,6758,866,Disengaged
CRS021,LRN0175,ENR00676,2024-02-14,2024-03-05,,Dropped,29,2024-02-16,,2,,No,,,Priya Mukherjee,priya.mukherjee.175@rediffmail.com,9751830469,Mumbai,2022-03-16,Free,Power BI & Tableau,Data Science,INS005,Deepak Joshi,10,Advanced,6616,884,Disengaged
CRS058,LRN0499,ENR00234,2024-01-11,2024-02-10,,In Progress,64,2024-02-04,,1,,No,,,Divya Pandey,divya.pandey.499@rediffmail.com,9204565044,Surat,2022-03-20,Basic,Zero Trust Security,Cybersecurity,INS014,Pooja Mishra,15,Intermediate,4039,896,Disengaged
CRS049,LRN0139,ENR01790,2024-01-11,2024-02-20,2024-02-21,Completed,100,2024-02-21,95.26,1,1,Yes,41,1,Kavya Shah,kavya.shah.139@hotmail.com,9396907844,Hyderabad,2023-12-03,Basic,Unity Game Development,Mobile Development,INS007,Vikas Mehta,20,Intermediate,2541,879,Disengaged
CRS057,LRN0166,ENR01983,2024-01-27,2024-02-06,,Dropped,29,2024-01-30,,1,,No,,,Shalini Desai,shalini.desai.166@hotmail.com,9406403910,Kolkata,2023-12-19,Free,Microservices Architecture,Cloud Computing,INS006,Priya Singh,5,Beginner,604,901,Disengaged
CRS046,LRN0341,ENR01911,2024-01-14,2024-02-23,,In Progress,86,,,1,,No,,,Arjun Pandey,arjun.pandey.341@gmail.com,9887449562,Chandigarh,2022-08-24,Basic,Terraform Infrastructure,Cloud Computing,INS013,Manish Verma,20,Beginner,300,,Disengaged
CRS017,LRN0474,ENR01771,2024-01-09,2024-01-29,,In Progress,39,2024-01-30,,2,,No,,,Geeta Chatterjee,geeta.chatterjee.474@yahoo.com,9363179706,Hyderabad,2023-09-17,Basic,Network Security Essentials,Cybersecurity,INS002,Meera Nair,10,Advanced,14498,901,Disengaged
CRS020,LRN0120,ENR01872,2024-03-11,2024-03-21,2024-03-14,Completed,100,2024-03-14,62.92,2,3,Yes,3,-7,Nikhil Verma,nikhil.verma.120@rediffmail.com,9901043289,Pune,2022-04-24,Premium,SQL & Database Design,Data Science,INS013,Unknown,5,Advanced,8138,857,Disengaged
CRS053,LRN0012,ENR01973,2024-02-21,2024-05-11,,In Progress,80,2024-02-28,,2,,No,,,Vivaan Kumar,vivaan.kumar.12@gmail.com,9543039117,Indore,2023-06-30,Premium,Supply Chain Management,Business,INS010,Anjali Iyer,40,Intermediate,3268,872,Disengaged
CRS033,LRN0293,ENR01522,2024-02-20,2024-03-31,2024-02-23,Completed,100,2024-02-23,61.68,1,3,Yes,3,-37,Rahul Kumar,rahul.kumar.293@rediffmail.com,9697972965,Mumbai,2023-12-02,Premium,Penetration Testing,Cybersecurity,INS007,Vikas Mehta,20,Advanced,6392,877,Disengaged
CRS039,LRN0205,ENR01539,2024-01-19,2024-04-08,2024-03-01,Completed,100,2024-03-01,76.66,1,4,Yes,42,-38,Karan Rao,karan.rao.205@hotmail.com,9182553714,Jaipur,2023-10-17,Basic,Transformer Models & LLMs,AI & ML,INS008,Kavita Reddy,40,Advanced,12938,870,Disengaged
CRS001,LRN0437,ENR00917,2024-02-08,2024-03-09,2024-02-12,Completed,100,,61.29,1,4,Yes,4,-26,Nisha Das,nisha.das.437@yahoo.com,9719975817,Chennai,2023-02-20,Free,Python for Data Science,Data Science,INS009,Suresh Gupta,15,Intermediate,2986,,Disengaged
CRS060,LRN0441,ENR01990,2024-01-01,2024-01-31,2024-01-20,Completed,100,2024-01-20,97.46,1,2,Yes,19,-11,Ravi Kumar,ravi.kumar.441@hotmail.com,9403696566,Pune,2023-07-13,Free,Bayesian Statistics,Data Science,INS006,Unknown,15,Intermediate,1231,911,Disengaged
CRS013,LRN0038,ENR01580,2024-03-14,2024-06-02,2024-03-31,Completed,100,2024-03-31,68.65,2,4,Yes,17,-63,Ajay Verma,ajay.verma.38@rediffmail.com,9083172788,Kolkata,2023-03-30,Basic,AWS Solutions Architect,Cloud Computing,INS013,Manish Verma,40,Advanced,12685,840,Disengaged
CRS010,LRN0366,ENR00294,2024-01-17,2024-02-06,2024-01-29,Completed,100,2024-01-29,47.91,1,3,No,12,-8,Mohit Kapoor,mohit.kapoor.366@outlook.com,9740649308,Hyderabad,2023-02-26,Premium,UI/UX Design Principles,Design,INS005,Deepak Joshi,10,Beginner,133,902,Disengaged
CRS001,LRN0097,ENR00248,2024-02-11,2024-03-12,2024-02-29,Completed,100,2024-02-29,93.04,3,3,Yes,18,-12,Reena Pillai,reena.pillai.97@outlook.com,9809402445,Mumbai,2022-07-05,Premium,Python for Data Science,Data Science,INS009,Suresh Gupta,15,Intermediate,2986,871,Disengaged
CRS029,LRN0183,ENR01772,2024-02-29,2024-05-19,2024-03-29,Completed,100,2024-03-29,86.69,1,1,Yes,29,-51,Megha Sharma,megha.sharma.183@rediffmail.com,9862118233,Jaipur,2022-09-16,Premium,Brand Identity Design,Design,INS010,Anjali Iyer,40,Intermediate,4998,842,Disengaged
CRS008,LRN0052,ENR00509,2024-03-04,2024-05-23,2024-03-31,Completed,100,2024-03-31,74.73,1,3,Yes,27,-53,Siddharth Singh,siddharth.singh.52@gmail.com,9367837770,Chennai,2022-08-15,Basic,Project Management Professional,Business,INS003,Arjun Patel,40,Intermediate,4049,840,Disengaged
CRS036,LRN0106,ENR01767,2024-03-01,2024-03-21,,In Progress,55,2024-03-24,,3,,No,,,Karan Joshi,karan.joshi.106@yahoo.com,9779979955,Ahmedabad,2022-03-11,Basic,Advanced Python OOP,Data Science,INS006,Priya Singh,10,Advanced,7011,847,Disengaged
CRS003,LRN0073,ENR01878,2024-02-15,2024-03-06,2024-02-18,Completed,100,2024-02-18,46.5,1,5,No,3,-17,Neha Agarwal,neha.agarwal.73@rediffmail.com,9217459615,Pune,2022-11-21,Basic,Deep Learning with TensorFlow,AI & ML,INS004,Sunita Rao,10,Advanced,13612,882,Disengaged
CRS005,LRN0302,ENR00229,2024-02-22,2024-04-02,,Dropped,7,2024-03-07,,1,,No,,,Aarav Iyer,aarav.iyer.302@yahoo.com,9086978292,Delhi,2023-02-01,Premium,Node.js Backend Development,Web Development,INS007,Vikas Mehta,20,Beginner,119,864,Disengaged
CRS049,LRN0085,ENR01149,2024-03-15,2024-04-24,2024-03-31,Completed,100,2024-03-31,55.47,3,1,No,16,-24,Shalini Pandey,shalini.pandey.85@outlook.com,9869261796,Mumbai,2023-12-08,Basic,Unity Game Development,Mobile Development,INS007,Vikas Mehta,20,Intermediate,2541,840,Disengaged
CRS026,LRN0139,ENR01536,2024-02-19,2024-02-29,,Not Started,0,,,1,,No,,,Kavya Shah,kavya.shah.139@hotmail.com,9396907844,Hyderabad,2023-12-03,Basic,Full Stack Django,Web Development,INS008,Kavita Reddy,5,Advanced,10918,,Disengaged
CRS055,LRN0136,ENR00799,2024-03-03,2024-03-13,2024-03-23,Completed,100,2024-03-23,69.08,1,2,Yes,20,10,Preeti Shah,preeti.shah.136@outlook.com,9922680182,Bengaluru,2022-06-15,Basic,Motion UI Design,Design,INS009,Suresh Gupta,5,Intermediate,3026,848,Disengaged
CRS016,LRN0420,ENR00911,2024-03-03,2024-03-23,,In Progress,12,2024-03-31,,1,,No,,,Mohit Iyer,mohit.iyer.420@gmail.com,9772934301,Ahmedabad,2023-10-03,Premium,Ethical Hacking Basics,Cybersecurity,INS010,Unknown,10,Beginner,686,840,Disengaged
CRS013,LRN0481,ENR01953,2024-01-13,2024-04-02,2024-02-12,Completed,100,2024-02-12,94.5,1,2,Yes,30,-50,Ritika Jain,ritika.jain.481@outlook.com,9989319508,Mumbai,2022-04-24,Basic,AWS Solutions Architect,Cloud Computing,INS013,Manish Verma,40,Advanced,12685,888,Disengaged
CRS054,LRN0092,ENR00818,2024-01-24,2024-03-04,2024-02-19,Completed,100,2024-02-19,85.08,1,1,Yes,26,-14,Komal Reddy,komal.reddy.92@gmail.com,9569847896,Indore,2023-12-20,Free,Product Management,Business,INS010,Anjali Iyer,20,Intermediate,4499,881,Disengaged
CRS040,LRN0468,ENR00240,2024-01-14,2024-02-13,,Dropped,5,2024-01-16,,1,,No,,,Reena Srivastava,reena.srivastava.468@outlook.com,9207100219,Pune,2023-12-12,Premium,TypeScript Advanced,Web Development,INS009,Suresh Gupta,15,Beginner,786,915,Disengaged
CRS057,LRN0093,ENR00556,2024-02-28,2024-03-09,2024-03-02,Completed,100,2024-03-02,68.02,1,4,Yes,3,-7,Preeti Malhotra,preeti.malhotra.93@gmail.com,9367365766,Kolkata,2023-03-14,Basic,Microservices Architecture,Cloud Computing,INS006,Priya Singh,5,Beginner,604,869,Disengaged
CRS034,LRN0201,ENR01738,2024-01-14,2024-02-03,2024-01-22,Completed,100,2024-01-22,80.1,1,5,Yes,8,-12,Komal Jain,komal.jain.201@gmail.com,9825071461,Bhopal,2022-05-26,Basic,Android Development Kotlin,Mobile Development,INS002,Meera Nair,10,Intermediate,3846,909,Disengaged
CRS012,LRN0087,ENR01103,2024-03-13,2024-04-22,,Dropped,1,2024-03-14,,1,,No,,,Ishaan Shah,ishaan.shah.87@rediffmail.com,9900532931,Hyderabad,2023-08-24,Free,Motion Graphics & Animation,Design,INS013,Manish Verma,20,Beginner,201,857,Disengaged
CRS044,LRN0155,ENR01986,2024-03-17,2024-06-05,,In Progress,46,2024-03-18,,1,,No,,,Ritika Mukherjee,ritika.mukherjee.155@rediffmail.com,9842199330,Hyderabad,2023-10-16,Free,Adobe Illustrator Mastery,Design,INS010,Anjali Iyer,40,Intermediate,2240,853,Disengaged
CRS060,LRN0223,ENR00011,2024-03-13,2024-04-12,,Dropped,33,2024-03-13,,1,,No,,,Ritika Shah,ritika.shah.223@yahoo.com,9138999404,Jaipur,2023-09-14,Basic,Bayesian Statistics,Data Science,INS006,Unknown,15,Intermediate,1231,858,Disengaged
CRS047,LRN0312,ENR01801,2024-01-17,2024-03-17,,Dropped,20,2024-01-29,,3,,No,,,Rahul Agarwal,rahul.agarwal.312@outlook.com,9886153355,Chennai,2022-08-12,Enterprise,Cloud Security Best Practices,Cybersecurity,INS008,Kavita Reddy,30,Intermediate,2407,902,Disengaged
CRS042,LRN0136,ENR00177,2024-01-10,2024-01-20,2024-01-13,Completed,100,2024-01-13,61.2,1,5,Yes,3,-7,Preeti Shah,preeti.shah.136@outlook.com,9922680182,Bengaluru,2022-06-15,Basic,Operations Management,Business,INS001,Unknown,5,Advanced,6117,918,Disengaged
CRS056,LRN0251,ENR00463,2024-02-01,2024-04-01,,In Progress,12,2024-02-03,,1,,No,,,Rekha Bose,rekha.bose.251@hotmail.com,9752895392,Chennai,2023-12-07,Free,NoSQL & MongoDB,Data Science,INS007,Vikas Mehta,30,Advanced,9660,897,Disengaged
CRS046,LRN0086,ENR01928,2024-01-14,2024-02-23,2024-02-22,Completed,100,2024-02-22,57.66,1,1,No,39,-1,Anita Verma,anita.verma.86@yahoo.com,9351585064,Delhi,2023-04-11,Free,Terraform Infrastructure,Cloud Computing,INS013,Manish Verma,20,Beginner,300,878,Disengaged
CRS021,LRN0365,ENR00837,2024-01-10,2024-01-30,,Dropped,13,,,1,,No,,,Manish Agarwal,manish.agarwal.365@hotmail.com,9424008254,Jaipur,2022-01-09,Premium,Power BI & Tableau,Data Science,INS005,Deepak Joshi,10,Advanced,6616,,Disengaged
CRS018,LRN0480,ENR00919,2024-02-28,2024-03-29,2024-03-31,Completed,100,2024-03-31,78.36,1,5,Yes,32,2,Shalini Verma,shalini.verma.480@rediffmail.com,9262570165,Mumbai,2022-10-31,Basic,Flutter App Development,Mobile Development,INS006,Priya Singh,15,Beginner,875,840,Disengaged
CRS040,LRN0116,ENR00006,2024-01-12,2024-02-11,,Dropped,6,2024-01-21,,1,,No,,,Nikhil Banerjee,nikhil.banerjee.116@hotmail.com,9359774688,Bengaluru,2022-07-24,Premium,TypeScript Advanced,Web Development,INS009,Suresh Gupta,15,Beginner,786,910,Disengaged
CRS050,LRN0454,ENR01350,2024-03-15,2024-03-25,,In Progress,24,,,1,,No,,,Suresh Desai,suresh.desai.454@rediffmail.com,9258001061,Delhi,2023-12-03,Basic,Scala for Big Data,Data Science,INS008,Kavita Reddy,5,Beginner,181,,Disengaged
CRS002,LRN0069,ENR01117,2024-01-31,2024-02-20,,In Progress,38,2024-02-24,,3,,No,,,Nikhil Nair,nikhil.nair.69@gmail.com,9378263982,Chennai,2023-03-01,Basic,Machine Learning Fundamentals,AI & ML,INS006,Priya Singh,10,Beginner,223,876,Disengaged
CRS009,LRN0122,ENR01275,2024-01-15,2024-02-04,,Dropped,20,2024-01-28,,1,3,No,,,Neha Chauhan,neha.chauhan.122@rediffmail.com,9609539621,Kolkata,2022-03-11,Enterprise,Digital Marketing Strategy,Business,INS004,Sunita Rao,10,Advanced,8712,903,Disengaged
CRS043,LRN0404,ENR00024,2024-01-31,2024-04-20,2024-03-15,Completed,100,2024-03-15,62.01,3,3,Yes,44,-36,Amit Banerjee,amit.banerjee.404@yahoo.com,9664742312,Mumbai,2023-09-19,Basic,Leadership & Communication,Business,INS008,Kavita Reddy,40,Beginner,995,856,Disengaged
CRS056,LRN0124,ENR00786,2024-03-04,2024-05-03,,Dropped,26,2024-03-10,,1,,No,,,Sneha Kapoor,sneha.kapoor.124@hotmail.com,9952058527,Surat,2022-07-06,Premium,NoSQL & MongoDB,Data Science,INS007,Vikas Mehta,30,Advanced,9660,861,Disengaged
CRS011,LRN0031,ENR01320,2024-03-17,2024-03-27,,In Progress,20,,,1,,No,,,Karan Kapoor,karan.kapoor.31@yahoo.com,9458685014,Lucknow,2022-09-29,Free,Figma for Beginners,Design,INS012,Nisha Agarwal,5,Beginner,19,,Disengaged
CRS009,LRN0045,ENR00070,2024-01-18,2024-02-07,2024-01-21,Completed,100,2024-01-21,89.88,1,2,Yes,3,-17,Priya Nair,priya.nair.45@yahoo.com,9080531003,Bhopal,2022-01-21,Basic,Digital Marketing Strategy,Business,INS004,Sunita Rao,10,Advanced,8712,910,Disengaged
CRS010,LRN0366,ENR00625,2024-01-23,2024-02-12,,Dropped,5,,,1,,No,,,Mohit Kapoor,mohit.kapoor.366@outlook.com,9740649308,Hyderabad,2023-02-26,Premium,UI/UX Design Principles,Design,INS005,Deepak Joshi,10,Beginner,133,,Disengaged
CRS014,LRN0100,ENR01654,2024-01-14,2024-02-13,2024-02-12,Completed,100,2024-02-12,86.82,1,3,Yes,29,-1,Ritika Mehta,ritika.mehta.100@outlook.com,9815614978,Mumbai,2022-08-14,Basic,Google Cloud Fundamentals,Cloud Computing,INS002,Meera Nair,15,Beginner,67,888,Disengaged
CRS020,LRN0182,ENR00617,2024-03-07,2024-03-17,2024-03-10,Completed,100,2024-03-10,93.58,2,2,Yes,3,-7,Reena Mukherjee,reena.mukherjee.182@rediffmail.com,9770088600,Chandigarh,2022-10-09,Basic,SQL & Database Design,Data Science,INS013,Unknown,5,Advanced,8138,861,Disengaged
CRS060,LRN0094,ENR01252,2024-03-08,2024-04-07,2024-03-31,Completed,100,2024-03-31,66.67,1,5,Yes,23,-7,Kavya Pandey,kavya.pandey.94@yahoo.com,9271111615,Jaipur,2022-03-03,Basic,Bayesian Statistics,Data Science,INS006,Unknown,15,Intermediate,1231,840,Disengaged
CRS051,LRN0320,ENR01621,2024-01-30,2024-04-19,2024-02-02,Completed,100,2024-02-02,52.39,1,1,No,3,-77,Preeti Chatterjee,preeti.chatterjee.320@rediffmail.com,9821009968,Delhi,2022-11-09,Free,MLOps & Model Deployment,AI & ML,INS015,Kiran Desai,40,Beginner,503,898,Disengaged
CRS031,LRN0288,ENR01209,2024-02-24,2024-03-05,2024-03-11,Completed,100,2024-03-11,93.53,1,5,Yes,16,6,Reena Kumar,reena.kumar.288@yahoo.com,9411739348,Kolkata,2023-12-22,Basic,Docker & Kubernetes,Cloud Computing,INS004,Sunita Rao,5,Intermediate,3781,860,Disengaged
CRS024,LRN0342,ENR01195,2024-02-27,2024-03-28,,In Progress,87,2024-02-28,,2,,No,,,Sunita Bose,sunita.bose.342@hotmail.com,9589026012,Lucknow,2023-03-22,Free,Computer Vision,AI & ML,INS003,Arjun Patel,15,Intermediate,1877,872,Disengaged
CRS049,LRN0182,ENR01166,2024-02-17,2024-03-28,,Dropped,2,2024-03-01,,1,,No,,,Reena Mukherjee,reena.mukherjee.182@rediffmail.com,9770088600,Chandigarh,2022-10-09,Basic,Unity Game Development,Mobile Development,INS007,Vikas Mehta,20,Intermediate,2541,870,Disengaged
CRS023,LRN0251,ENR00636,2024-03-15,2024-06-03,2024-03-31,Completed,100,,73.77,2,2,Yes,16,-64,Rekha Bose,rekha.bose.251@hotmail.com,9752895392,Chennai,2023-12-07,Free,NLP with Python,AI & ML,INS006,Priya Singh,40,Advanced,6758,,Disengaged
CRS044,LRN0466,ENR00079,2024-02-13,2024-05-03,,Not Started,0,,,2,,No,,,Siddharth Agarwal,siddharth.agarwal.466@gmail.com,9565198253,Lucknow,2022-06-27,Basic,Adobe Illustrator Mastery,Design,INS010,Anjali Iyer,40,Intermediate,2240,,Disengaged
CRS053,LRN0098,ENR00842,2024-03-03,2024-05-22,2024-03-06,Completed,100,2024-03-06,79.46,1,4,Yes,3,-77,Sunita Singh,sunita.singh.98@yahoo.com,9201836675,Kolkata,2022-11-16,Premium,Supply Chain Management,Business,INS010,Anjali Iyer,40,Intermediate,3268,865,Disengaged
CRS044,LRN0190,ENR00244,2024-02-13,2024-05-03,,Not Started,0,,,2,,No,,,Priya Mishra,priya.mishra.190@outlook.com,9262655110,Ahmedabad,2023-01-04,Premium,Adobe Illustrator Mastery,Design,INS010,Anjali Iyer,40,Intermediate,2240,,Disengaged
CRS032,LRN0243,ENR01092,2024-03-11,2024-03-21,,Not Started,0,,,1,,No,,,Vivaan Srivastava,vivaan.srivastava.243@gmail.com,9625324472,Lucknow,2023-09-27,Basic,DevOps CI/CD Pipeline,Cloud Computing,INS003,Arjun Patel,5,Advanced,6723,,Disengaged
CRS042,LRN0111,ENR00940,2024-01-25,2024-02-04,,Not Started,0,,,1,,No,,,Karan Tiwari,karan.tiwari.111@rediffmail.com,9186449251,Surat,2022-05-25,Enterprise,Operations Management,Business,INS001,Unknown,5,Advanced,6117,,Disengaged
CRS047,LRN0151,ENR00605,2024-02-04,2024-04-04,,In Progress,57,2024-03-14,,1,,No,,,Ishaan Agarwal,ishaan.agarwal.151@hotmail.com,9897028385,Jaipur,2023-01-21,Basic,Cloud Security Best Practices,Cybersecurity,INS008,Kavita Reddy,30,Intermediate,2407,857,Disengaged
CRS006,LRN0052,ENR01394,2024-02-17,2024-02-27,,Not Started,0,,,2,,No,,,Siddharth Singh,siddharth.singh.52@gmail.com,9367837770,Chennai,2022-08-15,Basic,HTML & CSS Mastery,Web Development,INS015,Unknown,5,Intermediate,2276,,Disengaged
CRS052,LRN0285,ENR01219,2024-01-12,2024-04-01,,Dropped,30,2024-01-19,,2,,No,,,Sunita Sharma,sunita.sharma.285@outlook.com,9332309821,Chandigarh,2023-10-29,Premium,Svelte & SvelteKit,Web Development,INS005,Deepak Joshi,40,Intermediate,4129,912,Disengaged
CRS019,LRN0246,ENR00492,2024-02-07,2024-04-07,,In Progress,73,2024-03-15,,1,,No,,,Varun Sharma,varun.sharma.246@yahoo.com,9407859321,Surat,2022-09-04,Free,iOS Development with Swift,Mobile Development,INS009,Suresh Gupta,30,Beginner,101,856,Disengaged
CRS004,LRN0087,ENR00035,2024-02-21,2024-04-21,,In Progress,43,2024-03-30,,1,,No,,,Ishaan Shah,ishaan.shah.87@rediffmail.com,9900532931,Hyderabad,2023-08-24,Free,React.js Complete Guide,Web Development,INS014,Pooja Mishra,30,Advanced,6867,841,Disengaged
CRS060,LRN0346,ENR00302,2024-03-08,2024-04-07,,Not Started,0,,,1,,No,,,Arjun Agarwal,arjun.agarwal.346@outlook.com,9818184518,Jaipur,2023-08-12,Free,Bayesian Statistics,Data Science,INS006,Unknown,15,Intermediate,1231,,Disengaged
CRS057,LRN0451,ENR01353,2024-02-15,2024-02-25,,In Progress,83,2024-02-29,,3,,No,,,Kavya Kapoor,kavya.kapoor.451@yahoo.com,9102767478,Pune,2023-12-01,Premium,Microservices Architecture,Cloud Computing,INS006,Priya Singh,5,Beginner,604,871,Disengaged
CRS060,LRN0194,ENR01726,2024-01-21,2024-02-20,,In Progress,85,2024-03-11,,2,,No,,,Manish Mishra,manish.mishra.194@gmail.com,9379937124,Pune,2022-12-07,Premium,Bayesian Statistics,Data Science,INS006,Unknown,15,Intermediate,1231,860,Disengaged
CRS024,LRN0467,ENR00088,2024-01-21,2024-02-20,,Dropped,28,2024-02-01,,1,,No,,,Ananya Mishra,ananya.mishra.467@gmail.com,9262582739,Bengaluru,2022-04-13,Premium,Computer Vision,AI & ML,INS003,Arjun Patel,15,Intermediate,1877,899,Disengaged
CRS039,LRN0424,ENR00810,2024-01-30,2024-04-19,,Dropped,35,2024-02-10,,2,,No,,,Nisha Malhotra,nisha.malhotra.424@yahoo.com,9588039551,Chennai,2022-02-01,Basic,Transformer Models & LLMs,AI & ML,INS008,Kavita Reddy,40,Advanced,12938,890,Disengaged
CRS047,LRN0401,ENR00533,2024-01-08,2024-03-08,,Dropped,24,2024-01-16,,3,,No,,,Suresh Banerjee,suresh.banerjee.401@rediffmail.com,9621689363,Bengaluru,2023-03-13,Enterprise,Cloud Security Best Practices,Cybersecurity,INS008,Kavita Reddy,30,Intermediate,2407,915,Disengaged
CRS003,LRN0175,ENR01171,2024-02-07,2024-02-27,,In Progress,47,2024-02-10,,1,,No,,,Priya Mukherjee,priya.mukherjee.175@rediffmail.com,9751830469,Mumbai,2022-03-16,Free,Deep Learning with TensorFlow,AI & ML,INS004,Sunita Rao,10,Advanced,13612,890,Disengaged
CRS009,LRN0192,ENR00483,2024-03-10,2024-03-30,,Dropped,18,2024-03-24,,1,,No,,,Simran Pillai,simran.pillai.192@rediffmail.com,9560466183,Jaipur,2022-06-23,Premium,Digital Marketing Strategy,Business,INS004,Sunita Rao,10,Advanced,8712,847,Disengaged
CRS038,LRN0400,ENR01964,2024-01-03,2024-02-02,,Dropped,14,,,1,4,No,,,Ravi Desai,ravi.desai.400@gmail.com,9554384046,Jaipur,2022-10-14,Free,Reinforcement Learning,AI & ML,INS010,Unknown,15,Advanced,10834,,Disengaged
CRS039,LRN0381,ENR00325,2024-01-16,2024-04-05,2024-03-31,Completed,100,2024-03-31,89.96,1,4,Yes,75,-5,Deepak Desai,deepak.desai.381@gmail.com,9789940539,Mumbai,2022-08-02,Premium,Transformer Models & LLMs,AI & ML,INS008,Kavita Reddy,40,Advanced,12938,840,Disengaged
CRS042,LRN0285,ENR01813,2024-02-17,2024-02-27,,In Progress,74,2024-03-09,,1,,No,,,Sunita Sharma,sunita.sharma.285@outlook.com,9332309821,Chandigarh,2023-10-29,Premium,Operations Management,Business,INS001,Unknown,5,Advanced,6117,862,Disengaged
CRS021,LRN0005,ENR01022,2024-01-22,2024-02-11,,Dropped,1,2024-01-30,,1,,No,,,Priya Chatterjee,priya.chatterjee.5@yahoo.com,9316475255,Surat,2022-10-01,Premium,Power BI & Tableau,Data Science,INS005,Deepak Joshi,10,Advanced,6616,901,Disengaged
CRS038,LRN0410,ENR01605,2024-01-17,2024-02-16,,Dropped,2,2024-01-19,,1,3,No,,,Megha Verma,megha.verma.410@gmail.com,9264908277,Chandigarh,2023-05-28,Free,Reinforcement Learning,AI & ML,INS010,Unknown,15,Advanced,10834,912,Disengaged
CRS001,LRN0450,ENR01622,2024-01-30,2024-02-29,2024-02-06,Completed,100,2024-02-06,58.95,1,1,No,7,-23,Aditya Tiwari,aditya.tiwari.450@yahoo.com,9129276637,Hyderabad,2023-08-15,Premium,Python for Data Science,Data Science,INS009,Suresh Gupta,15,Intermediate,2986,894,Disengaged
CRS044,LRN0478,ENR01391,2024-02-24,2024-05-14,2024-03-13,Completed,100,2024-03-13,51.51,1,2,No,18,-62,Aditya Gupta,aditya.gupta.478@hotmail.com,9780686717,Hyderabad,2022-03-27,Basic,Adobe Illustrator Mastery,Design,INS010,Anjali Iyer,40,Intermediate,2240,858,Disengaged
CRS037,LRN0206,ENR00741,2024-02-07,2024-03-18,2024-03-26,Completed,100,2024-03-26,66.45,1,3,Yes,48,8,Deepak Pillai,deepak.pillai.206@rediffmail.com,9691557924,Lucknow,2022-03-28,Premium,Data Engineering with Spark,Data Science,INS004,Sunita Rao,20,Advanced,14534,845,Disengaged
CRS001,LRN0342,ENR01579,2024-01-10,2024-02-09,,In Progress,22,2024-03-13,,1,,No,,,Sunita Bose,sunita.bose.342@hotmail.com,9589026012,Lucknow,2023-03-22,Free,Python for Data Science,Data Science,INS009,Suresh Gupta,15,Intermediate,2986,858,Disengaged
CRS020,LRN0142,ENR00471,2024-01-25,2024-02-04,2024-02-05,Completed,100,2024-02-05,83.6,2,1,Yes,11,1,Rohan Chauhan,rohan.chauhan.142@yahoo.com,9696325953,Ahmedabad,2023-06-12,Basic,SQL & Database Design,Data Science,INS013,Unknown,5,Advanced,8138,895,Disengaged
CRS060,LRN0067,ENR01080,2024-02-03,2024-03-04,2024-02-16,Completed,100,2024-02-16,81.95,1,4,Yes,13,-17,Rohan Mehta,rohan.mehta.67@yahoo.com,9482477109,Chandigarh,2022-06-12,Basic,Bayesian Statistics,Data Science,INS006,Unknown,15,Intermediate,1231,884,Disengaged
CRS047,LRN0005,ENR00886,2024-01-02,2024-03-02,,Dropped,4,2024-01-07,,1,,No,,,Priya Chatterjee,priya.chatterjee.5@yahoo.com,9316475255,Surat,2022-10-01,Premium,Cloud Security Best Practices,Cybersecurity,INS008,Kavita Reddy,30,Intermediate,2407,924,Disengaged
CRS034,LRN0437,ENR00511,2024-03-05,2024-03-25,2024-03-08,Completed,100,2024-03-08,75.03,2,5,Yes,3,-17,Nisha Das,nisha.das.437@yahoo.com,9719975817,Chennai,2023-02-20,Free,Android Development Kotlin,Mobile Development,INS002,Meera Nair,10,Intermediate,3846,863,Disengaged
CRS008,LRN0029,ENR01213,2024-02-19,2024-05-09,,In Progress,20,2024-02-23,,1,,No,,,Pooja Chatterjee,pooja.chatterjee.29@yahoo.com,9226025634,Indore,2023-12-20,Free,Project Management Professional,Business,INS003,Arjun Patel,40,Intermediate,4049,877,Disengaged
CRS021,LRN0497,ENR01091,2024-02-29,2024-03-20,2024-03-03,Completed,100,2024-03-03,77.71,1,1,Yes,3,-17,Aarav Patel,aarav.patel.497@gmail.com,9447146273,Delhi,2022-10-11,Basic,Power BI & Tableau,Data Science,INS005,Deepak Joshi,10,Advanced,6616,868,Disengaged
CRS046,LRN0244,ENR00701,2024-02-26,2024-04-06,,In Progress,26,2024-03-06,,1,,No,,,Megha Nair,megha.nair.244@yahoo.com,9687014626,Surat,2023-06-23,Free,Terraform Infrastructure,Cloud Computing,INS013,Manish Verma,20,Beginner,300,865,Disengaged
CRS011,LRN0034,ENR01042,2024-01-05,2024-01-15,2024-01-15,Completed,100,2024-01-15,88.29,1,2,Yes,10,0,Amit Srivastava,amit.srivastava.34@outlook.com,9482366299,Pune,2023-07-16,Premium,Figma for Beginners,Design,INS012,Nisha Agarwal,5,Beginner,19,916,Disengaged
CRS050,LRN0371,ENR00561,2024-03-16,2024-03-26,,Not Started,0,,,2,1,No,,,Neha Gupta,neha.gupta.371@gmail.com,9461872346,Delhi,2022-09-12,Basic,Scala for Big Data,Data Science,INS008,Kavita Reddy,5,Beginner,181,,Disengaged
CRS014,LRN0284,ENR00527,2024-01-16,2024-02-15,2024-01-20,Completed,100,2024-01-20,46.97,1,4,No,4,-26,Shreya Joshi,shreya.joshi.284@hotmail.com,9104478985,Surat,2022-05-18,Basic,Google Cloud Fundamentals,Cloud Computing,INS002,Meera Nair,15,Beginner,67,911,Disengaged
CRS057,LRN0216,ENR00860,2024-02-23,2024-03-04,,In Progress,66,2024-03-22,,3,,No,,,Mohit Tiwari,mohit.tiwari.216@hotmail.com,9901751863,Bhopal,2022-08-05,Basic,Microservices Architecture,Cloud Computing,INS006,Priya Singh,5,Beginner,604,849,Disengaged
CRS059,LRN0124,ENR01903,2024-03-12,2024-05-31,2024-03-31,Completed,100,2024-03-31,97.68,1,4,Yes,19,-61,Sneha Kapoor,sneha.kapoor.124@hotmail.com,9952058527,Surat,2022-07-06,Premium,Wearable App Development,Mobile Development,INS001,Rajiv Sharma,40,Intermediate,1398,840,Disengaged
CRS019,LRN0195,ENR01753,2024-02-01,2024-04-01,2024-02-04,Completed,100,2024-02-04,81.3,2,2,Yes,3,-57,Suresh Verma,suresh.verma.195@outlook.com,9569245937,Bengaluru,2023-02-12,Enterprise,iOS Development with Swift,Mobile Development,INS009,Suresh Gupta,30,Beginner,101,896,Disengaged
CRS028,LRN0091,ENR01547,2024-03-05,2024-04-14,,Dropped,17,2024-03-09,,2,,No,,,Nikhil Chatterjee,nikhil.chatterjee.91@yahoo.com,9661771159,Delhi,2022-05-10,Free,Entrepreneurship 101,Business,INS006,Priya Singh,20,Beginner,394,862,Disengaged
CRS030,LRN0091,ENR00404,2024-02-24,2024-04-24,2024-03-31,Completed,100,2024-03-31,77.72,1,4,Yes,36,-24,Nikhil Chatterjee,nikhil.chatterjee.91@yahoo.com,9661771159,Delhi,2022-05-10,Free,3D Modelling with Blender,Design,INS004,Sunita Rao,30,Intermediate,4503,840,Disengaged
CRS049,LRN0288,ENR01435,2024-01-25,2024-03-05,,In Progress,47,2024-02-19,,1,,No,,,Reena Kumar,reena.kumar.288@yahoo.com,9411739348,Kolkata,2023-12-22,Basic,Unity Game Development,Mobile Development,INS007,Vikas Mehta,20,Intermediate,2541,881,Disengaged
CRS058,LRN0232,ENR01736,2024-01-11,2024-02-10,,In Progress,84,2024-02-22,,1,,No,,,Geeta Yadav,geeta.yadav.232@rediffmail.com,9536541951,Surat,2022-02-23,Free,Zero Trust Security,Cybersecurity,INS014,Pooja Mishra,15,Intermediate,4039,878,Disengaged
CRS060,LRN0109,ENR01724,2024-02-11,2024-03-12,,Dropped,32,2024-02-18,,1,,No,,,Amit Pillai,amit.pillai.109@yahoo.com,9782071518,Mumbai,2022-09-11,Premium,Bayesian Statistics,Data Science,INS006,Unknown,15,Intermediate,1231,882,Disengaged
CRS038,LRN0093,ENR01714,2024-02-09,2024-03-10,2024-02-26,Completed,100,2024-02-26,52.7,2,1,No,17,-13,Preeti Malhotra,preeti.malhotra.93@gmail.com,9367365766,Kolkata,2023-03-14,Basic,Reinforcement Learning,AI & ML,INS010,Unknown,15,Advanced,10834,874,Disengaged
CRS055,LRN0133,ENR00742,2024-01-29,2024-02-08,,In Progress,51,2024-03-18,,1,,No,,,Ravi Jain,ravi.jain.133@yahoo.com,9188442258,Delhi,2022-07-25,Premium,Motion UI Design,Design,INS009,Suresh Gupta,5,Intermediate,3026,853,Disengaged
CRS045,LRN0133,ENR01611,2024-02-11,2024-02-21,2024-02-14,Completed,100,2024-02-14,49.66,1,5,No,3,-7,Ravi Jain,ravi.jain.133@yahoo.com,9188442258,Delhi,2022-07-25,Premium,Photography & Lightroom,Design,INS013,Manish Verma,5,Advanced,13064,886,Disengaged
CRS046,LRN0427,ENR01262,2024-02-12,2024-03-23,,In Progress,14,2024-02-29,,1,,No,,,Nikhil Malhotra,nikhil.malhotra.427@hotmail.com,9845218230,Pune,2024-01-01,Premium,Terraform Infrastructure,Cloud Computing,INS013,Manish Verma,20,Beginner,300,871,Disengaged
CRS014,LRN0005,ENR01490,2024-01-21,2024-02-20,,In Progress,19,2024-01-22,,1,,No,,,Priya Chatterjee,priya.chatterjee.5@yahoo.com,9316475255,Surat,2022-10-01,Premium,Google Cloud Fundamentals,Cloud Computing,INS002,Meera Nair,15,Beginner,67,909,Disengaged
CRS060,LRN0155,ENR01064,2024-01-27,2024-02-26,,Dropped,2,2024-02-06,,1,,No,,,Ritika Mukherjee,ritika.mukherjee.155@rediffmail.com,9842199330,Hyderabad,2023-10-16,Free,Bayesian Statistics,Data Science,INS006,Unknown,15,Intermediate,1231,894,Disengaged
CRS002,LRN0240,ENR01154,2024-01-06,2024-01-26,,In Progress,43,2024-01-06,,2,,No,,,Pooja Pandey,pooja.pandey.240@rediffmail.com,9680442067,Chandigarh,2023-07-18,Free,Machine Learning Fundamentals,AI & ML,INS006,Priya Singh,10,Beginner,223,925,Disengaged
CRS021,LRN0131,ENR01370,2024-03-12,2024-04-01,,In Progress,52,2024-03-24,,1,,No,,,Sunita Tiwari,sunita.tiwari.131@gmail.com,9431027868,Chennai,2022-09-24,Premium,Power BI & Tableau,Data Science,INS005,Deepak Joshi,10,Advanced,6616,847,Disengaged
CRS006,LRN0413,ENR01900,2024-02-21,2024-03-02,,Not Started,0,,,1,,No,,,Deepak Gupta,deepak.gupta.413@outlook.com,9259222206,Chennai,2023-04-02,Free,HTML & CSS Mastery,Web Development,INS015,Unknown,5,Intermediate,2276,,Disengaged
CRS014,LRN0374,ENR01311,2024-01-05,2024-02-04,2024-01-12,Completed,100,,68.73,1,5,Yes,7,-23,Rahul Bose,rahul.bose.374@rediffmail.com,9491630097,Bengaluru,2023-01-16,Premium,Google Cloud Fundamentals,Cloud Computing,INS002,Meera Nair,15,Beginner,67,,Disengaged
CRS003,LRN0356,ENR01638,2024-01-29,2024-02-18,,In Progress,23,2024-02-20,,1,,No,,,Ajay Reddy,ajay.reddy.356@yahoo.com,9574489061,Mumbai,2022-08-09,Premium,Deep Learning with TensorFlow,AI & ML,INS004,Sunita Rao,10,Advanced,13612,880,Disengaged
CRS053,LRN0427,ENR00569,2024-01-04,2024-03-24,2024-02-04,Completed,100,2024-02-04,96.8,1,4,Yes,31,-49,Nikhil Malhotra,nikhil.malhotra.427@hotmail.com,9845218230,Pune,2024-01-01,Premium,Supply Chain Management,Business,INS010,Anjali Iyer,40,Intermediate,3268,896,Disengaged
CRS032,LRN0411,ENR00437,2024-03-04,2024-03-14,2024-03-07,Completed,100,2024-03-07,68.17,1,2,Yes,3,-7,Komal Banerjee,komal.banerjee.411@rediffmail.com,9826657027,Chandigarh,2022-07-26,Premium,DevOps CI/CD Pipeline,Cloud Computing,INS003,Arjun Patel,5,Advanced,6723,864,Disengaged
CRS034,LRN0467,ENR01502,2024-01-16,2024-02-05,,In Progress,10,2024-03-18,,1,,No,,,Ananya Mishra,ananya.mishra.467@gmail.com,9262582739,Bengaluru,2022-04-13,Premium,Android Development Kotlin,Mobile Development,INS002,Meera Nair,10,Intermediate,3846,853,Disengaged
CRS004,LRN0201,ENR00074,2024-02-12,2024-04-12,2024-03-31,Completed,100,2024-03-31,98.87,2,5,Yes,48,-12,Komal Jain,komal.jain.201@gmail.com,9825071461,Bhopal,2022-05-26,Basic,React.js Complete Guide,Web Development,INS014,Pooja Mishra,30,Advanced,6867,840,Disengaged
CRS002,LRN0169,ENR00052,2024-02-06,2024-02-26,,In Progress,25,2024-03-20,,1,,No,,,Vijay Agarwal,vijay.agarwal.169@gmail.com,9863375243,Mumbai,2023-11-08,Basic,Machine Learning Fundamentals,AI & ML,INS006,Priya Singh,10,Beginner,223,851,Disengaged
CRS048,LRN0274,ENR01126,2024-01-10,2024-01-20,2024-01-22,Completed,100,2024-01-22,69.27,1,2,Yes,12,2,Ritika Agarwal,ritika.agarwal.274@hotmail.com,9657437489,Lucknow,2022-04-15,Free,OSINT & Threat Intelligence,Cybersecurity,INS009,Suresh Gupta,5,Beginner,440,909,Disengaged
CRS060,LRN0268,ENR00379,2024-02-13,2024-03-14,,In Progress,53,2024-02-21,,1,,No,,,Sneha Chatterjee,sneha.chatterjee.268@yahoo.com,9324754691,Ahmedabad,2022-08-05,Enterprise,Bayesian Statistics,Data Science,INS006,Unknown,15,Intermediate,1231,879,Disengaged
CRS037,LRN0402,ENR01157,2024-02-18,2024-03-29,,Dropped,2,2024-02-26,,1,2,No,,,Simran Tiwari,simran.tiwari.402@outlook.com,9782329832,Chandigarh,2023-12-24,Premium,Data Engineering with Spark,Data Science,INS004,Sunita Rao,20,Advanced,14534,874,Disengaged
CRS047,LRN0125,ENR01746,2024-02-24,2024-04-24,2024-02-27,Completed,100,2024-02-27,82.95,1,5,Yes,3,-57,Shalini Gupta,shalini.gupta.125@rediffmail.com,9430305486,Ahmedabad,2022-09-17,Free,Cloud Security Best Practices,Cybersecurity,INS008,Kavita Reddy,30,Intermediate,2407,873,Disengaged
CRS038,LRN0487,ENR01947,2024-01-29,2024-02-28,2024-02-01,Completed,100,2024-02-01,83.22,1,1,Yes,3,-27,Amit Nair,amit.nair.487@yahoo.com,9988774924,Indore,2022-09-24,Free,Reinforcement Learning,AI & ML,INS010,Unknown,15,Advanced,10834,899,Disengaged
CRS051,LRN0054,ENR01376,2024-01-29,2024-04-18,,Dropped,11,2024-02-07,,2,,No,,,Kavya Yadav,kavya.yadav.54@outlook.com,9135182337,Chandigarh,2023-08-27,Enterprise,MLOps & Model Deployment,AI & ML,INS015,Kiran Desai,40,Beginner,503,893,Disengaged
CRS042,LRN0283,ENR00427,2024-02-07,2024-02-17,,In Progress,73,2024-03-29,,1,,No,,,Manish Sharma,manish.sharma.283@yahoo.com,9583003354,Delhi,2023-01-28,Basic,Operations Management,Business,INS001,Unknown,5,Advanced,6117,842,Disengaged
CRS014,LRN0458,ENR01128,2024-01-12,2024-02-11,2024-01-22,Completed,100,2024-01-22,78.65,1,3,Yes,10,-20,Siddharth Pillai,siddharth.pillai.458@gmail.com,9627128639,Ahmedabad,2022-09-23,Free,Google Cloud Fundamentals,Cloud Computing,INS002,Meera Nair,15,Beginner,67,909,Disengaged
CRS028,LRN0033,ENR01537,2024-01-27,2024-03-07,,Not Started,0,,,1,,No,,,Ajay Mukherjee,ajay.mukherjee.33@outlook.com,9835615951,Jaipur,2022-11-13,Premium,Entrepreneurship 101,Business,INS006,Priya Singh,20,Beginner,394,,Disengaged
CRS019,LRN0453,ENR00080,2024-02-19,2024-04-19,,Not Started,0,,,2,,No,,,Rekha Pillai,rekha.pillai.453@yahoo.com,9454414967,Chandigarh,2023-11-20,Basic,iOS Development with Swift,Mobile Development,INS009,Suresh Gupta,30,Beginner,101,,Disengaged
CRS026,LRN0293,ENR00536,2024-01-05,2024-01-15,,In Progress,44,2024-02-20,,1,,No,,,Rahul Kumar,rahul.kumar.293@rediffmail.com,9697972965,Mumbai,2023-12-02,Premium,Full Stack Django,Web Development,INS008,Kavita Reddy,5,Advanced,10918,880,Disengaged
CRS040,LRN0417,ENR00662,2024-02-28,2024-03-29,,In Progress,46,2024-03-28,,1,,No,,,Preeti Joshi,preeti.joshi.417@gmail.com,9795014556,Indore,2023-03-14,Premium,TypeScript Advanced,Web Development,INS009,Suresh Gupta,15,Beginner,786,843,Disengaged
CRS002,LRN0240,ENR00679,2024-01-20,2024-02-09,,In Progress,89,2024-02-10,,1,,No,,,Pooja Pandey,pooja.pandey.240@rediffmail.com,9680442067,Chandigarh,2023-07-18,Free,Machine Learning Fundamentals,AI & ML,INS006,Priya Singh,10,Beginner,223,890,Disengaged
CRS034,LRN0273,ENR00991,2024-01-09,2024-01-29,2024-01-21,Completed,100,2024-01-21,96.38,2,5,Yes,12,-8,Geeta Iyer,geeta.iyer.273@rediffmail.com,9007229034,Indore,2022-11-09,Premium,Android Development Kotlin,Mobile Development,INS002,Meera Nair,10,Intermediate,3846,910,Disengaged
CRS025,LRN0184,ENR00136,2024-01-23,2024-03-03,,Dropped,0,2024-02-04,,1,,No,,,Ritika Bose,ritika.bose.184@gmail.com,9615679334,Surat,2023-10-28,Premium,Vue.js & Nuxt Development,Web Development,INS004,Sunita Rao,20,Beginner,779,896,Disengaged
CRS027,LRN0226,ENR01829,2024-01-29,2024-02-28,,Dropped,24,2024-02-02,,2,5,No,,,Rohan Bose,rohan.bose.226@rediffmail.com,9684866618,Lucknow,2022-06-06,Free,Financial Modelling,Business,INS012,Nisha Agarwal,15,Advanced,6347,898,Disengaged
CRS039,LRN0184,ENR01886,2024-01-17,2024-04-06,2024-03-19,Completed,100,2024-03-19,68.72,1,4,Yes,62,-18,Ritika Bose,ritika.bose.184@gmail.com,9615679334,Surat,2023-10-28,Premium,Transformer Models & LLMs,AI & ML,INS008,Kavita Reddy,40,Advanced,12938,852,Disengaged
CRS028,LRN0041,ENR01381,2024-01-08,2024-02-17,2024-02-10,Completed,100,2024-02-10,74.58,1,4,Yes,33,-7,Geeta Tiwari,geeta.tiwari.41@rediffmail.com,9876036690,Pune,2023-05-04,Free,Entrepreneurship 101,Business,INS006,Priya Singh,20,Beginner,394,890,Disengaged
CRS012,LRN0316,ENR01592,2024-02-29,2024-04-09,,In Progress,82,2024-03-07,,1,,No,,,Sneha Mehta,sneha.mehta.316@gmail.com,9861207501,Mumbai,2022-07-02,Premium,Motion Graphics & Animation,Design,INS013,Manish Verma,20,Beginner,201,864,Disengaged
CRS047,LRN0450,ENR01629,2024-02-22,2024-04-22,,Not Started,0,,,1,,No,,,Aditya Tiwari,aditya.tiwari.450@yahoo.com,9129276637,Hyderabad,2023-08-15,Premium,Cloud Security Best Practices,Cybersecurity,INS008,Kavita Reddy,30,Intermediate,2407,,Disengaged
CRS002,LRN0052,ENR00744,2024-03-09,2024-03-29,,In Progress,26,2024-03-10,,1,,No,,,Siddharth Singh,siddharth.singh.52@gmail.com,9367837770,Chennai,2022-08-15,Basic,Machine Learning Fundamentals,AI & ML,INS006,Priya Singh,10,Beginner,223,861,Disengaged
CRS031,LRN0367,ENR00227,2024-01-26,2024-02-05,2024-01-29,Completed,100,2024-01-29,45.23,2,3,No,3,-7,Rekha Srivastava,rekha.srivastava.367@rediffmail.com,9326634163,Indore,2023-09-20,Premium,Docker & Kubernetes,Cloud Computing,INS004,Sunita Rao,5,Intermediate,3781,902,Disengaged
CRS030,LRN0324,ENR00624,2024-03-03,2024-05-02,2024-03-31,Completed,100,2024-03-31,89.41,1,1,Yes,28,-32,Nisha Pandey,nisha.pandey.324@outlook.com,9562053364,Bengaluru,2023-11-27,Premium,3D Modelling with Blender,Design,INS004,Sunita Rao,30,Intermediate,4503,840,Disengaged
CRS054,LRN0050,ENR00059,2024-02-17,2024-03-28,,In Progress,67,2024-03-19,,2,,No,,,Shalini Agarwal,shalini.agarwal.50@rediffmail.com,9945314737,Lucknow,2023-11-16,Basic,Product Management,Business,INS010,Anjali Iyer,20,Intermediate,4499,852,Disengaged
CRS057,LRN0424,ENR01322,2024-01-01,2024-01-11,2024-01-18,Completed,100,2024-01-18,92.65,1,1,Yes,17,7,Nisha Malhotra,nisha.malhotra.424@yahoo.com,9588039551,Chennai,2022-02-01,Basic,Microservices Architecture,Cloud Computing,INS006,Priya Singh,5,Beginner,604,913,Disengaged
CRS041,LRN0432,ENR00130,2024-01-28,2024-02-27,,In Progress,15,,,1,,No,,,Arjun Jain,arjun.jain.432@gmail.com,9997954538,Indore,2023-04-22,Basic,GraphQL APIs,Web Development,INS002,Meera Nair,15,Intermediate,1945,,Disengaged
CRS039,LRN0172,ENR00351,2024-01-24,2024-04-13,,In Progress,48,2024-02-12,,1,,No,,,Ajay Yadav,ajay.yadav.172@hotmail.com,9644089268,Mumbai,2022-12-19,Enterprise,Transformer Models & LLMs,AI & ML,INS008,Kavita Reddy,40,Advanced,12938,888,Disengaged
CRS047,LRN0280,ENR01713,2024-02-01,2024-04-01,,In Progress,51,2024-03-07,,1,,No,,,Sachin Kumar,sachin.kumar.280@hotmail.com,9684602235,Lucknow,2023-04-14,Free,Cloud Security Best Practices,Cybersecurity,INS008,Kavita Reddy,30,Intermediate,2407,864,Disengaged
CRS017,LRN0037,ENR00998,2024-01-16,2024-02-05,,Not Started,0,,,2,,No,,,Karan Verma,karan.verma.37@gmail.com,9693676320,Indore,2023-03-12,Free,Network Security Essentials,Cybersecurity,INS002,Meera Nair,10,Advanced,14498,,Disengaged
CRS003,LRN0213,ENR01851,2024-01-14,2024-02-03,,Dropped,24,2024-01-26,,2,,No,,,Ishaan Das,ishaan.das.213@outlook.com,9309584982,Chandigarh,2022-10-27,Free,Deep Learning with TensorFlow,AI & ML,INS004,Sunita Rao,10,Advanced,13612,905,Disengaged
CRS036,LRN0088,ENR00140,2024-01-25,2024-02-14,,In Progress,18,2024-02-16,,1,,No,,,Varun Tiwari,varun.tiwari.88@gmail.com,9290422842,Surat,2022-01-27,Free,Advanced Python OOP,Data Science,INS006,Priya Singh,10,Advanced,7011,884,Disengaged
CRS017,LRN0334,ENR01861,2024-02-07,2024-02-27,2024-02-10,Completed,100,2024-02-10,56.73,1,2,No,3,-17,Sunita Pillai,sunita.pillai.334@yahoo.com,9904137977,Hyderabad,2023-02-25,Basic,Network Security Essentials,Cybersecurity,INS002,Meera Nair,10,Advanced,14498,890,Disengaged
CRS004,LRN0371,ENR01880,2024-01-28,2024-03-28,2024-03-03,Completed,100,2024-03-03,61.88,1,1,Yes,35,-25,Neha Gupta,neha.gupta.371@gmail.com,9461872346,Delhi,2022-09-12,Basic,React.js Complete Guide,Web Development,INS014,Pooja Mishra,30,Advanced,6867,868,Disengaged
CRS041,LRN0075,ENR00491,2024-01-03,2024-02-02,2024-02-09,Completed,100,2024-02-09,58.24,1,5,No,37,7,Sneha Verma,sneha.verma.75@hotmail.com,9240050455,Bengaluru,2022-09-08,Basic,GraphQL APIs,Web Development,INS002,Meera Nair,15,Intermediate,1945,891,Disengaged
CRS047,LRN0447,ENR01303,2024-03-14,2024-05-13,,Dropped,5,2024-03-27,,1,,No,,,Suresh Agarwal,suresh.agarwal.447@gmail.com,9544209494,Surat,2023-04-30,Basic,Cloud Security Best Practices,Cybersecurity,INS008,Kavita Reddy,30,Intermediate,2407,844,Disengaged
CRS028,LRN0114,ENR01278,2024-02-27,2024-04-07,,Dropped,28,2024-03-10,,1,,No,,,Sneha Iyer,sneha.iyer.114@yahoo.com,9880592962,Bengaluru,2023-12-11,Premium,Entrepreneurship 101,Business,INS006,Priya Singh,20,Beginner,394,861,Disengaged
CRS016,LRN0435,ENR01052,2024-02-06,2024-02-26,2024-02-11,Completed,100,2024-02-11,63.49,1,5,Yes,5,-15,Divya Iyer,divya.iyer.435@hotmail.com,9161581487,Lucknow,2023-02-28,Free,Ethical Hacking Basics,Cybersecurity,INS010,Unknown,10,Beginner,686,889,Disengaged
CRS002,LRN0287,ENR00482,2024-02-23,2024-03-14,2024-02-26,Completed,100,2024-02-26,78.84,1,2,Yes,3,-17,Preeti Mishra,preeti.mishra.287@rediffmail.com,9723046184,Lucknow,2023-12-19,Free,Machine Learning Fundamentals,AI & ML,INS006,Priya Singh,10,Beginner,223,874,Disengaged
CRS026,LRN0341,ENR00861,2024-01-18,2024-01-28,,Dropped,15,2024-01-21,,1,,No,,,Arjun Pandey,arjun.pandey.341@gmail.com,9887449562,Chandigarh,2022-08-24,Basic,Full Stack Django,Web Development,INS008,Kavita Reddy,5,Advanced,10918,910,Disengaged
CRS007,LRN0260,ENR00645,2024-02-23,2024-04-03,,In Progress,83,2024-03-11,,1,5,No,,,Deepak Pandey,deepak.pandey.260@rediffmail.com,9270477434,Mumbai,2022-06-04,Premium,Business Analytics Essentials,Business,INS003,Arjun Patel,20,Advanced,10604,860,Disengaged
CRS053,LRN0214,ENR00108,2024-01-21,2024-04-10,2024-02-01,Completed,100,2024-02-01,71.66,1,5,Yes,11,-69,Ritika Chatterjee,ritika.chatterjee.214@yahoo.com,9812604223,Chandigarh,2022-11-26,Premium,Supply Chain Management,Business,INS010,Anjali Iyer,40,Intermediate,3268,899,Disengaged
CRS016,LRN0184,ENR00433,2024-01-10,2024-01-30,2024-01-28,Completed,100,,65.46,1,1,Yes,18,-2,Ritika Bose,ritika.bose.184@gmail.com,9615679334,Surat,2023-10-28,Premium,Ethical Hacking Basics,Cybersecurity,INS010,Unknown,10,Beginner,686,,Disengaged
CRS031,LRN0478,ENR00943,2024-01-23,2024-02-02,2024-01-26,Completed,100,2024-01-26,84.86,1,5,Yes,3,-7,Aditya Gupta,aditya.gupta.478@hotmail.com,9780686717,Hyderabad,2022-03-27,Basic,Docker & Kubernetes,Cloud Computing,INS004,Sunita Rao,5,Intermediate,3781,905,Disengaged
CRS001,LRN0276,ENR00444,2024-01-07,2024-02-06,2024-01-10,Completed,100,2024-01-10,51.09,2,1,No,3,-27,Neha Iyer,neha.iyer.276@outlook.com,9309652074,Pune,2023-02-19,Basic,Python for Data Science,Data Science,INS009,Suresh Gupta,15,Intermediate,2986,921,Disengaged
CRS057,LRN0219,ENR00545,2024-02-06,2024-02-16,2024-02-11,Completed,100,2024-02-11,78.38,1,4,Yes,5,-5,Rahul Gupta,rahul.gupta.219@gmail.com,9643611037,Bengaluru,2023-08-31,Free,Microservices Architecture,Cloud Computing,INS006,Priya Singh,5,Beginner,604,889,Disengaged
CRS054,LRN0145,ENR01362,2024-02-18,2024-03-29,2024-02-28,Completed,100,,84.62,2,4,Yes,10,-30,Siddharth Pandey,siddharth.pandey.145@rediffmail.com,9841687849,Delhi,2022-05-12,Enterprise,Product Management,Business,INS010,Anjali Iyer,20,Intermediate,4499,,Disengaged
CRS029,LRN0287,ENR00812,2024-03-12,2024-05-31,,In Progress,71,2024-03-23,,2,,No,,,Preeti Mishra,preeti.mishra.287@rediffmail.com,9723046184,Lucknow,2023-12-19,Free,Brand Identity Design,Design,INS010,Anjali Iyer,40,Intermediate,4998,848,Disengaged
CRS002,LRN0166,ENR00800,2024-01-15,2024-02-04,2024-01-29,Completed,100,2024-01-29,94.99,1,5,Yes,14,-6,Shalini Desai,shalini.desai.166@hotmail.com,9406403910,Kolkata,2023-12-19,Free,Machine Learning Fundamentals,AI & ML,INS006,Priya Singh,10,Beginner,223,902,Disengaged
CRS047,LRN0136,ENR01446,2024-02-16,2024-04-16,2024-02-27,Completed,100,2024-02-27,50.79,1,3,No,11,-49,Preeti Shah,preeti.shah.136@outlook.com,9922680182,Bengaluru,2022-06-15,Basic,Cloud Security Best Practices,Cybersecurity,INS008,Kavita Reddy,30,Intermediate,2407,873,Disengaged
CRS026,LRN0010,ENR01486,2024-03-14,2024-03-24,,In Progress,17,2024-03-31,,1,,No,,,Aarav Desai,aarav.desai.10@gmail.com,9184514627,Chandigarh,2022-09-27,Enterprise,Full Stack Django,Web Development,INS008,Kavita Reddy,5,Advanced,10918,840,Disengaged
CRS022,LRN0132,ENR00932,2024-01-26,2024-02-15,2024-02-06,Completed,100,,66.59,1,4,Yes,11,-9,Ishaan Pillai,ishaan.pillai.132@gmail.com,9473121727,Indore,2023-11-30,Enterprise,Statistics for Data Science,Data Science,INS015,Kiran Desai,10,Advanced,12777,,Disengaged
CRS023,LRN0138,ENR01959,2024-02-24,2024-05-14,,Dropped,12,2024-03-07,,1,,No,,,Rahul Rao,rahul.rao.138@gmail.com,9922995900,Mumbai,2023-10-19,Premium,NLP with Python,AI & ML,INS006,Priya Singh,40,Advanced,6758,864,Disengaged
CRS031,LRN0400,ENR01380,2024-02-16,2024-02-26,2024-02-23,Completed,100,,93.9,1,1,Yes,7,-3,Ravi Desai,ravi.desai.400@gmail.com,9554384046,Jaipur,2022-10-14,Free,Docker & Kubernetes,Cloud Computing,INS004,Sunita Rao,5,Intermediate,3781,,Disengaged
CRS001,LRN0122,ENR01830,2024-02-16,2024-03-17,,In Progress,36,2024-03-27,,3,,No,,,Neha Chauhan,neha.chauhan.122@rediffmail.com,9609539621,Kolkata,2022-03-11,Enterprise,Python for Data Science,Data Science,INS009,Suresh Gupta,15,Intermediate,2986,844,Disengaged
CRS028,LRN0416,ENR01399,2024-01-10,2024-02-19,2024-01-13,Completed,100,2024-01-13,95.57,1,5,Yes,3,-37,Ravi Gupta,ravi.gupta.416@hotmail.com,9209945101,Bengaluru,2022-06-15,Premium,Entrepreneurship 101,Business,INS006,Priya Singh,20,Beginner,394,918,Disengaged
CRS053,LRN0324,ENR00431,2024-01-09,2024-03-29,,In Progress,75,2024-01-13,,1,,No,,,Nisha Pandey,nisha.pandey.324@outlook.com,9562053364,Bengaluru,2023-11-27,Premium,Supply Chain Management,Business,INS010,Anjali Iyer,40,Intermediate,3268,918,Disengaged
CRS058,LRN0481,ENR01732,2024-02-28,2024-03-29,,In Progress,31,2024-03-27,,1,,No,,,Ritika Jain,ritika.jain.481@outlook.com,9989319508,Mumbai,2022-04-24,Basic,Zero Trust Security,Cybersecurity,INS014,Pooja Mishra,15,Intermediate,4039,844,Disengaged
CRS012,LRN0011,ENR00462,2024-02-03,2024-03-14,,Dropped,0,2024-02-05,,1,,No,,,Arjun Iyer,arjun.iyer.11@rediffmail.com,9148932528,Mumbai,2023-09-06,Basic,Motion Graphics & Animation,Design,INS013,Manish Verma,20,Beginner,201,895,Disengaged
CRS002,LRN0133,ENR01798,2024-03-06,2024-03-26,,Dropped,35,2024-03-13,,3,,No,,,Ravi Jain,ravi.jain.133@yahoo.com,9188442258,Delhi,2022-07-25,Premium,Machine Learning Fundamentals,AI & ML,INS006,Priya Singh,10,Beginner,223,858,Disengaged
CRS053,LRN0224,ENR01335,2024-01-20,2024-04-09,2024-03-29,Completed,100,2024-03-29,48.52,1,2,No,69,-11,Sunita Chauhan,sunita.chauhan.224@rediffmail.com,9037613791,Mumbai,2023-01-05,Enterprise,Supply Chain Management,Business,INS010,Anjali Iyer,40,Intermediate,3268,842,Disengaged
CRS028,LRN0183,ENR01725,2024-03-02,2024-04-11,2024-03-14,Completed,100,2024-03-14,92.81,1,4,Yes,12,-28,Megha Sharma,megha.sharma.183@rediffmail.com,9862118233,Jaipur,2022-09-16,Premium,Entrepreneurship 101,Business,INS006,Priya Singh,20,Beginner,394,857,Disengaged
CRS009,LRN0390,ENR01961,2024-02-23,2024-03-14,,In Progress,45,2024-02-25,,1,,No,,,Rekha Agarwal,rekha.agarwal.390@outlook.com,9139060480,Jaipur,2023-08-02,Free,Digital Marketing Strategy,Business,INS004,Sunita Rao,10,Advanced,8712,875,Disengaged
CRS059,LRN0405,ENR01820,2024-02-15,2024-05-05,,In Progress,62,2024-02-27,,1,,No,,,Simran Rao,simran.rao.405@yahoo.com,9939330517,Jaipur,2023-09-12,Basic,Wearable App Development,Mobile Development,INS001,Rajiv Sharma,40,Intermediate,1398,873,Disengaged
CRS012,LRN0248,ENR01256,2024-02-13,2024-03-24,2024-03-15,Completed,100,2024-03-15,54.45,2,2,No,31,-9,Ravi Rao,ravi.rao.248@gmail.com,9929378427,Delhi,2022-02-27,Free,Motion Graphics & Animation,Design,INS013,Manish Verma,20,Beginner,201,856,Disengaged
CRS020,LRN0028,ENR00659,2024-02-24,2024-03-05,2024-03-10,Completed,100,2024-03-10,51.38,2,4,No,15,5,Aditya Chauhan,aditya.chauhan.28@rediffmail.com,9505331586,Chandigarh,2022-06-08,Enterprise,SQL & Database Design,Data Science,INS013,Unknown,5,Advanced,8138,861,Disengaged
CRS002,LRN0244,ENR01336,2024-01-05,2024-01-25,2024-01-17,Completed,100,2024-01-17,67.16,1,3,Yes,12,-8,Megha Nair,megha.nair.244@yahoo.com,9687014626,Surat,2023-06-23,Free,Machine Learning Fundamentals,AI & ML,INS006,Priya Singh,10,Beginner,223,914,Disengaged
CRS057,LRN0123,ENR01530,2024-01-18,2024-01-28,,Dropped,29,2024-01-22,,3,,No,,,Vijay Iyer,vijay.iyer.123@gmail.com,9880670654,Kolkata,2022-03-11,Basic,Microservices Architecture,Cloud Computing,INS006,Priya Singh,5,Beginner,604,909,Disengaged
CRS025,LRN0456,ENR00174,2024-03-14,2024-04-23,2024-03-31,Completed,100,2024-03-31,65.58,1,2,Yes,17,-23,Simran Patel,simran.patel.456@hotmail.com,9692124471,Chennai,2023-03-14,Premium,Vue.js & Nuxt Development,Web Development,INS004,Sunita Rao,20,Beginner,779,840,Disengaged
CRS044,LRN0206,ENR01980,2024-02-26,2024-05-16,2024-03-31,Completed,100,2024-03-31,56.33,2,1,No,34,-46,Deepak Pillai,deepak.pillai.206@rediffmail.com,9691557924,Lucknow,2022-03-28,Premium,Adobe Illustrator Mastery,Design,INS010,Anjali Iyer,40,Intermediate,2240,840,Disengaged
CRS042,LRN0227,ENR00384,2024-01-18,2024-01-28,,Not Started,0,,,3,,No,,,Shreya Singh,shreya.singh.227@hotmail.com,9832856914,Chandigarh,2022-09-02,Free,Operations Management,Business,INS001,Unknown,5,Advanced,6117,,Disengaged
CRS015,LRN0179,ENR01015,2024-02-04,2024-02-14,2024-02-07,Completed,100,2024-02-07,71.32,1,5,Yes,3,-7,Preeti Mukherjee,preeti.mukherjee.179@rediffmail.com,9996423536,Bhopal,2022-09-09,Basic,Azure Data Engineering,Cloud Computing,INS013,Manish Verma,5,Beginner,942,893,Disengaged
CRS024,LRN0432,ENR01055,2024-02-15,2024-03-16,,In Progress,15,2024-02-20,,1,,No,,,Arjun Jain,arjun.jain.432@gmail.com,9997954538,Indore,2023-04-22,Basic,Computer Vision,AI & ML,INS003,Arjun Patel,15,Intermediate,1877,880,Disengaged
CRS043,LRN0273,ENR01139,2024-03-13,2024-06-01,2024-03-31,Completed,100,2024-03-31,68.37,1,4,Yes,18,-62,Geeta Iyer,geeta.iyer.273@rediffmail.com,9007229034,Indore,2022-11-09,Premium,Leadership & Communication,Business,INS008,Kavita Reddy,40,Beginner,995,840,Disengaged
CRS045,LRN0294,ENR00819,2024-02-19,2024-02-29,,Dropped,30,2024-02-25,,1,,No,,,Divya Nair,divya.nair.294@rediffmail.com,9716701450,Indore,2023-08-14,Premium,Photography & Lightroom,Design,INS013,Manish Verma,5,Advanced,13064,875,Disengaged
CRS049,LRN0368,ENR01162,2024-01-25,2024-03-05,,In Progress,61,,,1,,No,,,Ritika Chauhan,ritika.chauhan.368@hotmail.com,9846312241,Lucknow,2023-04-09,Free,Unity Game Development,Mobile Development,INS007,Vikas Mehta,20,Intermediate,2541,,Disengaged
CRS037,LRN0224,ENR01191,2024-01-14,2024-02-23,,In Progress,64,2024-03-16,,1,,No,,,Sunita Chauhan,sunita.chauhan.224@rediffmail.com,9037613791,Mumbai,2023-01-05,Enterprise,Data Engineering with Spark,Data Science,INS004,Sunita Rao,20,Advanced,14534,855,Disengaged
CRS045,LRN0338,ENR00405,2024-02-25,2024-03-06,,In Progress,21,2024-03-02,,2,,No,,,Nikhil Bose,nikhil.bose.338@yahoo.com,9659916247,Bhopal,2022-03-27,Free,Photography & Lightroom,Design,INS013,Manish Verma,5,Advanced,13064,869,Disengaged
CRS040,LRN0172,ENR01596,2024-02-20,2024-03-21,2024-03-04,Completed,100,2024-03-04,67.77,1,3,Yes,13,-17,Ajay Yadav,ajay.yadav.172@hotmail.com,9644089268,Mumbai,2022-12-19,Enterprise,TypeScript Advanced,Web Development,INS009,Suresh Gupta,15,Beginner,786,867,Disengaged
CRS020,LRN0020,ENR01618,2024-01-27,2024-02-06,,Dropped,9,2024-01-27,,1,,No,,,Megha Mehta,megha.mehta.20@rediffmail.com,9098050097,Bhopal,2023-06-28,Free,SQL & Database Design,Data Science,INS013,Unknown,5,Advanced,8138,904,Disengaged
CRS056,LRN0414,ENR00769,2024-03-03,2024-05-02,,Dropped,6,2024-03-10,,1,,No,,,Arjun Kumar,arjun.kumar.414@rediffmail.com,9230940777,Indore,2022-01-06,Basic,NoSQL & MongoDB,Data Science,INS007,Vikas Mehta,30,Advanced,9660,861,Disengaged
CRS050,LRN0298,ENR00019,2024-03-08,2024-03-18,2024-03-11,Completed,100,2024-03-11,58.09,1,3,No,3,-7,Sunita Agarwal,sunita.agarwal.298@rediffmail.com,9088019948,Hyderabad,2023-11-02,Premium,Scala for Big Data,Data Science,INS008,Kavita Reddy,5,Beginner,181,860,Disengaged
CRS054,LRN0338,ENR00185,2024-02-15,2024-03-26,2024-03-07,Completed,100,2024-03-07,68.41,1,5,Yes,21,-19,Nikhil Bose,nikhil.bose.338@yahoo.com,9659916247,Bhopal,2022-03-27,Free,Product Management,Business,INS010,Anjali Iyer,20,Intermediate,4499,864,Disengaged
CRS004,LRN0240,ENR01347,2024-03-06,2024-05-05,,In Progress,31,2024-03-23,,1,,No,,,Pooja Pandey,pooja.pandey.240@rediffmail.com,9680442067,Chandigarh,2023-07-18,Free,React.js Complete Guide,Web Development,INS014,Pooja Mishra,30,Advanced,6867,848,Disengaged
CRS019,LRN0102,ENR00832,2024-02-24,2024-04-24,,In Progress,20,2024-03-19,,1,,No,,,Deepak Reddy,deepak.reddy.102@hotmail.com,9388516060,Delhi,2022-11-17,Basic,iOS Development with Swift,Mobile Development,INS009,Suresh Gupta,30,Beginner,101,852,Disengaged
CRS012,LRN0182,ENR01639,2024-03-17,2024-04-26,2024-03-31,Completed,100,2024-03-31,51.02,1,2,No,14,-26,Reena Mukherjee,reena.mukherjee.182@rediffmail.com,9770088600,Chandigarh,2022-10-09,Basic,Motion Graphics & Animation,Design,INS013,Manish Verma,20,Beginner,201,840,Disengaged
CRS016,LRN0377,ENR00231,2024-02-01,2024-02-21,,In Progress,56,2024-03-30,,1,,No,,,Mohit Mehta,mohit.mehta.377@yahoo.com,9928557498,Delhi,2023-06-28,Free,Ethical Hacking Basics,Cybersecurity,INS010,Unknown,10,Beginner,686,841,Disengaged
CRS050,LRN0042,ENR00065,2024-03-05,2024-03-15,2024-03-23,Completed,100,2024-03-23,81.39,1,2,Yes,18,8,Ravi Chauhan,ravi.chauhan.42@hotmail.com,9668893734,Ahmedabad,2022-01-30,Basic,Scala for Big Data,Data Science,INS008,Kavita Reddy,5,Beginner,181,848,Disengaged
